Account,date,daily_pnl,classification,value,win_rate,avg_trade_size,num_trades,long_short_ratio,leverage_proxy,daily_volume,profit_per_trade,Crossed,frequency_segment,consistency_segment,profitable_day,leverage_segment
0x083384f897ee0f19899168e3b1bec365f52a9012,2024-11-11,0.0,Extreme Greed,76.0,0.0,5089.718248587571,177,0.0,130.95708974784063,900880.13,0.0,0.0903954802259887,frequent,inconsistent,False,medium_leverage
0x083384f897ee0f19899168e3b1bec365f52a9012,2024-11-17,0.0,Extreme Greed,90.0,0.0,7976.664411764705,68,0.0,174.7489183538937,542413.1799999999,0.0,0.058823529411764705,frequent,inconsistent,False,medium_leverage
0x083384f897ee0f19899168e3b1bec365f52a9012,2024-11-18,0.0,Extreme Greed,83.0,0.0,23734.5,40,0.0,52.48407061533917,949380.0,0.0,0.0,frequent,inconsistent,False,medium_leverage
0x083384f897ee0f19899168e3b1bec365f52a9012,2024-11-22,-21227.0,Extreme Greed,94.0,0.0,28186.666666666668,12,0.0,44.189544345353085,338240.0,-1768.9166666666667,0.0,frequent,inconsistent,False,medium_leverage
0x083384f897ee0f19899168e3b1bec365f52a9012,2024-11-26,1603.1,Extreme Greed,79.0,0.4444444444444444,17248.14814814815,27,0.8,479.78036099079065,465700.0,59.37407407407407,0.4444444444444444,frequent,inconsistent,True,high_leverage
0x083384f897ee0f19899168e3b1bec365f52a9012,2024-11-28,-132271.0,Extreme Greed,77.0,0.0,16058.536341463414,82,0.0,41.96758359731829,1316799.98,-1613.060975609756,0.0,frequent,inconsistent,False,medium_leverage
0x083384f897ee0f19899168e3b1bec365f52a9012,2024-11-30,0.0,Extreme Greed,84.0,0.0,48561.68565217392,23,0.0,126.02524467271955,1116918.77,0.0,1.0,frequent,inconsistent,False,medium_leverage
0x083384f897ee0f19899168e3b1bec365f52a9012,2024-12-06,-175611.00005600002,Greed,72.0,0.0,36736.36242424243,33,0.0,76.99205129499222,1212299.96,-5321.545456242425,0.0,frequent,inconsistent,False,medium_leverage
0x083384f897ee0f19899168e3b1bec365f52a9012,2025-01-19,71393.964098,Extreme Greed,77.0,0.04946236559139785,11410.954021505377,465,0.31728045325779036,92.02511305842125,5306093.62,153.53540666236557,0.07956989247311828,frequent,inconsistent,True,medium_leverage
0x083384f897ee0f19899168e3b1bec365f52a9012,2025-01-20,40218.599998,Extreme Greed,76.0,0.5490196078431373,9400.588039215687,51,1.2173913043478262,1.377706972458224,479429.99,788.5999999607843,0.0,frequent,inconsistent,True,low_leverage
0x083384f897ee0f19899168e3b1bec365f52a9012,2025-02-02,76710.0,Greed,60.0,0.9,185847.0,10,9.0,93845.8717510013,1858470.0,7671.0,0.0,frequent,inconsistent,True,high_leverage
0x083384f897ee0f19899168e3b1bec365f52a9012,2025-02-03,101011.685664,Fear,44.0,0.30512514898688914,23593.019856972587,839,0.7157464212678937,909.8451144384707,19794543.66,120.39533452205006,0.1573301549463647,frequent,inconsistent,True,high_leverage
0x083384f897ee0f19899168e3b1bec365f52a9012,2025-02-04,375620.270243,Greed,72.0,0.15630885122410546,10576.687156308852,531,0.2642857142857143,51.20500615870766,5616220.88,707.3828064839925,0.09981167608286252,frequent,inconsistent,True,medium_leverage
0x083384f897ee0f19899168e3b1bec365f52a9012,2025-02-05,44400.9058,Neutral,54.0,0.37142857142857144,26585.06338095238,210,0.5909090909090909,25.425314941809066,5582863.31,211.43288476190477,0.2857142857142857,frequent,inconsistent,True,medium_leverage
0x083384f897ee0f19899168e3b1bec365f52a9012,2025-02-09,30897.0887,Neutral,46.0,0.9361702127659575,10161.056241134751,141,14.666666666666666,6.647785563235202,1432708.93,219.12828865248227,0.0,frequent,inconsistent,True,low_leverage
0x083384f897ee0f19899168e3b1bec365f52a9012,2025-02-10,55086.0,Fear,43.0,0.3333333333333333,32032.5,48,0.5,27.67204914503107,1537560.0,1147.625,0.0,frequent,inconsistent,True,medium_leverage
0x083384f897ee0f19899168e3b1bec365f52a9012,2025-02-11,0.0,Neutral,47.0,0.0,134600.00166666668,6,0.0,96.2727748098503,807600.01,0.0,0.0,frequent,inconsistent,False,medium_leverage
0x083384f897ee0f19899168e3b1bec365f52a9012,2025-02-24,10152.12224,Neutral,49.0,0.5254237288135594,27178.041694915253,59,1.1071428571428572,18.927916053577963,1603504.46,172.06986847457628,1.0,frequent,inconsistent,True,medium_leverage
0x083384f897ee0f19899168e3b1bec365f52a9012,2025-02-25,115445.395538,Fear,25.0,0.4246575342465753,13233.776894977169,219,0.7380952380952381,9.197007016381784,2898197.14,527.1479248310502,0.1461187214611872,frequent,inconsistent,True,low_leverage
0x083384f897ee0f19899168e3b1bec365f52a9012,2025-02-28,115287.0,Extreme Fear,16.0,0.01818181818181818,24958.908545454546,55,0.018518518518518517,20.707068866642665,1372739.97,2096.1272727272726,0.0,frequent,inconsistent,True,medium_leverage
0x083384f897ee0f19899168e3b1bec365f52a9012,2025-03-01,9482.221441,Extreme Fear,20.0,0.8,2985.797555555556,45,4.0,2.3236460746270335,134360.89,210.7160320222222,0.0,frequent,inconsistent,True,low_leverage
0x083384f897ee0f19899168e3b1bec365f52a9012,2025-03-03,533974.662903,Fear,33.0,0.8424336973478939,8371.136099843994,641,5.346534653465347,75.91564333731812,5365898.24,833.0337954804993,0.0,frequent,inconsistent,True,medium_leverage
0x083384f897ee0f19899168e3b1bec365f52a9012,2025-03-24,40200.0,Neutral,45.0,0.8,79640.0,5,4.0,219.53140300643673,398200.0,8040.0,0.0,frequent,inconsistent,True,medium_leverage
0x083384f897ee0f19899168e3b1bec365f52a9012,2025-04-12,307855.80341,Fear,43.0,1.0,21491.640322580646,31,0.0,125.43793238106369,666240.85,9930.832368064515,0.0,frequent,inconsistent,True,medium_leverage
0x23e7a7f8d14b550961925fbfdaa92f5d195ba5bd,2024-11-30,11715.94323,Extreme Greed,84.0,0.8363636363636363,2469.9509090909087,55,0.1702127659574468,10.048562208327564,135847.3,213.01714963636365,1.0,frequent,consistent,True,low_leverage
0x23e7a7f8d14b550961925fbfdaa92f5d195ba5bd,2024-12-01,0.0,Extreme Greed,81.0,0.0,0.06,1,0.0,0.059561625838214484,0.06,0.0,1.0,frequent,consistent,False,low_leverage
0x23e7a7f8d14b550961925fbfdaa92f5d195ba5bd,2024-12-06,0.0,Greed,72.0,0.0,1426.8700000000001,34,0.0,8.834108818408794,48513.58,0.0,1.0,frequent,consistent,False,low_leverage
0x23e7a7f8d14b550961925fbfdaa92f5d195ba5bd,2024-12-07,3515.031065,Extreme Greed,75.0,0.9615384615384616,2001.101153846154,26,0.0,0.7475535394523132,52028.630000000005,135.1935025,0.038461538461538464,frequent,consistent,True,low_leverage
0x23e7a7f8d14b550961925fbfdaa92f5d195ba5bd,2024-12-09,0.0,Extreme Greed,78.0,0.0,1131.888695652174,46,0.0,25.182786108055474,52066.88,0.0,1.0,frequent,consistent,False,medium_leverage
0x23e7a7f8d14b550961925fbfdaa92f5d195ba5bd,2024-12-10,2517.787385,Extreme Greed,78.0,0.984375,852.88625,64,0.0,0.9212401633616092,54584.72,39.340427890625,1.0,frequent,consistent,True,low_leverage
0x23e7a7f8d14b550961925fbfdaa92f5d195ba5bd,2024-12-18,1613.165903,Extreme Greed,81.0,0.2542372881355932,1913.523898305085,59,2.933333333333333,19.285805530688638,112897.91,27.341794966101695,1.0,frequent,consistent,True,medium_leverage
0x23e7a7f8d14b550961925fbfdaa92f5d195ba5bd,2024-12-19,0.0,Extreme Greed,75.0,0.0,0.11,1,0.0,0.10947301551372954,0.11,0.0,1.0,frequent,consistent,False,low_leverage
0x23e7a7f8d14b550961925fbfdaa92f5d195ba5bd,2024-12-20,1245.51851,Greed,74.0,0.6176470588235294,10051.199411764705,34,0.6190476190476191,1222.3762983187448,341740.77999999997,36.63289735294118,1.0,frequent,consistent,True,high_leverage
0x23e7a7f8d14b550961925fbfdaa92f5d195ba5bd,2025-01-13,0.0,Greed,61.0,0.0,2845.9646153846156,13,0.0,1612.627028389205,36997.54,0.0,1.0,frequent,consistent,False,high_leverage
0x23e7a7f8d14b550961925fbfdaa92f5d195ba5bd,2025-01-17,4493.232479,Extreme Greed,75.0,1.0,2440.6282352941175,17,0.0,0.022693280744404253,41490.68,264.30779288235294,1.0,frequent,consistent,True,low_leverage
0x23e7a7f8d14b550961925fbfdaa92f5d195ba5bd,2025-01-18,1047.030992,Extreme Greed,77.0,0.717948717948718,2154.3915384615384,39,0.3448275862068966,3.98684805049822,84021.26999999999,26.84694851282051,1.0,frequent,consistent,True,low_leverage
0x23e7a7f8d14b550961925fbfdaa92f5d195ba5bd,2025-01-19,4842.054317,Extreme Greed,77.0,0.6451612903225806,2194.294758064516,124,0.5308641975308642,31.381031172963887,272092.55,39.04882513709678,1.0,frequent,consistent,True,medium_leverage
0x23e7a7f8d14b550961925fbfdaa92f5d195ba5bd,2025-01-24,1693.493165,Extreme Greed,75.0,0.584070796460177,1737.369557522124,339,0.7121212121212122,50.05858445298015,588968.28,4.99555505899705,1.0,frequent,consistent,True,medium_leverage
0x23e7a7f8d14b550961925fbfdaa92f5d195ba5bd,2025-01-25,4221.156399,Extreme Greed,75.0,0.07407407407407407,2398.331666666667,54,12.5,13.672334810375439,129509.91,78.16956294444445,0.8703703703703703,frequent,consistent,True,low_leverage
0x23e7a7f8d14b550961925fbfdaa92f5d195ba5bd,2025-01-27,0.0,Greed,71.0,0.0,1519.465681818182,44,0.0,51.98902145801956,66856.49,0.0,1.0,frequent,consistent,False,medium_leverage
0x23e7a7f8d14b550961925fbfdaa92f5d195ba5bd,2025-01-28,6899.2458320000005,Greed,72.0,1.0,1317.0667857142857,56,0.0,1.8515321612546276,73755.74,123.20081842857144,1.0,frequent,consistent,True,low_leverage
0x23e7a7f8d14b550961925fbfdaa92f5d195ba5bd,2025-01-29,0.0,Greed,72.0,0.0,1602.9452173913044,46,0.0,43.93178051718635,73735.48,0.0,1.0,frequent,consistent,False,medium_leverage
0x23e7a7f8d14b550961925fbfdaa92f5d195ba5bd,2025-01-30,7372.485101,Greed,70.0,1.0,1474.6896363636365,55,0.0,1.9405526545254062,81107.93000000001,134.04518365454547,1.0,frequent,consistent,True,low_leverage
0x23e7a7f8d14b550961925fbfdaa92f5d195ba5bd,2025-02-01,1162.002541,Greed,68.0,0.32051282051282054,2094.719358974359,78,2.12,9.683173467620938,163388.11,14.897468474358975,1.0,frequent,consistent,True,low_leverage
0x23e7a7f8d14b550961925fbfdaa92f5d195ba5bd,2025-02-02,6352.452613,Greed,60.0,0.4506769825918762,2792.42166344294,517,1.0931174089068827,191.77664814448693,1443682.0,12.28714238491296,0.9361702127659575,frequent,consistent,True,medium_leverage
0x23e7a7f8d14b550961925fbfdaa92f5d195ba5bd,2025-02-11,-12346.990829,Neutral,47.0,0.0,612.1092741935485,124,0.0,0.0029355822655434734,75901.55,-99.57250668548387,1.0,frequent,consistent,False,low_leverage
0x23e7a7f8d14b550961925fbfdaa92f5d195ba5bd,2025-02-12,355.5854,Neutral,46.0,0.7987421383647799,2687.4032704402516,159,0.2421875,198.25565161785195,427297.12,2.2363861635220124,1.0,frequent,consistent,True,medium_leverage
0x23e7a7f8d14b550961925fbfdaa92f5d195ba5bd,2025-02-24,1129.8489260000001,Neutral,49.0,0.325,1641.2224999999999,160,2.076923076923077,11.69120364192555,262595.6,7.061555787500001,1.0,frequent,consistent,True,low_leverage
0x23e7a7f8d14b550961925fbfdaa92f5d195ba5bd,2025-02-25,-6820.76955,Fear,25.0,0.0,82910.81,1,0.0,20.21705801186765,82910.81,-6820.76955,1.0,frequent,consistent,False,medium_leverage
0x23e7a7f8d14b550961925fbfdaa92f5d195ba5bd,2025-02-28,0.0,Extreme Fear,16.0,0.0,1462.824423076923,52,0.0,8.618028554641851,76066.87,0.0,1.0,frequent,consistent,False,low_leverage
0x23e7a7f8d14b550961925fbfdaa92f5d195ba5bd,2025-03-03,2480.902379,Fear,33.0,0.45454545454545453,1999.099181818182,110,1.2,7.369601943601386,219900.91,22.55365799090909,1.0,frequent,consistent,True,low_leverage
0x23e7a7f8d14b550961925fbfdaa92f5d195ba5bd,2025-03-04,-3169.3554679999997,Extreme Fear,15.0,0.0,1756.5103076923076,65,5.5,69.19126089978812,114173.17,-48.759314892307685,1.0,frequent,consistent,False,medium_leverage
0x23e7a7f8d14b550961925fbfdaa92f5d195ba5bd,2025-03-07,0.0,Fear,34.0,0.0,1499.4978378378378,37,0.0,11.161542469117094,55481.42,0.0,1.0,frequent,consistent,False,low_leverage
0x23e7a7f8d14b550961925fbfdaa92f5d195ba5bd,2025-03-08,2099.019688,Fear,28.0,1.0,1225.1170212765958,47,0.0,1.5340417980447343,57580.5,44.65999336170213,1.0,frequent,consistent,True,low_leverage
0x23e7a7f8d14b550961925fbfdaa92f5d195ba5bd,2025-03-09,656.540742,Fear,27.0,0.8769230769230769,2676.518153846154,65,0.14035087719298245,927.9351832377522,173973.68,10.1006268,0.8923076923076924,frequent,consistent,True,high_leverage
0x23e7a7f8d14b550961925fbfdaa92f5d195ba5bd,2025-03-10,-1065.797583,Extreme Fear,20.0,0.9622641509433962,3326.2756603773582,53,0.019230769230769232,1117.128551033841,176292.61,-20.109388358490566,0.9811320754716981,frequent,consistent,False,high_leverage
0x23e7a7f8d14b550961925fbfdaa92f5d195ba5bd,2025-03-12,1591.753271,Fear,34.0,0.9811320754716981,2184.328113207547,53,0.019230769230769232,1071.217427111805,115769.39,30.03308058490566,0.9811320754716981,frequent,consistent,True,high_leverage
0x23e7a7f8d14b550961925fbfdaa92f5d195ba5bd,2025-03-13,-2315.377191,Neutral,45.0,0.0,4259.311481481482,27,1.7,49.70214272530108,115001.41,-85.75471077777777,0.48148148148148145,frequent,consistent,False,medium_leverage
0x23e7a7f8d14b550961925fbfdaa92f5d195ba5bd,2025-03-28,0.0,Fear,44.0,0.0,1460.115,42,0.0,12.789635352662499,61324.83,0.0,1.0,frequent,consistent,False,low_leverage
0x23e7a7f8d14b550961925fbfdaa92f5d195ba5bd,2025-03-29,-5018.466447,Fear,26.0,0.0,580.479381443299,97,0.0,0.6324864579995024,56306.5,-51.73676749484536,1.0,frequent,consistent,False,low_leverage
0x23e7a7f8d14b550961925fbfdaa92f5d195ba5bd,2025-03-31,716.143949,Fear,34.0,0.535483870967742,730.8744516129032,155,0.8674698795180723,1.9959564341920588,113285.54,4.620283541935484,0.7806451612903226,frequent,consistent,True,low_leverage
0x23e7a7f8d14b550961925fbfdaa92f5d195ba5bd,2025-04-03,0.0,Fear,25.0,0.0,54768.6,1,0.0,54570.55744427341,54768.6,0.0,0.0,frequent,consistent,False,high_leverage
0x23e7a7f8d14b550961925fbfdaa92f5d195ba5bd,2025-04-15,0.0,Fear,38.0,0.0,16.37,1,0.0,16.369999836300003,16.37,0.0,1.0,frequent,consistent,False,medium_leverage
0x23e7a7f8d14b550961925fbfdaa92f5d195ba5bd,2025-04-16,-95.985744,Fear,29.0,0.011363636363636364,780.4484090909092,88,0.0,0.8021594904782791,68679.46,-1.0907470909090908,1.0,frequent,consistent,False,low_leverage
0x23e7a7f8d14b550961925fbfdaa92f5d195ba5bd,2025-04-17,-133.41237,Fear,30.0,0.16,730.92608,125,0.9230769230769231,9.607308639108155,91365.76,-1.06729896,1.0,frequent,consistent,False,low_leverage
0x23e7a7f8d14b550961925fbfdaa92f5d195ba5bd,2025-04-18,951.934443,Fear,33.0,0.43686502177068215,766.7829027576198,689,0.8275862068965517,3.379794552807878,528313.42,1.3816174789550073,0.9956458635703919,frequent,consistent,True,low_leverage
0x23e7a7f8d14b550961925fbfdaa92f5d195ba5bd,2025-04-19,371.503,Fear,32.0,0.7226277372262774,552.0850851581508,411,0.42214532871972316,2.859030387364277,226906.97,0.9039002433090024,0.9975669099756691,frequent,consistent,True,low_leverage
0x23e7a7f8d14b550961925fbfdaa92f5d195ba5bd,2025-04-20,-1892.58947,Fear,37.0,0.4129353233830846,963.6022222222223,603,0.9705882352941176,16.089573036325266,581052.14,-3.138622669983416,1.0,frequent,consistent,False,medium_leverage
0x23e7a7f8d14b550961925fbfdaa92f5d195ba5bd,2025-04-21,3434.689308,Fear,39.0,1.0,887.6931958762888,97,0.0,0.8982647317413031,86106.24,35.40916812371134,1.0,frequent,consistent,True,low_leverage
0x23e7a7f8d14b550961925fbfdaa92f5d195ba5bd,2025-04-23,2654.14315,Greed,72.0,0.5915492957746479,2593.2515492957746,568,0.6275071633237822,149.77375788691344,1472966.88,4.672787235915493,0.11619718309859155,frequent,consistent,True,medium_leverage
0x23e7a7f8d14b550961925fbfdaa92f5d195ba5bd,2025-04-24,1867.252909,Greed,63.0,0.48970588235294116,1679.7829852941175,680,1.035928143712575,178.69508850627878,1142252.43,2.7459601602941177,0.2161764705882353,frequent,consistent,True,medium_leverage
0x23e7a7f8d14b550961925fbfdaa92f5d195ba5bd,2025-04-25,1969.39321,Greed,60.0,0.12121212121212122,3782.839757575757,330,0.9642857142857143,142.0067871934978,1248337.1199999999,5.967858212121212,0.43333333333333335,frequent,consistent,True,medium_leverage
0x23e7a7f8d14b550961925fbfdaa92f5d195ba5bd,2025-04-26,-4648.8710550000005,Greed,65.0,0.0,284.5678402366864,338,0.0,0.3699660284590755,96183.93,-13.754056375739646,0.8550295857988166,frequent,consistent,False,low_leverage
0x23e7a7f8d14b550961925fbfdaa92f5d195ba5bd,2025-04-27,0.0,Greed,61.0,0.0,1435.3307462686569,67,0.0,54.66335136480953,96167.16,0.0,0.0,frequent,consistent,False,medium_leverage
0x23e7a7f8d14b550961925fbfdaa92f5d195ba5bd,2025-04-30,5179.772745,Greed,56.0,1.0,1221.0467469879518,83,0.0,1.1662151381719827,101346.88,62.40690054216868,1.0,frequent,consistent,True,low_leverage
0x23e7a7f8d14b550961925fbfdaa92f5d195ba5bd,2025-05-01,1243.853569,Neutral,53.0,0.324,815.50576,250,2.0864197530864197,3.6358571265074207,203876.44,4.975414276,0.324,frequent,consistent,True,low_leverage
0x271b280974205ca63b716753467d5a371de622ab,2024-07-15,-1.0,Neutral,52.0,0.0,6070.2,5,0.6666666666666666,382.8938908475453,30351.0,-0.2,1.0,frequent,inconsistent,False,medium_leverage
0x271b280974205ca63b716753467d5a371de622ab,2024-11-29,1584.342755,Extreme Greed,78.0,1.0,1584.35,1,0.0,4.218745839435495,1584.35,1584.342755,1.0,frequent,inconsistent,True,low_leverage
0x271b280974205ca63b716753467d5a371de622ab,2024-12-05,208.81746,Extreme Greed,84.0,0.75,39530.9875,4,3.0,21530.17374930003,158123.95,52.204365,0.75,frequent,inconsistent,True,high_leverage
0x271b280974205ca63b716753467d5a371de622ab,2025-04-09,16706.884912,Extreme Fear,18.0,0.37641154328732745,6131.710464240904,797,0.5268199233716475,554.4458748050245,4886973.24,20.96221444416562,0.29234629861982436,frequent,inconsistent,True,high_leverage
0x271b280974205ca63b716753467d5a371de622ab,2025-04-10,13264.043303999999,Fear,39.0,0.5575221238938053,21898.95651917404,339,2.138888888888889,2321.017885108635,7423746.26,39.12697139823008,1.0,frequent,inconsistent,True,high_leverage
0x271b280974205ca63b716753467d5a371de622ab,2025-04-19,5942.547242,Fear,32.0,0.12779552715654952,8678.024504792333,313,0.14652014652014653,30.38800242389502,2716221.67,18.985773936102234,0.805111821086262,frequent,inconsistent,True,medium_leverage
0x271b280974205ca63b716753467d5a371de622ab,2025-04-20,8277.307357,Fear,37.0,0.49130938586326767,3079.8473348783314,863,0.9393258426966292,26.321771794987434,2657908.25,9.591317910776361,0.6396292004634995,frequent,inconsistent,True,medium_leverage
0x271b280974205ca63b716753467d5a371de622ab,2025-04-21,2638.012587,Fear,39.0,0.17280453257790368,1965.9329745042492,353,0.2089041095890411,10.526944880394876,693974.34,7.47312347592068,0.46458923512747874,frequent,inconsistent,True,low_leverage
0x271b280974205ca63b716753467d5a371de622ab,2025-04-22,-19037.340561,Neutral,47.0,0.0,8110.89095959596,594,0.6454293628808865,659.954894407104,4817869.23,-32.04939488383839,0.9562289562289562,frequent,inconsistent,False,high_leverage
0x271b280974205ca63b716753467d5a371de622ab,2025-04-23,-108176.9187,Greed,72.0,0.14072494669509594,20030.785479744136,469,1.0128755364806867,2106.631832116502,9394438.39,-230.6544108742004,0.652452025586354,frequent,inconsistent,False,high_leverage
0x271b280974205ca63b716753467d5a371de622ab,2025-04-24,8157.112326,Greed,63.0,0.9428571428571428,15603.565285714287,70,22.333333333333332,1236.28422840917,1092249.57,116.53017608571429,1.0,frequent,inconsistent,True,high_leverage
0x271b280974205ca63b716753467d5a371de622ab,2025-04-25,0.0,Greed,60.0,0.0,0.17,1,0.0,0.16998346485845592,0.17,0.0,1.0,frequent,inconsistent,False,low_leverage
0x28736f43f1e871e6aa8b1148d38d4994275d72c4,2024-11-16,159.100072,Extreme Greed,86.0,0.17204301075268819,373.7049462365591,93,1.1136363636363635,48.693622613748545,34754.56,1.7107534623655916,0.8387096774193549,moderate,consistent,True,medium_leverage
0x28736f43f1e871e6aa8b1148d38d4994275d72c4,2024-11-17,161.289904,Extreme Greed,90.0,0.35789473684210527,353.5228421052631,95,0.9,61.11033078602158,33584.67,1.6977884631578948,0.9157894736842105,moderate,consistent,True,medium_leverage
0x28736f43f1e871e6aa8b1148d38d4994275d72c4,2024-11-18,147.410285,Extreme Greed,83.0,0.41358024691358025,666.941975308642,162,0.7802197802197802,173.16667057584908,108044.6,0.9099400308641975,0.9691358024691358,moderate,consistent,True,medium_leverage
0x28736f43f1e871e6aa8b1148d38d4994275d72c4,2024-11-19,233.36546,Extreme Greed,90.0,0.48826291079812206,895.9638028169014,213,1.1734693877551021,114.95200123193547,190840.29,1.0956124882629108,0.9765258215962441,moderate,consistent,True,medium_leverage
0x28736f43f1e871e6aa8b1148d38d4994275d72c4,2024-11-20,-316.245208,Extreme Greed,83.0,0.3464373464373464,2149.553218673219,407,0.8584474885844748,362.59391612872815,874868.16,-0.7770152530712531,0.9557739557739557,moderate,consistent,False,medium_leverage
0x28736f43f1e871e6aa8b1148d38d4994275d72c4,2024-11-21,780.001314,Extreme Greed,82.0,0.34977578475336324,729.007130044843,446,1.0,128.25849194059757,325137.18,1.748881869955157,0.984304932735426,moderate,consistent,True,medium_leverage
0x28736f43f1e871e6aa8b1148d38d4994275d72c4,2024-11-22,141.21958999999998,Extreme Greed,94.0,0.3117782909930716,422.0099076212471,433,0.9244444444444444,31.73591329786286,182730.29,0.32614224018475746,0.976905311778291,moderate,consistent,True,medium_leverage
0x28736f43f1e871e6aa8b1148d38d4994275d72c4,2024-11-23,673.6312,Extreme Greed,93.0,0.40384615384615385,333.45923076923077,156,0.95,27.505123592071303,52019.64,4.318148717948718,0.9743589743589743,moderate,consistent,True,medium_leverage
0x28736f43f1e871e6aa8b1148d38d4994275d72c4,2024-11-24,108.321127,Extreme Greed,80.0,0.42028985507246375,200.7391304347826,69,3.6,50.92363551181901,13851.0,1.5698714057971015,0.9710144927536232,moderate,consistent,True,medium_leverage
0x28736f43f1e871e6aa8b1148d38d4994275d72c4,2024-11-25,464.281002,Extreme Greed,82.0,0.4222222222222222,324.3673333333333,225,0.8907563025210085,66.66733414860158,72982.65,2.06347112,0.9466666666666667,moderate,consistent,True,medium_leverage
0x28736f43f1e871e6aa8b1148d38d4994275d72c4,2024-11-26,-508.290641,Extreme Greed,79.0,0.35023041474654376,1012.5778341013826,217,1.4111111111111112,281.8917836788364,219729.39,-2.342353184331797,0.9447004608294931,moderate,consistent,False,medium_leverage
0x28736f43f1e871e6aa8b1148d38d4994275d72c4,2024-11-27,193.66415899999998,Extreme Greed,75.0,0.4378698224852071,1110.83224852071,169,0.69,181.7012720067712,187730.65,1.1459417692307692,0.9585798816568047,moderate,consistent,True,medium_leverage
0x28736f43f1e871e6aa8b1148d38d4994275d72c4,2024-11-28,165.532644,Extreme Greed,77.0,0.37681159420289856,946.0768115942029,207,1.2747252747252746,73.82337666393697,195837.9,0.7996746086956522,0.966183574879227,moderate,consistent,True,medium_leverage
0x28736f43f1e871e6aa8b1148d38d4994275d72c4,2024-11-29,9551.73423,Extreme Greed,78.0,0.44660194174757284,388.948786407767,206,0.7310924369747899,56.48005563731086,80123.45,46.36764189320388,0.7815533980582524,moderate,consistent,True,medium_leverage
0x28736f43f1e871e6aa8b1148d38d4994275d72c4,2024-11-30,5590.528248,Extreme Greed,84.0,0.461038961038961,315.52253246753247,154,0.6382978723404256,36.00246486105648,48590.47,36.30213148051948,0.922077922077922,moderate,consistent,True,medium_leverage
0x28736f43f1e871e6aa8b1148d38d4994275d72c4,2024-12-01,4458.25495,Extreme Greed,81.0,0.5025906735751295,247.12725388601035,193,0.5196850393700787,33.33233722569293,47695.56,23.099766580310877,0.9430051813471503,moderate,consistent,True,medium_leverage
0x28736f43f1e871e6aa8b1148d38d4994275d72c4,2024-12-02,1283.846047,Extreme Greed,80.0,0.5214285714285715,140.36935714285713,140,1.0,40.481033850954084,19651.71,9.170328907142856,0.95,moderate,consistent,True,medium_leverage
0x28736f43f1e871e6aa8b1148d38d4994275d72c4,2024-12-03,1190.358719,Extreme Greed,76.0,0.47435897435897434,92.37217948717948,78,0.56,15.77896544350593,7205.03,15.261009217948718,0.9743589743589743,moderate,consistent,True,medium_leverage
0x28736f43f1e871e6aa8b1148d38d4994275d72c4,2024-12-04,9066.169646,Extreme Greed,78.0,0.5357142857142857,165.78285714285715,112,0.36585365853658536,6.295280868598815,18567.68,80.94794326785714,0.9553571428571429,moderate,consistent,True,low_leverage
0x28736f43f1e871e6aa8b1148d38d4994275d72c4,2024-12-05,14685.787664,Extreme Greed,84.0,0.4897959183673469,259.2459183673469,98,0.5076923076923077,11.606861729054302,25406.1,149.8549761632653,0.9489795918367347,moderate,consistent,True,low_leverage
0x28736f43f1e871e6aa8b1148d38d4994275d72c4,2024-12-06,389.176232,Greed,72.0,0.2318840579710145,129.80536231884057,69,0.6428571428571429,26.176153830551247,8956.57,5.640235246376812,0.9565217391304348,moderate,consistent,True,medium_leverage
0x28736f43f1e871e6aa8b1148d38d4994275d72c4,2024-12-07,4008.012049,Extreme Greed,75.0,0.4186046511627907,159.67825581395348,86,0.30303030303030304,1.7018726892073852,13732.33,46.60479126744186,0.8488372093023255,moderate,consistent,True,low_leverage
0x28736f43f1e871e6aa8b1148d38d4994275d72c4,2024-12-08,554.009942,Extreme Greed,79.0,0.4215686274509804,77.67176470588235,102,0.43661971830985913,5.809488081926248,7922.52,5.431470019607843,1.0,moderate,consistent,True,low_leverage
0x28736f43f1e871e6aa8b1148d38d4994275d72c4,2024-12-09,768.430838,Extreme Greed,78.0,0.5915492957746479,88.1318309859155,213,3.840909090909091,1.1474016232930626,18772.08,3.6076565164319248,0.9812206572769953,moderate,consistent,True,low_leverage
0x28736f43f1e871e6aa8b1148d38d4994275d72c4,2024-12-10,980.557461,Extreme Greed,78.0,0.6751592356687898,119.62222929936306,157,2.925,7.052458884635019,18780.69,6.245588923566879,0.9808917197452229,moderate,consistent,True,low_leverage
0x28736f43f1e871e6aa8b1148d38d4994275d72c4,2024-12-11,1582.001112,Greed,74.0,0.34408602150537637,124.41204301075268,93,0.2077922077922078,67.14217075731037,11570.32,17.010764645161288,1.0,moderate,consistent,True,medium_leverage
0x28736f43f1e871e6aa8b1148d38d4994275d72c4,2024-12-12,5806.86932,Extreme Greed,83.0,0.5578231292517006,150.14530612244897,147,0.23529411764705882,31.336994318190097,22071.36,39.50251238095238,0.9319727891156463,moderate,consistent,True,medium_leverage
0x28736f43f1e871e6aa8b1148d38d4994275d72c4,2024-12-13,1522.284412,Extreme Greed,76.0,0.45806451612903226,88.59193548387097,155,1.1527777777777777,4.745229321087771,13731.75,9.82118975483871,0.9806451612903225,moderate,consistent,True,low_leverage
0x28736f43f1e871e6aa8b1148d38d4994275d72c4,2024-12-14,13281.73126,Extreme Greed,83.0,0.7727272727272727,187.5361038961039,154,0.41284403669724773,7.662810827831188,28880.56,86.24500818181818,0.9545454545454546,moderate,consistent,True,low_leverage
0x28736f43f1e871e6aa8b1148d38d4994275d72c4,2024-12-15,5389.96219,Extreme Greed,80.0,0.49635036496350365,125.00722627737227,137,0.8026315789473685,11.721663290456439,17125.99,39.3427897080292,0.9781021897810219,moderate,consistent,True,low_leverage
0x28736f43f1e871e6aa8b1148d38d4994275d72c4,2024-12-16,13190.248859,Extreme Greed,83.0,0.6695652173913044,131.2383043478261,230,0.5862068965517241,3.6949718087001537,30184.81,57.348908082608695,0.9521739130434783,moderate,consistent,True,low_leverage
0x28736f43f1e871e6aa8b1148d38d4994275d72c4,2024-12-17,4454.939378,Extreme Greed,87.0,0.430939226519337,112.67668508287292,181,1.180722891566265,4.374826565676013,20394.48,24.612924740331493,0.9558011049723757,moderate,consistent,True,low_leverage
0x28736f43f1e871e6aa8b1148d38d4994275d72c4,2024-12-18,3624.489655,Extreme Greed,81.0,0.418848167539267,124.92068062827224,191,1.146067415730337,3.0732070018504865,23859.85,18.97638562827225,0.9581151832460733,moderate,consistent,True,low_leverage
0x28736f43f1e871e6aa8b1148d38d4994275d72c4,2024-12-19,1525.329937,Extreme Greed,75.0,0.39215686274509803,197.00485294117647,204,3.533333333333333,75.15685375175784,40188.99,7.477107534313725,0.9950980392156863,moderate,consistent,True,medium_leverage
0x28736f43f1e871e6aa8b1148d38d4994275d72c4,2024-12-20,7812.716373,Greed,74.0,0.5721649484536082,289.6046907216495,194,0.49230769230769234,96.52600157428911,56183.31,40.2717338814433,0.9845360824742269,moderate,consistent,True,medium_leverage
0x28736f43f1e871e6aa8b1148d38d4994275d72c4,2024-12-21,7465.899936,Greed,73.0,0.5046728971962616,215.33785046728974,107,0.32098765432098764,15.133313394760256,23041.15,69.77476575700935,0.9906542056074766,moderate,consistent,True,medium_leverage
0x28736f43f1e871e6aa8b1148d38d4994275d72c4,2024-12-22,1174.025529,Greed,73.0,0.5189873417721519,174.83481012658228,79,1.3235294117647058,48.136969860049476,13811.95,14.86108264556962,0.9873417721518988,moderate,consistent,True,medium_leverage
0x28736f43f1e871e6aa8b1148d38d4994275d72c4,2024-12-23,122.889996,Greed,70.0,0.30526315789473685,212.30473684210526,95,9.555555555555555,98.9383273039151,20168.95,1.2935789052631579,0.9894736842105263,moderate,consistent,True,medium_leverage
0x28736f43f1e871e6aa8b1148d38d4994275d72c4,2024-12-24,1555.956456,Greed,73.0,0.3125,282.42354166666667,48,0.23076923076923078,89.97206897479874,13556.33,32.4157595,0.9166666666666666,moderate,consistent,True,medium_leverage
0x28736f43f1e871e6aa8b1148d38d4994275d72c4,2024-12-25,1530.919365,Greed,73.0,0.45454545454545453,284.1157575757576,66,0.2222222222222222,57.282350376640835,18751.64,23.195747954545453,1.0,moderate,consistent,True,medium_leverage
0x28736f43f1e871e6aa8b1148d38d4994275d72c4,2024-12-26,101.860928,Extreme Greed,79.0,0.3333333333333333,223.8904761904762,84,6.0,117.65251004549494,18806.8,1.2126300952380953,1.0,moderate,consistent,True,medium_leverage
0x28736f43f1e871e6aa8b1148d38d4994275d72c4,2024-12-27,388.366016,Greed,74.0,0.3561643835616438,221.81794520547948,73,1.2121212121212122,123.78632100316618,16192.710000000001,5.320082410958904,1.0,moderate,consistent,True,medium_leverage
0x28736f43f1e871e6aa8b1148d38d4994275d72c4,2024-12-28,506.512551,Greed,72.0,0.36507936507936506,166.3415873015873,63,1.25,18.235727958135133,10479.52,8.039881761904761,1.0,moderate,consistent,True,medium_leverage
0x28736f43f1e871e6aa8b1148d38d4994275d72c4,2024-12-29,115.51218300000001,Greed,73.0,0.5,140.99176470588236,34,0.25925925925925924,15.152170014819035,4793.72,3.3974171470588237,1.0,moderate,consistent,True,medium_leverage
0x28736f43f1e871e6aa8b1148d38d4994275d72c4,2024-12-30,255.808312,Greed,65.0,0.336,455.63544,125,6.8125,227.95015321157055,56954.43,2.046466496,1.0,moderate,consistent,True,medium_leverage
0x28736f43f1e871e6aa8b1148d38d4994275d72c4,2024-12-31,496.221792,Greed,64.0,0.29906542056074764,1121.107570093458,107,1.14,950.3249571445571,119958.51,4.637586841121495,0.9626168224299065,moderate,consistent,True,high_leverage
0x28736f43f1e871e6aa8b1148d38d4994275d72c4,2025-01-01,109.82694000000001,Greed,66.0,0.3559322033898305,263.3476271186441,59,2.933333333333333,103.7474271031043,15537.51,1.861473559322034,1.0,moderate,consistent,True,medium_leverage
0x28736f43f1e871e6aa8b1148d38d4994275d72c4,2025-01-02,416.546688,Greed,70.0,0.45544554455445546,217.69336633663366,101,0.32894736842105265,113.59121420208321,21987.03,4.124224633663366,0.9900990099009901,moderate,consistent,True,medium_leverage
0x28736f43f1e871e6aa8b1148d38d4994275d72c4,2025-01-03,250.581483,Greed,74.0,0.5217391304347826,217.15115942028987,69,0.9714285714285714,53.49793272730685,14983.43,3.6316156956521737,1.0,moderate,consistent,True,medium_leverage
0x28736f43f1e871e6aa8b1148d38d4994275d72c4,2025-01-04,232.66549799999999,Greed,73.0,0.49382716049382713,156.68296296296296,81,0.6530612244897959,61.220406958359916,12691.32,2.872413555555555,1.0,moderate,consistent,True,medium_leverage
0x28736f43f1e871e6aa8b1148d38d4994275d72c4,2025-01-05,87.752181,Greed,72.0,0.5365853658536586,101.1840243902439,82,0.9069767441860465,11.467044290626452,8297.09,1.0701485487804878,1.0,moderate,consistent,True,low_leverage
0x28736f43f1e871e6aa8b1148d38d4994275d72c4,2025-01-06,114.68421000000001,Extreme Greed,76.0,0.2625,82.075375,80,0.2903225806451613,1.8070048599025583,6566.03,1.4335526250000001,0.9875,moderate,consistent,True,low_leverage
0x28736f43f1e871e6aa8b1148d38d4994275d72c4,2025-01-07,267.846227,Extreme Greed,78.0,0.6990291262135923,103.70087378640777,103,5.4375,4.248307944833979,10681.19,2.6004488058252426,1.0,moderate,consistent,True,low_leverage
0x28736f43f1e871e6aa8b1148d38d4994275d72c4,2025-01-08,651.469355,Greed,70.0,0.5704697986577181,489.99302013422823,149,2.9210526315789473,180.68250969515861,73008.96,4.37227755033557,1.0,moderate,consistent,True,medium_leverage
0x28736f43f1e871e6aa8b1148d38d4994275d72c4,2025-01-09,571.688942,Greed,69.0,0.47572815533980584,728.4078640776698,103,1.641025641025641,423.72232491821984,75026.01,5.550378077669903,1.0,moderate,consistent,True,high_leverage
0x28736f43f1e871e6aa8b1148d38d4994275d72c4,2025-01-10,401.706348,Neutral,50.0,0.44047619047619047,522.1204761904762,84,0.68,351.21757265460946,43858.12,4.782218428571428,0.9404761904761905,moderate,consistent,True,medium_leverage
0x28736f43f1e871e6aa8b1148d38d4994275d72c4,2025-01-11,157.228232,Greed,69.0,0.43243243243243246,484.2756756756757,37,0.9473684210526315,276.8283248527922,17918.2,4.249411675675676,1.0,moderate,consistent,True,medium_leverage
0x28736f43f1e871e6aa8b1148d38d4994275d72c4,2025-01-12,274.773033,Greed,62.0,0.6190476190476191,446.3861904761905,63,0.8529411764705882,191.27682955545026,28122.33,4.361476714285714,1.0,moderate,consistent,True,medium_leverage
0x28736f43f1e871e6aa8b1148d38d4994275d72c4,2025-01-13,53.846609,Greed,61.0,0.3114754098360656,561.3780327868852,61,4.083333333333333,289.86815868817797,34244.06,0.8827312950819672,0.9672131147540983,moderate,consistent,True,medium_leverage
0x28736f43f1e871e6aa8b1148d38d4994275d72c4,2025-01-14,894.564828,Greed,63.0,0.8095238095238095,995.6730952380951,42,0.10526315789473684,676.7471696824132,41818.27,21.29916257142857,0.9523809523809523,moderate,consistent,True,high_leverage
0x28736f43f1e871e6aa8b1148d38d4994275d72c4,2025-01-15,55.137803,Greed,70.0,0.42105263157894735,240.01052631578946,19,1.1111111111111112,96.91102134787464,4560.2,2.9019896315789473,0.9473684210526315,moderate,consistent,True,medium_leverage
0x28736f43f1e871e6aa8b1148d38d4994275d72c4,2025-01-16,238.995461,Extreme Greed,75.0,0.3218390804597701,136.35540229885058,87,0.38095238095238093,35.96552344637799,11862.92,2.747074264367816,0.9885057471264368,moderate,consistent,True,medium_leverage
0x28736f43f1e871e6aa8b1148d38d4994275d72c4,2025-01-17,168.92152,Extreme Greed,75.0,0.5,118.53914285714285,70,1.121212121212121,15.265554273191576,8297.74,2.413164571428571,0.9285714285714286,moderate,consistent,True,medium_leverage
0x28736f43f1e871e6aa8b1148d38d4994275d72c4,2025-01-18,594.135892,Extreme Greed,77.0,0.40540540540540543,195.20691119691122,259,0.9770992366412213,13.91543342511272,50558.590000000004,2.293960972972973,0.9459459459459459,moderate,consistent,True,low_leverage
0x28736f43f1e871e6aa8b1148d38d4994275d72c4,2025-01-19,102.504343,Extreme Greed,77.0,0.42934782608695654,155.71684782608696,184,0.4603174603174603,14.362462791591463,28651.9,0.5570888206521739,0.9456521739130435,moderate,consistent,True,low_leverage
0x28736f43f1e871e6aa8b1148d38d4994275d72c4,2025-01-20,608.885905,Extreme Greed,76.0,0.40828402366863903,169.7668047337278,169,2.1296296296296298,15.312545042086482,28690.59,3.6028751775147927,0.9349112426035503,moderate,consistent,True,medium_leverage
0x28736f43f1e871e6aa8b1148d38d4994275d72c4,2025-01-21,428.3738,Extreme Greed,76.0,0.48936170212765956,262.3486170212766,94,1.0434782608695652,114.87367116945029,24660.77,4.557168085106383,0.9361702127659575,moderate,consistent,True,medium_leverage
0x28736f43f1e871e6aa8b1148d38d4994275d72c4,2025-01-22,589.467131,Extreme Greed,84.0,0.45535714285714285,120.82616071428572,112,1.0363636363636364,11.235088560683161,13532.53,5.263099383928571,0.9910714285714286,moderate,consistent,True,low_leverage
0x28736f43f1e871e6aa8b1148d38d4994275d72c4,2025-01-23,229.609892,Extreme Greed,75.0,0.4672131147540984,128.88065573770493,122,2.8125,13.351725575905077,15723.44,1.8820482950819672,0.9836065573770492,moderate,consistent,True,low_leverage
0x28736f43f1e871e6aa8b1148d38d4994275d72c4,2025-01-24,347.22838,Extreme Greed,75.0,0.5,145.0465,120,0.9672131147540983,11.19764104330167,17405.58,2.8935698333333333,0.9666666666666667,moderate,consistent,True,low_leverage
0x28736f43f1e871e6aa8b1148d38d4994275d72c4,2025-01-25,124.70498799999999,Extreme Greed,75.0,0.3983050847457627,241.47220338983053,118,1.6222222222222222,23.933126993630655,28493.72,1.0568219322033896,1.0,moderate,consistent,True,medium_leverage
0x28736f43f1e871e6aa8b1148d38d4994275d72c4,2025-01-26,273.211119,Greed,73.0,0.4528301886792453,334.20924528301884,106,1.163265306122449,44.94021140023767,35426.18,2.577463386792453,0.9339622641509434,moderate,consistent,True,medium_leverage
0x28736f43f1e871e6aa8b1148d38d4994275d72c4,2025-01-27,838.930696,Greed,71.0,0.4253731343283582,1223.7995522388057,268,1.3508771929824561,556.5236238014131,327978.27999999997,3.1303384179104476,0.9738805970149254,moderate,consistent,True,high_leverage
0x28736f43f1e871e6aa8b1148d38d4994275d72c4,2025-01-28,1019.55769,Greed,72.0,0.4966887417218543,624.2161589403973,151,0.8641975308641975,262.7174204303072,94256.64,6.752037682119205,0.9337748344370861,moderate,consistent,True,medium_leverage
0x28736f43f1e871e6aa8b1148d38d4994275d72c4,2025-01-29,152.618804,Greed,72.0,0.5,340.8880952380952,42,1.1,30.733508622016302,14317.3,3.6337810476190477,0.9761904761904762,moderate,consistent,True,medium_leverage
0x28736f43f1e871e6aa8b1148d38d4994275d72c4,2025-01-30,1234.2072,Greed,70.0,0.6395348837209303,394.06465116279065,86,0.4098360655737705,89.1958312887062,33889.56,14.351246511627908,0.9767441860465116,moderate,consistent,True,medium_leverage
0x28736f43f1e871e6aa8b1148d38d4994275d72c4,2025-01-31,755.916254,Extreme Greed,76.0,0.7755102040816326,374.2630612244898,49,0.2894736842105263,101.6896629342933,18338.89,15.426862326530612,1.0,moderate,consistent,True,medium_leverage
0x28736f43f1e871e6aa8b1148d38d4994275d72c4,2025-02-01,3.536668000000001,Greed,68.0,0.4117647058823529,1057.5154901960784,51,1.4285714285714286,760.08045129178,53933.29,0.06934643137254903,1.0,moderate,consistent,True,high_leverage
0x28736f43f1e871e6aa8b1148d38d4994275d72c4,2025-02-02,-1416.906536,Greed,60.0,0.054945054945054944,1328.6620879120878,91,7.2727272727272725,636.0629709396962,120908.25,-15.570401494505495,0.8901098901098901,moderate,consistent,False,high_leverage
0x28736f43f1e871e6aa8b1148d38d4994275d72c4,2025-02-03,439.634046,Fear,44.0,0.6,1251.5914666666667,75,0.5625,518.0394500593565,93869.36,5.861787280000001,0.49333333333333335,moderate,consistent,True,high_leverage
0x28736f43f1e871e6aa8b1148d38d4994275d72c4,2025-02-04,1291.500575,Greed,72.0,0.3541666666666667,1139.6597916666667,48,1.8235294117647058,534.0585766326996,54703.67,26.90626197916667,0.6666666666666666,moderate,consistent,True,high_leverage
0x28736f43f1e871e6aa8b1148d38d4994275d72c4,2025-02-05,696.8107239999999,Neutral,54.0,0.4457831325301205,912.4063855421687,83,1.1842105263157894,504.7663142668405,75729.73,8.395309927710843,0.7831325301204819,moderate,consistent,True,high_leverage
0x28736f43f1e871e6aa8b1148d38d4994275d72c4,2025-02-06,358.877096,Neutral,49.0,0.37777777777777777,1453.7044444444446,45,1.6470588235294117,969.2233748174239,65416.700000000004,7.9750465777777775,0.8666666666666667,moderate,consistent,True,high_leverage
0x28736f43f1e871e6aa8b1148d38d4994275d72c4,2025-02-07,932.4458159999999,Fear,44.0,0.6666666666666666,596.832037037037,54,0.5,256.9560001925451,32228.93,17.26751511111111,0.9074074074074074,moderate,consistent,True,medium_leverage
0x28736f43f1e871e6aa8b1148d38d4994275d72c4,2025-02-08,0.0,Fear,44.0,0.0,630.2528125,32,0.0,233.95222189097467,20168.09,0.0,0.78125,moderate,consistent,False,medium_leverage
0x28736f43f1e871e6aa8b1148d38d4994275d72c4,2025-02-09,31.14195,Neutral,46.0,0.6470588235294118,685.0323529411764,17,0.5454545454545454,436.7662117670307,11645.55,1.831879411764706,1.0,moderate,consistent,True,high_leverage
0x28736f43f1e871e6aa8b1148d38d4994275d72c4,2025-02-10,436.833818,Fear,43.0,0.6744186046511628,1075.9925581395348,43,0.4827586206896552,617.1561094591893,46267.68,10.158926000000001,0.7906976744186046,moderate,consistent,True,high_leverage
0x28736f43f1e871e6aa8b1148d38d4994275d72c4,2025-02-11,593.326371,Neutral,47.0,0.4634146341463415,984.2039024390244,41,1.1578947368421053,603.2120019552008,40352.36,14.471374902439024,0.7804878048780488,moderate,consistent,True,high_leverage
0x28736f43f1e871e6aa8b1148d38d4994275d72c4,2025-02-12,198.780392,Neutral,46.0,0.4576271186440678,717.646779661017,59,0.9032258064516129,322.4780965164023,42341.16,3.3691591864406782,0.8813559322033898,moderate,consistent,True,medium_leverage
0x28736f43f1e871e6aa8b1148d38d4994275d72c4,2025-02-13,287.27875,Neutral,50.0,0.5,647.7471428571429,42,1.8,284.62107656088756,27205.38,6.839970238095238,0.8095238095238095,moderate,consistent,True,medium_leverage
0x28736f43f1e871e6aa8b1148d38d4994275d72c4,2025-02-14,404.813032,Neutral,48.0,0.7872340425531915,536.6263829787234,47,0.11904761904761904,290.32115338412336,25221.44,8.613043234042554,0.9148936170212766,moderate,consistent,True,medium_leverage
0x28736f43f1e871e6aa8b1148d38d4994275d72c4,2025-02-15,64.653448,Neutral,50.0,0.8888888888888888,257.83222222222224,9,0.2857142857142857,163.01854935084205,2320.4900000000002,7.183716444444444,1.0,moderate,consistent,True,medium_leverage
0x28736f43f1e871e6aa8b1148d38d4994275d72c4,2025-02-16,59.664989,Neutral,54.0,0.36363636363636365,503.33272727272725,11,1.2,260.97789000869966,5536.66,5.424089909090909,1.0,moderate,consistent,True,medium_leverage
0x28736f43f1e871e6aa8b1148d38d4994275d72c4,2025-02-17,115.824682,Neutral,51.0,0.6428571428571429,466.69214285714287,28,1.5454545454545454,238.73401916511884,13067.380000000001,4.136595785714285,0.9285714285714286,moderate,consistent,True,medium_leverage
0x28736f43f1e871e6aa8b1148d38d4994275d72c4,2025-02-18,45.659497,Neutral,47.0,0.19444444444444445,404.88444444444445,36,11.0,132.9787962690449,14575.84,1.2683193611111112,0.9722222222222222,moderate,consistent,True,medium_leverage
0x28736f43f1e871e6aa8b1148d38d4994275d72c4,2025-02-19,20.62415,Fear,44.0,0.3181818181818182,508.5995454545455,22,1.75,318.614528386145,11189.19,0.9374613636363637,1.0,moderate,consistent,True,medium_leverage
0x28736f43f1e871e6aa8b1148d38d4994275d72c4,2025-02-20,278.142839,Neutral,49.0,0.49056603773584906,429.3352830188679,53,0.8928571428571429,238.42808144033384,22754.77,5.247978094339622,0.9811320754716981,moderate,consistent,True,medium_leverage
0x28736f43f1e871e6aa8b1148d38d4994275d72c4,2025-02-21,591.659533,Greed,55.0,0.6559139784946236,320.8220430107527,93,0.576271186440678,73.52350565974045,29836.45,6.361930462365591,0.9032258064516129,moderate,consistent,True,medium_leverage
0x28736f43f1e871e6aa8b1148d38d4994275d72c4,2025-02-22,408.03639799999996,Neutral,49.0,0.29310344827586204,523.8093103448275,58,1.4166666666666667,299.30931504490644,30380.94,7.035110310344827,0.9655172413793104,moderate,consistent,True,medium_leverage
0x28736f43f1e871e6aa8b1148d38d4994275d72c4,2025-02-23,39.91436,Neutral,50.0,0.375,550.5720833333334,24,0.7142857142857143,312.2945188479934,13213.73,1.6630983333333333,1.0,moderate,consistent,True,medium_leverage
0x28736f43f1e871e6aa8b1148d38d4994275d72c4,2025-02-24,180.244855,Neutral,49.0,0.4426229508196721,282.4104918032787,61,14.25,114.06296715765828,17227.04,2.95483368852459,0.9672131147540983,moderate,consistent,True,medium_leverage
0x28736f43f1e871e6aa8b1148d38d4994275d72c4,2025-02-25,168.27053,Fear,25.0,0.2653061224489796,883.3975510204082,49,5.125,468.4616539730133,43286.48,3.434092448979592,0.8775510204081632,moderate,consistent,True,high_leverage
0x28736f43f1e871e6aa8b1148d38d4994275d72c4,2025-02-26,64.59776,Extreme Fear,21.0,0.38235294117647056,242.27088235294116,34,2.7777777777777777,81.80150099949815,8237.21,1.8999341176470586,0.9411764705882353,moderate,consistent,True,medium_leverage
0x28736f43f1e871e6aa8b1148d38d4994275d72c4,2025-02-27,71.919819,Extreme Fear,10.0,0.43333333333333335,765.107,30,1.5,402.6164067075635,22953.21,2.3973273,0.8333333333333334,moderate,consistent,True,medium_leverage
0x28736f43f1e871e6aa8b1148d38d4994275d72c4,2025-02-28,-3425.450348,Extreme Fear,16.0,0.32098765432098764,1611.6066666666666,81,1.793103448275862,556.8339773596614,130540.14,-42.2895104691358,0.9382716049382716,moderate,consistent,False,high_leverage
0x28736f43f1e871e6aa8b1148d38d4994275d72c4,2025-03-01,557.9358,Extreme Fear,20.0,0.3783783783783784,840.2127027027027,37,0.9473684210526315,14.353668969105385,31087.87,15.079345945945946,0.9459459459459459,moderate,consistent,True,low_leverage
0x28736f43f1e871e6aa8b1148d38d4994275d72c4,2025-03-02,8330.21747,Fear,26.0,0.7671232876712328,1432.3072602739728,73,0.32727272727272727,411.13055383349035,104558.43000000001,114.11256808219177,0.9315068493150684,moderate,consistent,True,medium_leverage
0x28736f43f1e871e6aa8b1148d38d4994275d72c4,2025-03-03,494.669357,Fear,33.0,0.3620689655172414,536.928448275862,58,4.8,56.81853072471782,31141.85,8.52878201724138,0.9482758620689655,moderate,consistent,True,medium_leverage
0x28736f43f1e871e6aa8b1148d38d4994275d72c4,2025-03-04,163.73415,Extreme Fear,15.0,0.3023255813953488,1091.9493023255814,43,42.0,86.97825634315055,46953.82,3.807770930232558,0.9069767441860465,moderate,consistent,True,medium_leverage
0x28736f43f1e871e6aa8b1148d38d4994275d72c4,2025-03-05,437.35445200000004,Extreme Fear,20.0,0.7692307692307693,1109.076923076923,26,0.5294117647058824,81.75904896982534,28836.0,16.821325076923078,0.9615384615384616,moderate,consistent,True,medium_leverage
0x28736f43f1e871e6aa8b1148d38d4994275d72c4,2025-03-06,291.46926,Fear,25.0,0.6190476190476191,856.63,21,0.9090909090909091,190.0235494736821,17989.23,13.879488571428572,0.9523809523809523,moderate,consistent,True,medium_leverage
0x28736f43f1e871e6aa8b1148d38d4994275d72c4,2025-03-07,411.824274,Fear,34.0,0.375,748.432,40,1.8571428571428572,96.11612436166243,29937.28,10.29560685,1.0,moderate,consistent,True,medium_leverage
0x28736f43f1e871e6aa8b1148d38d4994275d72c4,2025-03-08,173.811132,Fear,28.0,0.4,698.2522857142857,35,1.9166666666666667,70.86282348357905,24438.829999999998,4.966032342857143,0.7714285714285715,moderate,consistent,True,medium_leverage
0x28736f43f1e871e6aa8b1148d38d4994275d72c4,2025-03-09,140.953497,Fear,27.0,0.16666666666666666,1118.493611111111,36,6.2,119.75614916666791,40265.77,3.9153749166666665,0.2777777777777778,moderate,consistent,True,medium_leverage
0x28736f43f1e871e6aa8b1148d38d4994275d72c4,2025-03-10,-4026.754395,Extreme Fear,20.0,0.0967741935483871,838.0596774193548,31,0.9375,55.62655332418497,25979.85,-129.89530306451613,1.0,moderate,consistent,False,medium_leverage
0x28736f43f1e871e6aa8b1148d38d4994275d72c4,2025-03-11,0.0,Extreme Fear,24.0,0.0,538.44125,24,0.0,117.03662872540683,12922.59,0.0,0.7083333333333334,moderate,consistent,False,medium_leverage
0x28736f43f1e871e6aa8b1148d38d4994275d72c4,2025-03-12,33.01095,Fear,34.0,0.4444444444444444,851.8611111111111,9,1.25,144.35599391166878,7666.75,3.6678833333333336,0.7777777777777778,moderate,consistent,True,medium_leverage
0x28736f43f1e871e6aa8b1148d38d4994275d72c4,2025-03-13,465.046501,Neutral,45.0,0.5454545454545454,881.3063636363636,22,0.6923076923076923,106.80629418408502,19388.739999999998,21.138477318181817,0.7272727272727273,moderate,consistent,True,medium_leverage
0x28736f43f1e871e6aa8b1148d38d4994275d72c4,2025-03-14,0.0,Fear,27.0,0.0,262.4975,4,3.0,0.25275074975595946,1049.99,0.0,1.0,moderate,consistent,False,low_leverage
0x28736f43f1e871e6aa8b1148d38d4994275d72c4,2025-03-16,106.912886,Fear,30.0,0.6666666666666666,618.9422222222222,27,0.5,70.21515874327537,16711.44,3.9597365185185187,0.4444444444444444,moderate,consistent,True,medium_leverage
0x28736f43f1e871e6aa8b1148d38d4994275d72c4,2025-03-17,0.0,Fear,32.0,0.0,653.5999999999999,2,0.0,2.328424173436895,1307.1999999999998,0.0,1.0,moderate,consistent,False,low_leverage
0x28736f43f1e871e6aa8b1148d38d4994275d72c4,2025-03-18,40.9165,Fear,34.0,0.4666666666666667,703.816,15,4.0,200.31123669977208,10557.24,2.7277666666666667,1.0,moderate,consistent,True,medium_leverage
0x28736f43f1e871e6aa8b1148d38d4994275d72c4,2025-03-19,54.9718,Fear,32.0,0.9090909090909091,539.8872727272727,33,0.1,50.51499326399666,17816.28,1.6658121212121213,0.24242424242424243,moderate,consistent,True,medium_leverage
0x28736f43f1e871e6aa8b1148d38d4994275d72c4,2025-03-20,144.656157,Neutral,49.0,0.5,1620.353,20,0.42857142857142855,129.8808388568885,32407.06,7.23280785,0.7,moderate,consistent,True,medium_leverage
0x28736f43f1e871e6aa8b1148d38d4994275d72c4,2025-03-21,0.5844,Fear,31.0,0.08333333333333333,187.86083333333332,12,5.0,24.13090205887465,2254.33,0.0487,1.0,moderate,consistent,True,medium_leverage
0x28736f43f1e871e6aa8b1148d38d4994275d72c4,2025-03-22,132.087931,Fear,32.0,0.5294117647058824,559.405294117647,17,0.5454545454545454,104.21100435106418,9509.89,7.769878294117647,0.8235294117647058,moderate,consistent,True,medium_leverage
0x28736f43f1e871e6aa8b1148d38d4994275d72c4,2025-03-23,79.086899,Fear,30.0,0.9285714285714286,840.6328571428572,14,0.07692307692307693,12.244522090381148,11768.86,5.649064214285715,0.9285714285714286,moderate,consistent,True,low_leverage
0x28736f43f1e871e6aa8b1148d38d4994275d72c4,2025-03-24,808.135252,Neutral,45.0,0.6888888888888889,1334.7422222222222,45,0.3235294117647059,273.7600275118428,60063.4,17.958561155555557,0.9555555555555556,moderate,consistent,True,medium_leverage
0x28736f43f1e871e6aa8b1148d38d4994275d72c4,2025-03-25,417.38885700000003,Neutral,46.0,0.36363636363636365,530.670303030303,33,1.5384615384615385,85.5823918556195,17512.12,12.648147181818183,0.9393939393939394,moderate,consistent,True,medium_leverage
0x28736f43f1e871e6aa8b1148d38d4994275d72c4,2025-03-26,379.04079,Neutral,47.0,0.45714285714285713,637.0742857142857,35,0.9444444444444444,14.391404232117063,22297.6,10.829736857142857,0.9428571428571428,moderate,consistent,True,low_leverage
0x28736f43f1e871e6aa8b1148d38d4994275d72c4,2025-03-27,-133.035992,Fear,40.0,0.15789473684210525,1857.9734210526317,38,3.2222222222222223,517.1529666314295,70602.99,-3.500947157894737,0.868421052631579,moderate,consistent,False,high_leverage
0x28736f43f1e871e6aa8b1148d38d4994275d72c4,2025-03-28,-21.766132,Fear,44.0,0.024390243902439025,876.1812195121952,41,9.25,40.980790322469005,35923.43,-0.5308812682926829,0.7804878048780488,moderate,consistent,False,medium_leverage
0x28736f43f1e871e6aa8b1148d38d4994275d72c4,2025-03-29,28.499012000000004,Fear,26.0,0.3333333333333333,468.65066666666667,15,0.0,20.87252544300303,7029.76,1.8999341333333335,1.0,moderate,consistent,True,medium_leverage
0x28736f43f1e871e6aa8b1148d38d4994275d72c4,2025-03-30,-743.288757,Fear,32.0,0.022727272727272728,726.7522727272727,44,2.3846153846153846,49.24094364145346,31977.1,-16.892926295454547,0.9318181818181818,moderate,consistent,False,medium_leverage
0x28736f43f1e871e6aa8b1148d38d4994275d72c4,2025-03-31,3.5652170000000005,Fear,34.0,0.1346153846153846,375.1351923076923,52,3.3333333333333335,1.3276699412523016,19507.03,0.0685618653846154,1.0,moderate,consistent,True,low_leverage
0x28736f43f1e871e6aa8b1148d38d4994275d72c4,2025-04-01,768.351892,Fear,34.0,0.6585365853658537,422.4107317073171,41,0.5185185185185185,0.5231990360077217,17318.84,18.740290048780487,0.9512195121951219,moderate,consistent,True,low_leverage
0x28736f43f1e871e6aa8b1148d38d4994275d72c4,2025-04-02,669.381363,Fear,44.0,0.6,414.13428571428574,70,0.627906976744186,7.549706400116553,28989.4,9.5625909,0.9714285714285714,moderate,consistent,True,low_leverage
0x28736f43f1e871e6aa8b1148d38d4994275d72c4,2025-04-03,149.51234499999998,Fear,25.0,0.11764705882352941,453.3190588235294,85,3.0476190476190474,1.581568967775215,38532.12,1.758968764705882,0.9882352941176471,moderate,consistent,True,low_leverage
0x28736f43f1e871e6aa8b1148d38d4994275d72c4,2025-04-04,498.73528200000004,Fear,28.0,0.56,280.5443,100,0.4925373134328358,38.85025048715216,28054.43,4.987352820000001,0.97,moderate,consistent,True,medium_leverage
0x28736f43f1e871e6aa8b1148d38d4994275d72c4,2025-04-05,177.049662,Fear,30.0,0.6071428571428571,331.27535714285716,56,0.47368421052631576,44.82206004286117,18551.420000000002,3.1616011071428574,0.8928571428571429,moderate,consistent,True,medium_leverage
0x28736f43f1e871e6aa8b1148d38d4994275d72c4,2025-04-06,-476.77056300000004,Fear,34.0,0.36486486486486486,387.5243243243243,74,1.1764705882352942,39.114151668927015,28676.8,-6.442845445945946,0.8243243243243243,moderate,consistent,False,medium_leverage
0x28736f43f1e871e6aa8b1148d38d4994275d72c4,2025-04-07,-19833.530157,Extreme Fear,23.0,0.18,830.2844666666666,150,0.36363636363636365,70.78535218166071,124542.67,-132.22353438000002,0.9866666666666667,moderate,consistent,False,medium_leverage
0x28736f43f1e871e6aa8b1148d38d4994275d72c4,2025-04-08,230.103259,Extreme Fear,24.0,0.36923076923076925,279.894,65,1.2413793103448276,60.127028159864196,18193.11,3.5400501384615386,0.9230769230769231,moderate,consistent,True,medium_leverage
0x28736f43f1e871e6aa8b1148d38d4994275d72c4,2025-04-09,94.077376,Extreme Fear,18.0,0.22641509433962265,244.56867924528302,53,1.7894736842105263,53.058155840941915,12962.14,1.7750448301886792,0.9811320754716981,moderate,consistent,True,medium_leverage
0x28736f43f1e871e6aa8b1148d38d4994275d72c4,2025-04-10,73.76740699999999,Fear,39.0,0.5,166.24727272727273,22,0.8333333333333334,17.46228697142497,3657.44,3.3530639545454544,1.0,moderate,consistent,True,medium_leverage
0x28736f43f1e871e6aa8b1148d38d4994275d72c4,2025-04-11,67.00618399999999,Fear,25.0,0.42857142857142855,335.15785714285715,14,1.0,5.0203653827769825,4692.21,4.786155999999999,1.0,moderate,consistent,True,low_leverage
0x28736f43f1e871e6aa8b1148d38d4994275d72c4,2025-04-12,10.499265,Fear,43.0,1.0,78.19,3,0.0,3.598531732818801,234.57,3.499755,1.0,moderate,consistent,True,low_leverage
0x28736f43f1e871e6aa8b1148d38d4994275d72c4,2025-04-13,-902.0714839999999,Neutral,45.0,0.3157894736842105,269.5942105263158,19,0.35714285714285715,54.71649500942998,5122.29,-47.47744652631579,1.0,moderate,consistent,False,medium_leverage
0x28736f43f1e871e6aa8b1148d38d4994275d72c4,2025-04-14,27.177561,Fear,31.0,0.5,180.60857142857142,14,0.2727272727272727,121.17114961768911,2528.52,1.941254357142857,1.0,moderate,consistent,True,medium_leverage
0x28736f43f1e871e6aa8b1148d38d4994275d72c4,2025-04-15,-48.794434,Fear,38.0,0.058823529411764705,186.68235294117648,17,0.5454545454545454,92.54986023580395,3173.6,-2.870260823529412,0.9411764705882353,moderate,consistent,False,medium_leverage
0x28736f43f1e871e6aa8b1148d38d4994275d72c4,2025-04-16,8.738942,Fear,29.0,0.3333333333333333,32.69,9,0.5,0.38268267397979583,294.21,0.9709935555555556,1.0,moderate,consistent,True,low_leverage
0x28736f43f1e871e6aa8b1148d38d4994275d72c4,2025-04-17,-15.688322,Fear,30.0,0.1,162.429,10,2.3333333333333335,12.754371293486248,1624.29,-1.5688322,1.0,moderate,consistent,False,low_leverage
0x28736f43f1e871e6aa8b1148d38d4994275d72c4,2025-04-18,22.793679,Fear,33.0,0.75,160.54125,8,1.0,111.87871437270933,1284.33,2.849209875,1.0,moderate,consistent,True,medium_leverage
0x28736f43f1e871e6aa8b1148d38d4994275d72c4,2025-04-19,40.803149000000005,Fear,32.0,0.5714285714285714,75.5942857142857,7,0.4,1.380887735680357,529.16,5.829021285714286,1.0,moderate,consistent,True,low_leverage
0x28736f43f1e871e6aa8b1148d38d4994275d72c4,2025-04-20,7.707293999999999,Fear,37.0,1.0,87.145,2,0.0,2.5705216512030384,174.29,3.8536469999999996,1.0,moderate,consistent,True,low_leverage
0x28736f43f1e871e6aa8b1148d38d4994275d72c4,2025-04-21,19.956089,Fear,39.0,0.8333333333333334,78.33833333333334,6,2.0,27.52263466374133,470.03000000000003,3.3260148333333333,1.0,moderate,consistent,True,medium_leverage
0x28736f43f1e871e6aa8b1148d38d4994275d72c4,2025-04-22,11.839106000000001,Neutral,47.0,0.4,58.678,5,0.0,2.933942148775527,293.39,2.3678212000000003,1.0,moderate,consistent,True,low_leverage
0x28736f43f1e871e6aa8b1148d38d4994275d72c4,2025-04-23,50.899228,Greed,72.0,0.6153846153846154,91.10846153846154,13,0.0,3.474290476022868,1184.41,3.915325230769231,1.0,moderate,consistent,True,low_leverage
0x28736f43f1e871e6aa8b1148d38d4994275d72c4,2025-04-24,1.023851,Greed,63.0,1.0,182.34,1,0.0,5.0640934710009855,182.34,1.023851,1.0,moderate,consistent,True,low_leverage
0x28736f43f1e871e6aa8b1148d38d4994275d72c4,2025-04-27,0.265698,Greed,61.0,1.0,49.96,1,0.0,0.1568602825745683,49.96,0.265698,1.0,moderate,consistent,True,low_leverage
0x28736f43f1e871e6aa8b1148d38d4994275d72c4,2025-04-28,-0.08516699999999999,Neutral,54.0,0.125,156.87,8,0.0,4.01102089308186,1254.96,-0.010645874999999999,1.0,moderate,consistent,False,low_leverage
0x28736f43f1e871e6aa8b1148d38d4994275d72c4,2025-05-01,16.923621,Neutral,53.0,1.0,135.32,2,0.0,12.012478334710927,270.64,8.4618105,1.0,moderate,consistent,True,low_leverage
0x2c229d22b100a7beb69122eed721cee9b24011dd,2024-10-31,-2.5534149999999998,Extreme Greed,77.0,0.0,3327.722222222222,9,2.0,603.7212983670206,29949.5,-0.28371277777777776,1.0,moderate,consistent,False,high_leverage
0x2c229d22b100a7beb69122eed721cee9b24011dd,2024-11-01,-0.09906000000000104,Extreme Greed,75.0,0.2857142857142857,2139.280714285714,14,0.75,119.60305671576637,29949.93,-0.00707571428571436,0.9285714285714286,moderate,consistent,False,medium_leverage
0x2c229d22b100a7beb69122eed721cee9b24011dd,2024-11-06,-3.41119,Greed,70.0,0.0,666.84,3,0.5,334.0583629786342,2000.52,-1.1370633333333333,1.0,moderate,consistent,False,medium_leverage
0x2c229d22b100a7beb69122eed721cee9b24011dd,2024-11-08,-710.786946,Extreme Greed,75.0,0.0,2003.9206666666666,15,0.5,37.965454811986405,30058.81,-47.3857964,0.9333333333333333,moderate,consistent,False,medium_leverage
0x2c229d22b100a7beb69122eed721cee9b24011dd,2024-11-13,-17.60528,Extreme Greed,84.0,0.2,582.841,10,0.42857142857142855,97.58810340953406,5828.41,-1.760528,1.0,moderate,consistent,False,medium_leverage
0x2c229d22b100a7beb69122eed721cee9b24011dd,2024-11-14,2215.402997,Extreme Greed,88.0,0.2028985507246377,1825.0886956521738,69,3.9285714285714284,19.721144210840862,125931.12,32.10728981159421,0.8985507246376812,moderate,consistent,True,medium_leverage
0x2c229d22b100a7beb69122eed721cee9b24011dd,2024-11-15,2137.203852,Extreme Greed,80.0,0.6666666666666666,1024.2048484848485,33,0.5,37.65735293937174,33798.76,64.76375309090909,0.8181818181818182,moderate,consistent,True,medium_leverage
0x2c229d22b100a7beb69122eed721cee9b24011dd,2024-11-16,1484.528402,Extreme Greed,86.0,0.5909090909090909,1292.3377272727273,22,0.6923076923076923,1.8165087747585096,28431.43,67.47856372727273,0.9545454545454546,moderate,consistent,True,low_leverage
0x2c229d22b100a7beb69122eed721cee9b24011dd,2024-11-18,-8.138354999999999,Extreme Greed,83.0,0.26666666666666666,393.86333333333334,15,0.875,4.365692693089541,5907.95,-0.542557,1.0,moderate,consistent,False,low_leverage
0x2c229d22b100a7beb69122eed721cee9b24011dd,2024-11-20,2626.800865,Extreme Greed,83.0,0.631578947368421,2627.9109210526312,76,0.52,390.23267907694554,199721.22999999998,34.56316927631579,0.8552631578947368,moderate,consistent,True,medium_leverage
0x2c229d22b100a7beb69122eed721cee9b24011dd,2024-11-21,-0.15074600000000027,Extreme Greed,82.0,0.18181818181818182,1508.5563636363636,22,0.4666666666666667,491.7872804723706,33188.24,-0.006852090909090921,1.0,moderate,consistent,False,high_leverage
0x2c229d22b100a7beb69122eed721cee9b24011dd,2024-11-22,-260.909686,Extreme Greed,94.0,0.05263157894736842,7077.548245614035,57,0.8387096774193549,705.3919331346209,403420.25,-4.5773629122807025,0.9824561403508771,moderate,consistent,False,high_leverage
0x2c229d22b100a7beb69122eed721cee9b24011dd,2024-11-29,31.04129,Extreme Greed,78.0,0.9,525.317,10,0.1111111111111111,261.30111196976634,5253.17,3.104129,1.0,moderate,consistent,True,medium_leverage
0x2c229d22b100a7beb69122eed721cee9b24011dd,2024-11-30,59.744873999999996,Extreme Greed,84.0,0.3333333333333333,6943.03,6,2.0,137.94631028637622,41658.18,9.957479,1.0,moderate,consistent,True,medium_leverage
0x2c229d22b100a7beb69122eed721cee9b24011dd,2024-12-02,16196.864846,Extreme Greed,80.0,0.5660377358490566,2348.7403773584906,53,0.7666666666666667,42.32235720621706,124483.23999999999,305.60122350943396,0.9245283018867925,moderate,consistent,True,medium_leverage
0x2c229d22b100a7beb69122eed721cee9b24011dd,2024-12-03,121.535562,Extreme Greed,76.0,0.23728813559322035,1685.5867796610169,59,1.2692307692307692,4.040474871030656,99449.62,2.0599247796610167,1.0,moderate,consistent,True,low_leverage
0x2c229d22b100a7beb69122eed721cee9b24011dd,2024-12-04,7591.307059,Extreme Greed,78.0,0.6756756756756757,3426.9959459459456,37,0.48,189.30506005046243,126798.84999999999,205.17046105405404,0.7837837837837838,moderate,consistent,True,medium_leverage
0x2c229d22b100a7beb69122eed721cee9b24011dd,2024-12-05,2069.92634,Extreme Greed,84.0,0.9090909090909091,890.1048484848485,33,0.1,256.88873237050706,29373.46,62.7250406060606,0.2727272727272727,moderate,consistent,True,medium_leverage
0x2c229d22b100a7beb69122eed721cee9b24011dd,2024-12-06,-123.870122,Greed,72.0,0.0,2324.0444444444447,9,1.25,6.504539197085521,20916.4,-13.763346888888888,0.8888888888888888,moderate,consistent,False,low_leverage
0x2c229d22b100a7beb69122eed721cee9b24011dd,2024-12-10,130.883691,Extreme Greed,78.0,0.5833333333333334,1585.4033333333334,12,0.7142857142857143,62.72457089038725,19024.84,10.90697425,1.0,moderate,consistent,True,medium_leverage
0x2c229d22b100a7beb69122eed721cee9b24011dd,2024-12-11,8544.6855,Greed,74.0,0.5263157894736842,6550.684736842106,19,0.9,748.3986636251547,124463.01000000001,449.7202894736842,0.7894736842105263,moderate,consistent,True,high_leverage
0x2c229d22b100a7beb69122eed721cee9b24011dd,2024-12-12,7639.595794,Extreme Greed,83.0,0.6290322580645161,5565.801451612903,62,0.5897435897435898,64.58747116130495,345079.69,123.219287,1.0,moderate,consistent,True,medium_leverage
0x2c229d22b100a7beb69122eed721cee9b24011dd,2024-12-13,1966.9289449999999,Extreme Greed,76.0,0.7777777777777778,1823.863492063492,63,0.2857142857142857,473.4368984898526,114903.4,31.221094365079363,1.0,moderate,consistent,True,high_leverage
0x2c229d22b100a7beb69122eed721cee9b24011dd,2024-12-17,214.770101,Extreme Greed,87.0,0.7333333333333333,1000.812,15,0.36363636363636365,149.52396886893658,15012.18,14.318006733333334,0.8,moderate,consistent,True,medium_leverage
0x2c229d22b100a7beb69122eed721cee9b24011dd,2024-12-20,305.55784,Greed,74.0,0.9090909090909091,2609.3063636363636,11,0.1,1291.0851951695024,28702.37,27.777985454545455,1.0,moderate,consistent,True,high_leverage
0x2c229d22b100a7beb69122eed721cee9b24011dd,2024-12-23,6.476289999999996,Greed,70.0,0.41379310344827586,7631.325517241379,29,0.2608695652173913,1992.4968892466052,221308.44,0.22332034482758606,1.0,moderate,consistent,True,high_leverage
0x2c229d22b100a7beb69122eed721cee9b24011dd,2024-12-24,343.63336100000004,Greed,73.0,0.5454545454545454,2630.031818181818,11,0.8333333333333334,225.3783998448703,28930.35,31.239396454545457,1.0,moderate,consistent,True,medium_leverage
0x2c229d22b100a7beb69122eed721cee9b24011dd,2024-12-30,0.19908,Greed,65.0,0.5,34.21,2,1.0,17.51864864864865,68.42,0.09954,1.0,moderate,consistent,True,medium_leverage
0x2c229d22b100a7beb69122eed721cee9b24011dd,2024-12-31,2243.319777,Greed,64.0,0.9795918367346939,4127.501224489796,49,0.020833333333333332,2040.8631480868662,202247.56,45.782036265306125,1.0,moderate,consistent,True,high_leverage
0x2c229d22b100a7beb69122eed721cee9b24011dd,2025-01-10,21980.47249,Neutral,50.0,0.9191176470588235,2289.4099264705883,136,0.088,202.4167871687009,311359.75,161.62112125,0.125,moderate,consistent,True,medium_leverage
0x2c229d22b100a7beb69122eed721cee9b24011dd,2025-01-11,-2.454844,Greed,69.0,0.0,1785.1328571428571,7,1.3333333333333333,275.49855860408445,12495.93,-0.350692,1.0,moderate,consistent,False,medium_leverage
0x2c229d22b100a7beb69122eed721cee9b24011dd,2025-01-15,-18.998214,Greed,70.0,0.25,1943.5483333333332,12,0.3333333333333333,368.74476114162144,23322.579999999998,-1.5831845,1.0,moderate,consistent,False,medium_leverage
0x2c229d22b100a7beb69122eed721cee9b24011dd,2025-01-17,913.985947,Extreme Greed,75.0,0.6666666666666666,6517.080175438597,57,0.5,85.18442526036638,371473.57,16.034841175438597,1.0,moderate,consistent,True,medium_leverage
0x2c229d22b100a7beb69122eed721cee9b24011dd,2025-01-18,-33.4413,Extreme Greed,77.0,0.0,116.66499999999999,2,1.0,58.005542168674694,233.32999999999998,-16.72065,1.0,moderate,consistent,False,medium_leverage
0x2c229d22b100a7beb69122eed721cee9b24011dd,2025-01-19,11437.823511999999,Extreme Greed,77.0,0.6216216216216216,7532.947432432432,74,0.6086956521739131,15.340627779606722,557438.11,154.56518259459457,0.5135135135135135,moderate,consistent,True,medium_leverage
0x2c229d22b100a7beb69122eed721cee9b24011dd,2025-01-20,1535.55008,Extreme Greed,76.0,0.13414634146341464,8402.275975609757,82,1.7333333333333334,123.88296361214894,688986.63,18.726220487804877,0.9024390243902439,moderate,consistent,True,medium_leverage
0x2c229d22b100a7beb69122eed721cee9b24011dd,2025-01-21,59.672564,Extreme Greed,76.0,0.4,125.14200000000001,15,1.5,37.33277744660371,1877.13,3.9781709333333333,1.0,moderate,consistent,True,medium_leverage
0x2c229d22b100a7beb69122eed721cee9b24011dd,2025-01-22,12769.669401000001,Extreme Greed,84.0,0.2838427947598253,1080.5076419213974,229,1.29,0.2129398062625027,247436.25,55.76274847598254,0.851528384279476,moderate,consistent,True,low_leverage
0x2c229d22b100a7beb69122eed721cee9b24011dd,2025-01-23,3776.64959,Extreme Greed,75.0,0.5769230769230769,2468.1846153846154,104,0.5522388059701493,0.3684634808376987,256691.2,36.313938365384615,0.4230769230769231,moderate,consistent,True,low_leverage
0x2c229d22b100a7beb69122eed721cee9b24011dd,2025-01-24,363.482456,Extreme Greed,75.0,0.5,2124.9794736842105,38,0.46153846153846156,135.57872846621316,80749.22,9.565327789473685,0.868421052631579,moderate,consistent,True,medium_leverage
0x2c229d22b100a7beb69122eed721cee9b24011dd,2025-01-25,2167.17715,Extreme Greed,75.0,0.6226415094339622,5537.374905660377,53,0.6060606060606061,54.07325033251481,293480.87,40.890134905660375,0.4339622641509434,moderate,consistent,True,medium_leverage
0x2c229d22b100a7beb69122eed721cee9b24011dd,2025-01-30,159.201612,Greed,70.0,0.4,4589.114666666666,15,1.5,158.26490653169415,68836.72,10.613440800000001,0.8666666666666667,moderate,consistent,True,medium_leverage
0x2c229d22b100a7beb69122eed721cee9b24011dd,2025-01-31,14418.18988,Extreme Greed,76.0,0.8560606060606061,5257.4305303030305,132,0.14782608695652175,1063.4083878386248,693980.8300000001,109.22871121212121,0.7196969696969697,moderate,consistent,True,high_leverage
0x2c229d22b100a7beb69122eed721cee9b24011dd,2025-02-01,88.50699399999999,Greed,68.0,0.5714285714285714,5610.000952380952,21,0.3125,127.29819997013776,117810.02,4.214618761904761,0.8571428571428571,moderate,consistent,True,medium_leverage
0x2c229d22b100a7beb69122eed721cee9b24011dd,2025-02-06,-639.3510530000001,Neutral,49.0,0.5737704918032787,3750.11868852459,61,0.38636363636363635,260.91544424260275,228757.24,-10.48116480327869,0.5901639344262295,moderate,consistent,False,medium_leverage
0x2c229d22b100a7beb69122eed721cee9b24011dd,2025-02-07,-1145.924392,Fear,44.0,0.040268456375838924,2135.150268456376,149,0.46078431372549017,27.00942134337018,318137.39,-7.690767731543623,0.436241610738255,moderate,consistent,False,medium_leverage
0x2c229d22b100a7beb69122eed721cee9b24011dd,2025-02-13,17378.569333,Neutral,50.0,0.6417445482866043,3578.9056074766354,321,0.558252427184466,567.2438811662328,1148828.7,54.1388452741433,0.8535825545171339,moderate,consistent,True,high_leverage
0x2c229d22b100a7beb69122eed721cee9b24011dd,2025-02-15,590.06989,Neutral,50.0,0.6808510638297872,1285.8944680851064,47,0.46875,8.817156556705722,60437.04,12.554678510638297,0.6382978723404256,moderate,consistent,True,low_leverage
0x2c229d22b100a7beb69122eed721cee9b24011dd,2025-02-20,3057.28245,Neutral,49.0,0.8859060402684564,5680.961208053691,149,0.05673758865248227,1277.5643864957487,846463.22,20.518674161073825,0.4563758389261745,moderate,consistent,True,high_leverage
0x2c229d22b100a7beb69122eed721cee9b24011dd,2025-02-21,8502.805925,Greed,55.0,0.43333333333333335,2810.3466666666664,60,1.3076923076923077,152.9336963560655,168620.8,141.71343208333334,0.95,moderate,consistent,True,medium_leverage
0x2c229d22b100a7beb69122eed721cee9b24011dd,2025-02-25,169.617628,Fear,25.0,0.625,1016.4883333333333,24,0.3333333333333333,304.4825921097381,24395.72,7.0674011666666665,0.8333333333333334,moderate,consistent,True,medium_leverage
0x2c229d22b100a7beb69122eed721cee9b24011dd,2025-02-26,25.30602,Extreme Fear,21.0,0.9,156.53799999999998,10,0.1111111111111111,77.48350672044035,1565.3799999999999,2.530602,1.0,moderate,consistent,True,medium_leverage
0x2c229d22b100a7beb69122eed721cee9b24011dd,2025-03-05,11113.173067,Extreme Fear,20.0,0.651685393258427,2537.6704494382025,89,0.5344827586206896,136.2083008549334,225852.67,124.86711311235955,0.898876404494382,moderate,consistent,True,medium_leverage
0x2c229d22b100a7beb69122eed721cee9b24011dd,2025-03-06,279.152034,Fear,25.0,0.7333333333333333,1287.3273333333334,15,0.36363636363636365,26.10762232913362,19309.91,18.6101356,0.5333333333333333,moderate,consistent,True,medium_leverage
0x2c229d22b100a7beb69122eed721cee9b24011dd,2025-03-07,1.17533,Fear,34.0,0.3333333333333333,972.65,3,2.0,319.4598153564657,2917.95,0.39177666666666666,1.0,moderate,consistent,True,medium_leverage
0x2c229d22b100a7beb69122eed721cee9b24011dd,2025-03-11,276.7687,Extreme Fear,24.0,0.7692307692307693,3849.383076923077,13,0.3,60.584145371085796,50041.98,21.289900000000003,0.46153846153846156,moderate,consistent,True,medium_leverage
0x2c229d22b100a7beb69122eed721cee9b24011dd,2025-03-13,924.898908,Neutral,45.0,0.04,4074.8460000000005,25,1.7777777777777777,122.43885052367943,101871.15000000001,36.99595632,0.72,moderate,consistent,True,medium_leverage
0x2c229d22b100a7beb69122eed721cee9b24011dd,2025-03-21,1215.774424,Fear,31.0,0.7162162162162162,1528.0594594594593,74,0.39622641509433965,19.16590549429462,113076.4,16.429384108108106,0.9054054054054054,moderate,consistent,True,medium_leverage
0x2c229d22b100a7beb69122eed721cee9b24011dd,2025-03-23,514.5145660000001,Fear,30.0,0.6,919.33,15,0.6666666666666666,38.03242661132766,13789.95,34.30097106666667,1.0,moderate,consistent,True,medium_leverage
0x2c229d22b100a7beb69122eed721cee9b24011dd,2025-03-25,-3323.090682,Neutral,46.0,0.018957345971563982,2000.0732701421803,211,1.9305555555555556,3.4928243337950002,422015.46,-15.749244938388626,1.0,moderate,consistent,False,low_leverage
0x2c229d22b100a7beb69122eed721cee9b24011dd,2025-03-26,2323.99174,Neutral,47.0,0.7538461538461538,1894.7783076923076,65,0.32653061224489793,13.484056055647516,123160.59,35.753719076923076,0.24615384615384617,moderate,consistent,True,low_leverage
0x2c229d22b100a7beb69122eed721cee9b24011dd,2025-04-01,1334.414834,Fear,34.0,0.4444444444444444,1193.0444444444445,9,1.25,139.55669405269498,10737.4,148.26831488888888,0.8888888888888888,moderate,consistent,True,medium_leverage
0x2c229d22b100a7beb69122eed721cee9b24011dd,2025-04-02,1.1031579999999999,Fear,44.0,0.3333333333333333,395.24,6,1.0,274.7827461771764,2371.44,0.18385966666666664,1.0,moderate,consistent,True,medium_leverage
0x2c229d22b100a7beb69122eed721cee9b24011dd,2025-04-03,160.127816,Fear,25.0,0.7307692307692307,739.3319230769231,26,0.3684210526315789,58.57749739985037,19222.63,6.158762153846154,0.8846153846153846,moderate,consistent,True,medium_leverage
0x2c229d22b100a7beb69122eed721cee9b24011dd,2025-04-11,1419.922474,Fear,25.0,0.7555555555555555,1310.5517777777777,45,0.3235294117647059,60.84623341932144,58974.83,31.553832755555554,0.5111111111111111,moderate,consistent,True,medium_leverage
0x2c229d22b100a7beb69122eed721cee9b24011dd,2025-04-14,18.103863,Fear,31.0,0.625,133.5325,8,0.14285714285714285,65.83325359844348,1068.26,2.262982875,0.25,moderate,consistent,True,medium_leverage
0x2c229d22b100a7beb69122eed721cee9b24011dd,2025-04-18,11.209037,Fear,33.0,0.8571428571428571,74.56857142857143,7,0.16666666666666666,36.736666199000034,521.98,1.601291,0.8571428571428571,moderate,consistent,True,medium_leverage
0x2c229d22b100a7beb69122eed721cee9b24011dd,2025-04-23,29.8368,Greed,72.0,0.5,1284.69,2,1.0,635.0104207681915,2569.38,14.9184,1.0,moderate,consistent,True,high_leverage
0x2c229d22b100a7beb69122eed721cee9b24011dd,2025-04-25,0.18414,Greed,60.0,0.6666666666666666,47.086666666666666,3,0.5,24.516151495996628,141.26,0.06138,1.0,moderate,consistent,True,medium_leverage
0x3998f134d6aaa2b6a5f723806d00fd2bbbbce891,2023-05-01,0.0,Greed,63.0,0.0,159.0,3,0.0,147.46289728832917,477.0,0.0,1.0,infrequent,moderate,False,medium_leverage
0x3998f134d6aaa2b6a5f723806d00fd2bbbbce891,2024-01-11,0.0,Extreme Greed,76.0,0.0,23066.935,2,0.0,22339.257575574367,46133.87,0.0,1.0,infrequent,moderate,False,high_leverage
0x3998f134d6aaa2b6a5f723806d00fd2bbbbce891,2024-01-15,152.85358,Neutral,52.0,1.0,69.98444444444445,9,0.0,57.661848798926776,629.86,16.983731111111112,1.0,infrequent,moderate,True,medium_leverage
0x3998f134d6aaa2b6a5f723806d00fd2bbbbce891,2024-01-16,-3238.8,Greed,64.0,0.0,10580.346666666666,6,2.0,4458.3441895054975,63482.08,-539.8000000000001,0.6666666666666666,infrequent,moderate,False,high_leverage
0x3998f134d6aaa2b6a5f723806d00fd2bbbbce891,2024-01-28,-2478.06972,Neutral,54.0,0.0,1646.2754545454545,11,0.0,3.871974053384967,18109.03,-225.27906545454545,0.0,infrequent,moderate,False,low_leverage
0x3998f134d6aaa2b6a5f723806d00fd2bbbbce891,2024-04-16,0.0,Greed,65.0,0.0,91.08,1,0.0,0.06692138133725202,91.08,0.0,1.0,infrequent,moderate,False,low_leverage
0x3998f134d6aaa2b6a5f723806d00fd2bbbbce891,2024-05-29,0.0,Greed,72.0,0.0,6113.468,5,0.0,18.184442023270257,30567.34,0.0,0.0,infrequent,moderate,False,medium_leverage
0x3998f134d6aaa2b6a5f723806d00fd2bbbbce891,2024-07-24,0.0,Greed,69.0,0.0,0.4266666666666667,3,0.0,0.006097532347299838,1.28,0.0,1.0,infrequent,moderate,False,low_leverage
0x3998f134d6aaa2b6a5f723806d00fd2bbbbce891,2024-07-26,0.0,Greed,68.0,0.0,0.81,1,0.0,0.0020372397517075575,0.81,0.0,1.0,infrequent,moderate,False,low_leverage
0x3998f134d6aaa2b6a5f723806d00fd2bbbbce891,2024-08-01,0.0,Neutral,52.0,0.0,0.74,1,0.0,0.042319440461508366,0.74,0.0,1.0,infrequent,moderate,False,low_leverage
0x3998f134d6aaa2b6a5f723806d00fd2bbbbce891,2024-08-03,0.0,Fear,37.0,0.0,0.65,1,0.0,0.0003210951871170841,0.65,0.0,1.0,infrequent,moderate,False,low_leverage
0x3998f134d6aaa2b6a5f723806d00fd2bbbbce891,2024-08-04,0.0,Fear,34.0,0.0,0.01,1,0.0,1.1409027885065978e-05,0.01,0.0,1.0,infrequent,moderate,False,low_leverage
0x3998f134d6aaa2b6a5f723806d00fd2bbbbce891,2024-08-06,215.754798,Extreme Fear,17.0,0.2962962962962963,28.555555555555557,27,0.038461538461538464,0.04769812539744433,771.0,7.9909184444444445,0.9629629629629629,infrequent,moderate,True,low_leverage
0x3998f134d6aaa2b6a5f723806d00fd2bbbbce891,2024-08-07,0.0,Fear,29.0,0.0,0.0036363636363636364,11,0.0,0.0020075765940660052,0.04,0.0,1.0,infrequent,moderate,False,low_leverage
0x3998f134d6aaa2b6a5f723806d00fd2bbbbce891,2024-08-17,0.0,Fear,25.0,0.0,1035.7675862068966,29,0.0,0.003790215263293697,30037.26,0.0,0.0,infrequent,moderate,False,low_leverage
0x3998f134d6aaa2b6a5f723806d00fd2bbbbce891,2024-08-30,0.0,Fear,34.0,0.0,0.69,1,0.0,0.00012776426204603685,0.69,0.0,1.0,infrequent,moderate,False,low_leverage
0x3998f134d6aaa2b6a5f723806d00fd2bbbbce891,2024-09-05,0.0,Fear,29.0,0.0,0.84,1,0.0,7.763446290592691e-05,0.84,0.0,1.0,infrequent,moderate,False,low_leverage
0x3998f134d6aaa2b6a5f723806d00fd2bbbbce891,2024-11-18,48.185146,Extreme Greed,83.0,0.3333333333333333,116.12333333333333,6,0.2,0.006174620877126404,696.74,8.030857666666668,1.0,infrequent,moderate,True,low_leverage
0x3998f134d6aaa2b6a5f723806d00fd2bbbbce891,2024-11-19,0.0,Extreme Greed,90.0,0.0,0.01,1,0.0,0.0053006811375261725,0.01,0.0,1.0,infrequent,moderate,False,low_leverage
0x3998f134d6aaa2b6a5f723806d00fd2bbbbce891,2024-11-29,17511.326788,Extreme Greed,78.0,0.6428571428571429,1817.6805357142857,56,0.4358974358974359,0.06395115752468031,101790.11,312.70226407142854,0.14285714285714285,infrequent,moderate,True,low_leverage
0x3998f134d6aaa2b6a5f723806d00fd2bbbbce891,2024-11-30,19050.661786,Extreme Greed,84.0,0.6923076923076923,2556.5420512820515,39,0.21875,0.08610790017305453,99705.14,488.47850733333337,0.20512820512820512,infrequent,moderate,True,low_leverage
0x3998f134d6aaa2b6a5f723806d00fd2bbbbce891,2024-12-01,13.566929,Extreme Greed,81.0,0.6666666666666666,11.366666666666667,3,0.5,0.00021218540900932973,34.1,4.522309666666667,1.0,infrequent,moderate,True,low_leverage
0x3998f134d6aaa2b6a5f723806d00fd2bbbbce891,2024-12-02,0.0,Extreme Greed,80.0,0.0,0.0,1,0.0,0.0,0.0,0.0,1.0,infrequent,moderate,False,low_leverage
0x3998f134d6aaa2b6a5f723806d00fd2bbbbce891,2024-12-14,0.0,Extreme Greed,83.0,0.0,5555.551944444444,36,0.0,0.1746890737086442,199999.87,0.0,0.0,infrequent,moderate,False,low_leverage
0x3998f134d6aaa2b6a5f723806d00fd2bbbbce891,2024-12-15,346.827642,Extreme Greed,80.0,0.8333333333333334,117.02833333333335,6,0.2,0.0025847467432845352,702.1700000000001,57.804607000000004,0.8333333333333334,infrequent,moderate,True,low_leverage
0x3998f134d6aaa2b6a5f723806d00fd2bbbbce891,2024-12-16,0.0,Extreme Greed,83.0,0.0,0.0,4,0.0,0.0,0.0,0.0,1.0,infrequent,moderate,False,low_leverage
0x3998f134d6aaa2b6a5f723806d00fd2bbbbce891,2024-12-20,22.80272,Greed,74.0,0.3333333333333333,15.183333333333332,3,0.5,0.18633452097636358,45.55,7.600906666666667,1.0,infrequent,moderate,True,low_leverage
0x3998f134d6aaa2b6a5f723806d00fd2bbbbce891,2025-01-20,0.0,Extreme Greed,76.0,0.0,183.07999999999998,2,0.0,0.016451813342542244,366.15999999999997,0.0,1.0,infrequent,moderate,False,low_leverage
0x3998f134d6aaa2b6a5f723806d00fd2bbbbce891,2025-01-23,-5978.38652,Extreme Greed,75.0,0.6666666666666666,6.186666666666667,3,0.0,0.008175278748550808,18.560000000000002,-1992.7955066666666,1.0,infrequent,moderate,False,low_leverage
0x3998f134d6aaa2b6a5f723806d00fd2bbbbce891,2025-01-24,0.0,Extreme Greed,75.0,0.0,0.005,2,0.0,0.0033648734134621855,0.01,0.0,1.0,infrequent,moderate,False,low_leverage
0x3998f134d6aaa2b6a5f723806d00fd2bbbbce891,2025-02-14,19.530304,Neutral,48.0,1.0,25.39,2,0.0,0.004378240161322115,50.78,9.765152,1.0,infrequent,moderate,True,low_leverage
0x3998f134d6aaa2b6a5f723806d00fd2bbbbce891,2025-02-21,-350.632694,Greed,55.0,0.0,184.87857142857143,7,0.4,41.200983346555475,1294.15,-50.09038485714286,1.0,infrequent,moderate,False,medium_leverage
0x3998f134d6aaa2b6a5f723806d00fd2bbbbce891,2025-03-06,600.008922,Fear,25.0,0.7027027027027027,1400.675945945946,37,0.0,0.027479811778648833,51825.01,16.21645735135135,0.0,infrequent,moderate,True,low_leverage
0x3998f134d6aaa2b6a5f723806d00fd2bbbbce891,2025-03-10,-8224.491085,Extreme Fear,20.0,0.0,1653.866153846154,26,0.0,0.034453670836085554,43000.520000000004,-316.3265801923077,0.0,infrequent,moderate,False,low_leverage
0x3998f134d6aaa2b6a5f723806d00fd2bbbbce891,2025-03-11,-58444.949486,Extreme Fear,24.0,0.0,1948.151092436975,119,0.0,0.051925168499553226,231829.98,-491.1340292941176,0.0,infrequent,moderate,False,low_leverage
0x3998f134d6aaa2b6a5f723806d00fd2bbbbce891,2025-04-06,0.0,Fear,34.0,0.0,2105.072105263158,19,0.0,11.467708711212532,39996.37,0.0,0.0,infrequent,moderate,False,low_leverage
0x3998f134d6aaa2b6a5f723806d00fd2bbbbce891,2025-04-07,9485.86,Extreme Fear,23.0,0.3442622950819672,1811.634426229508,61,0.525,27.500786645771615,110509.7,155.50590163934427,0.0,infrequent,moderate,True,medium_leverage
0x3998f134d6aaa2b6a5f723806d00fd2bbbbce891,2025-04-09,0.0,Extreme Fear,18.0,0.0,1333.3193333333334,30,0.0,0.12332228752699874,39999.58,0.0,0.0,infrequent,moderate,False,low_leverage
0x3998f134d6aaa2b6a5f723806d00fd2bbbbce891,2025-04-12,2466.604719,Fear,43.0,1.0,1105.835625,32,0.0,0.014326624308038329,35386.74,77.08139746875,0.0,infrequent,moderate,True,low_leverage
0x3998f134d6aaa2b6a5f723806d00fd2bbbbce891,2025-04-13,1076.778732,Neutral,45.0,1.0,2341.0022222222224,9,0.0,0.23746488555291562,21069.02,119.64208133333334,0.3333333333333333,infrequent,moderate,True,low_leverage
0x3998f134d6aaa2b6a5f723806d00fd2bbbbce891,2025-04-21,-3533.6725370000004,Fear,39.0,0.9354838709677419,1459.0874193548386,124,0.06896551724137931,0.19020128645142675,180926.84,-28.49735916935484,0.016129032258064516,infrequent,moderate,False,low_leverage
0x3998f134d6aaa2b6a5f723806d00fd2bbbbce891,2025-04-22,0.0,Neutral,47.0,0.0,0.01,1,0.0,0.009907614467376058,0.01,0.0,1.0,infrequent,moderate,False,low_leverage
0x3998f134d6aaa2b6a5f723806d00fd2bbbbce891,2025-04-25,34.63999,Greed,60.0,1.0,826.7301369863014,73,0.0,0.05837398408800321,60351.3,0.47452041095890407,0.0,infrequent,moderate,True,low_leverage
0x39cef799f8b69da1995852eea189df24eb5cae3c,2024-11-12,0.0,Extreme Greed,80.0,0.0,5195.3,2,0.0,4477.407142857142,10390.6,0.0,1.0,moderate,moderate,False,high_leverage
0x39cef799f8b69da1995852eea189df24eb5cae3c,2024-11-20,-808.158708,Extreme Greed,83.0,0.0,10882.16,2,1.0,7259.6556049370665,21764.32,-404.079354,1.0,moderate,moderate,False,high_leverage
0x39cef799f8b69da1995852eea189df24eb5cae3c,2024-12-01,0.0,Extreme Greed,81.0,0.0,199.81,1,0.0,199.81,199.81,0.0,1.0,moderate,moderate,False,medium_leverage
0x39cef799f8b69da1995852eea189df24eb5cae3c,2024-12-03,0.0,Extreme Greed,76.0,0.0,209.94,1,0.0,0.4563913043478261,209.94,0.0,1.0,moderate,moderate,False,low_leverage
0x39cef799f8b69da1995852eea189df24eb5cae3c,2024-12-05,0.0,Extreme Greed,84.0,0.0,10238.081666666667,6,0.0,7663.6152125203325,61428.49,0.0,0.6666666666666666,moderate,moderate,False,high_leverage
0x39cef799f8b69da1995852eea189df24eb5cae3c,2024-12-06,0.0,Greed,72.0,0.0,1657.5529999999999,20,0.3333333333333333,642.7566805187557,33151.06,0.0,0.3,moderate,moderate,False,high_leverage
0x39cef799f8b69da1995852eea189df24eb5cae3c,2024-12-09,483.662076,Extreme Greed,78.0,1.0,603.1,8,0.0,0.11780629791535027,4824.8,60.4577595,0.0,moderate,moderate,True,low_leverage
0x39cef799f8b69da1995852eea189df24eb5cae3c,2024-12-10,0.0,Extreme Greed,78.0,0.0,22522.036666666667,3,0.0,10646.114103396323,67566.11,0.0,0.6666666666666666,moderate,moderate,False,high_leverage
0x39cef799f8b69da1995852eea189df24eb5cae3c,2024-12-11,3721.345649,Greed,74.0,1.0,40012.55,4,0.0,21093.718773126577,160050.2,930.33641225,1.0,moderate,moderate,True,high_leverage
0x39cef799f8b69da1995852eea189df24eb5cae3c,2024-12-13,1116.8006,Extreme Greed,76.0,0.5,2954.652692307692,26,1.0,166.14456907018737,76820.97,42.95386923076923,0.0,moderate,moderate,True,medium_leverage
0x39cef799f8b69da1995852eea189df24eb5cae3c,2024-12-14,1898.178342,Extreme Greed,83.0,1.0,6591.46,1,0.0,2.845689296043452,6591.46,1898.178342,0.0,moderate,moderate,True,low_leverage
0x39cef799f8b69da1995852eea189df24eb5cae3c,2024-12-15,6623.483154,Extreme Greed,80.0,0.8214285714285714,1993.9885714285715,28,0.21739130434782608,1.0002343693313076,55831.68,236.55296978571428,0.0,moderate,moderate,True,low_leverage
0x39cef799f8b69da1995852eea189df24eb5cae3c,2024-12-16,6942.186825,Extreme Greed,83.0,0.6428571428571429,5866.705,14,0.5555555555555556,3.5856844104210914,82133.87,495.87048749999997,0.0,moderate,moderate,True,low_leverage
0x39cef799f8b69da1995852eea189df24eb5cae3c,2024-12-18,136.054186,Extreme Greed,81.0,0.25,679.3075,12,3.0,0.31329173186553777,8151.69,11.337848833333332,0.0,moderate,moderate,True,low_leverage
0x39cef799f8b69da1995852eea189df24eb5cae3c,2024-12-20,1676.3027260000001,Greed,74.0,0.75,2837.6875,4,1.0,128.9510537094032,11350.75,419.07568150000003,0.75,moderate,moderate,True,medium_leverage
0x39cef799f8b69da1995852eea189df24eb5cae3c,2024-12-24,14849.788861,Greed,73.0,0.8421052631578947,17744.187894736842,19,0.1875,8849.329127581621,337139.57,781.5678347894737,0.0,moderate,moderate,True,high_leverage
0x39cef799f8b69da1995852eea189df24eb5cae3c,2025-01-01,-9655.676981,Greed,66.0,0.4166666666666667,15270.597499999998,12,1.0,1485.0089358025969,183247.16999999998,-804.6397484166667,0.0,moderate,moderate,False,high_leverage
0x39cef799f8b69da1995852eea189df24eb5cae3c,2025-01-03,0.0,Greed,74.0,0.0,6217.48,1,0.0,3.517572544045622,6217.48,0.0,0.0,moderate,moderate,False,low_leverage
0x39cef799f8b69da1995852eea189df24eb5cae3c,2025-01-14,0.0,Greed,63.0,0.0,800.29,3,0.0,399.77538068242757,2400.87,0.0,1.0,moderate,moderate,False,medium_leverage
0x39cef799f8b69da1995852eea189df24eb5cae3c,2025-01-19,-1584.55781,Extreme Greed,77.0,0.0,15271.743333333334,3,0.0,16.285393315684107,45815.23,-528.1859366666666,0.0,moderate,moderate,False,medium_leverage
0x39cef799f8b69da1995852eea189df24eb5cae3c,2025-01-20,-401.2638,Extreme Greed,76.0,0.0,14949.164999999999,4,0.3333333333333333,13780.946242470265,59796.659999999996,-100.31595,0.75,moderate,moderate,False,high_leverage
0x39cef799f8b69da1995852eea189df24eb5cae3c,2025-01-23,0.0,Extreme Greed,75.0,0.0,11250.0,4,0.0,10345.46599910378,45000.0,0.0,0.0,moderate,moderate,False,high_leverage
0x39cef799f8b69da1995852eea189df24eb5cae3c,2025-02-23,2.9205,Neutral,50.0,0.16666666666666666,2401.1383333333333,6,5.0,182.81550938994982,14406.83,0.48675,0.0,moderate,moderate,True,medium_leverage
0x39cef799f8b69da1995852eea189df24eb5cae3c,2025-03-04,863.956464,Extreme Fear,15.0,0.47619047619047616,3213.5458730158734,63,1.1,50.804808951507106,202453.39,13.713594666666667,0.09523809523809523,moderate,moderate,True,medium_leverage
0x39cef799f8b69da1995852eea189df24eb5cae3c,2025-03-05,8187.59426,Extreme Fear,20.0,0.5581395348837209,3514.7537209302327,43,0.7916666666666666,28.16290720399898,151134.41,190.4091688372093,0.046511627906976744,moderate,moderate,True,medium_leverage
0x39cef799f8b69da1995852eea189df24eb5cae3c,2025-03-10,-37230.786609,Extreme Fear,20.0,0.0,48134.545,2,0.0,7.929994768915308,96269.09,-18615.3933045,0.0,moderate,moderate,False,low_leverage
0x39cef799f8b69da1995852eea189df24eb5cae3c,2025-03-12,0.0,Fear,34.0,0.0,2549.7482051282054,39,0.0,56.29899091974768,99440.18000000001,0.0,0.0,moderate,moderate,False,medium_leverage
0x39cef799f8b69da1995852eea189df24eb5cae3c,2025-03-17,17926.355742,Fear,32.0,0.5219512195121951,1908.0640975609756,205,1.0918367346938775,8.665955526898365,391153.14,87.44563776585366,0.0,moderate,moderate,True,low_leverage
0x39cef799f8b69da1995852eea189df24eb5cae3c,2025-03-18,238.31419899999997,Fear,34.0,0.18021201413427562,2061.155088339223,283,0.21982758620689655,0.4554619926580655,583306.89,0.8420996431095406,0.0,moderate,moderate,True,low_leverage
0x39cef799f8b69da1995852eea189df24eb5cae3c,2025-03-19,909.907336,Fear,32.0,0.01680672268907563,2421.7106722689077,119,0.017094017094017096,0.005707029502538077,288183.57,7.646280134453781,0.0,moderate,moderate,True,low_leverage
0x39cef799f8b69da1995852eea189df24eb5cae3c,2025-03-20,0.0,Neutral,49.0,0.0,607.7802439024391,82,0.0,0.001082757594004857,49837.98,0.0,0.0,moderate,moderate,False,low_leverage
0x39cef799f8b69da1995852eea189df24eb5cae3c,2025-03-21,0.0,Fear,31.0,0.0,10058.62,3,0.0,257.98397337975484,30175.86,0.0,0.0,moderate,moderate,False,medium_leverage
0x39cef799f8b69da1995852eea189df24eb5cae3c,2025-03-23,4988.749429,Fear,30.0,0.5591397849462365,4121.473548387096,93,1.2682926829268293,3.7405545397798945,383297.04,53.642466978494625,0.0,moderate,moderate,True,low_leverage
0x39cef799f8b69da1995852eea189df24eb5cae3c,2025-03-24,3896.627832,Neutral,45.0,1.0,1703.6174999999998,20,0.0,2.0255210496735514,34072.35,194.83139160000002,0.0,moderate,moderate,True,low_leverage
0x39cef799f8b69da1995852eea189df24eb5cae3c,2025-03-25,0.0,Neutral,46.0,0.0,100176.1,1,0.0,100176.1,100176.1,0.0,0.0,moderate,moderate,False,high_leverage
0x39cef799f8b69da1995852eea189df24eb5cae3c,2025-03-26,3782.33025,Neutral,47.0,1.0,2294.2153571428576,28,0.0,0.004387780277505803,64238.030000000006,135.0832232142857,0.0,moderate,moderate,True,low_leverage
0x39cef799f8b69da1995852eea189df24eb5cae3c,2025-03-27,6504.316844999999,Fear,40.0,0.16853932584269662,1543.4331460674157,178,0.20270270270270271,0.0031579906984031793,274731.1,36.54110587078652,0.0,moderate,moderate,True,low_leverage
0x39cef799f8b69da1995852eea189df24eb5cae3c,2025-04-03,0.0,Fear,25.0,0.0,4742.898943661972,142,0.0,85.25865516750102,673491.65,0.0,0.0,moderate,moderate,False,medium_leverage
0x39cef799f8b69da1995852eea189df24eb5cae3c,2025-04-04,266.39774,Fear,28.0,1.0,19800.740588235294,34,0.0,108.26506421479054,673225.18,7.835227647058823,0.0,moderate,moderate,True,medium_leverage
0x39cef799f8b69da1995852eea189df24eb5cae3c,2025-04-06,24553.541149999997,Fear,34.0,0.3088235294117647,2824.8166176470586,68,0.44680851063829785,0.006091661002579989,192087.53,361.0814875,0.0,moderate,moderate,True,low_leverage
0x39cef799f8b69da1995852eea189df24eb5cae3c,2025-04-07,25941.716413,Extreme Fear,23.0,0.31646932185145316,3895.6048546824545,929,1.0598669623059866,31.51137339191244,3619016.91,27.92434490096878,0.0,moderate,moderate,True,medium_leverage
0x39cef799f8b69da1995852eea189df24eb5cae3c,2025-04-08,3366.444714,Extreme Fear,24.0,1.0,10183.131428571429,14,0.0,0.06962471468189525,142563.84,240.46033671428572,0.0,moderate,moderate,True,low_leverage
0x39cef799f8b69da1995852eea189df24eb5cae3c,2025-04-09,-77308.420095,Extreme Fear,18.0,0.23014586709886548,4099.378930307941,617,4.508928571428571,631.1159291080897,2529316.8,-125.29727730145866,0.3727714748784441,moderate,moderate,False,high_leverage
0x39cef799f8b69da1995852eea189df24eb5cae3c,2025-04-10,-831.2396219999999,Fear,39.0,0.5751633986928104,5795.6883333333335,306,0.654054054054054,466.7679167815735,1773480.6300000001,-2.7164693529411763,0.0032679738562091504,moderate,moderate,False,high_leverage
0x39cef799f8b69da1995852eea189df24eb5cae3c,2025-04-13,3271.3693780000003,Neutral,45.0,0.4740740740740741,20019.11111111111,135,1.109375,5217.508713345297,2702580.0,24.232365762962964,0.0,moderate,moderate,True,high_leverage
0x39cef799f8b69da1995852eea189df24eb5cae3c,2025-04-14,128.67829,Fear,31.0,1.0,844654.19,1,0.0,77503.08441752085,844654.19,128.67829,0.0,moderate,moderate,True,high_leverage
0x3f9a0aadc7f04a7c9d75dc1b5a6ddd6e36486cf6,2024-10-03,100.375782,Fear,37.0,0.6,2585.338,5,0.6666666666666666,906.8846736526015,12926.69,20.0751564,1.0,infrequent,consistent,True,high_leverage
0x3f9a0aadc7f04a7c9d75dc1b5a6ddd6e36486cf6,2024-11-03,0.0,Greed,74.0,0.0,9530.66,2,0.0,7374.866565697995,19061.32,0.0,0.0,infrequent,consistent,False,high_leverage
0x3f9a0aadc7f04a7c9d75dc1b5a6ddd6e36486cf6,2024-11-04,540.05911,Greed,70.0,1.0,1960.1330000000003,10,0.0,0.04930303143208114,19601.33,54.005911000000005,1.0,infrequent,consistent,True,low_leverage
0x3f9a0aadc7f04a7c9d75dc1b5a6ddd6e36486cf6,2024-11-07,503.46257599999996,Extreme Greed,77.0,0.6875,1929.28125,16,0.45454545454545453,11.235678587572421,30868.5,31.466410999999997,0.0,infrequent,consistent,True,low_leverage
0x3f9a0aadc7f04a7c9d75dc1b5a6ddd6e36486cf6,2024-11-10,0.0,Extreme Greed,78.0,0.0,9836.88,1,0.0,9836.88,9836.88,0.0,0.0,infrequent,consistent,False,high_leverage
0x3f9a0aadc7f04a7c9d75dc1b5a6ddd6e36486cf6,2024-11-11,393.07947,Extreme Greed,76.0,1.0,2557.49,4,0.0,0.915483916457845,10229.96,98.2698675,1.0,infrequent,consistent,True,low_leverage
0x3f9a0aadc7f04a7c9d75dc1b5a6ddd6e36486cf6,2024-11-12,0.0,Extreme Greed,80.0,0.0,1319.1399999999999,4,0.0,82.01848060501,5276.5599999999995,0.0,0.0,infrequent,consistent,False,medium_leverage
0x3f9a0aadc7f04a7c9d75dc1b5a6ddd6e36486cf6,2024-11-13,135.09947,Extreme Greed,84.0,0.875,1860.1075,8,0.14285714285714285,1.3061798065371335,14880.86,16.88743375,0.875,infrequent,consistent,True,low_leverage
0x3f9a0aadc7f04a7c9d75dc1b5a6ddd6e36486cf6,2024-11-15,0.0,Extreme Greed,80.0,0.0,930.75,35,0.0,17.715254373031602,32576.25,0.0,0.0,infrequent,consistent,False,medium_leverage
0x3f9a0aadc7f04a7c9d75dc1b5a6ddd6e36486cf6,2024-11-19,245.44495999999998,Extreme Greed,90.0,1.0,6564.348,5,0.0,2.77549790990768,32821.74,49.088992,1.0,infrequent,consistent,True,low_leverage
0x3f9a0aadc7f04a7c9d75dc1b5a6ddd6e36486cf6,2024-11-22,1050.894,Extreme Greed,94.0,0.3181818181818182,2990.737727272727,22,2.142857142857143,412.98271756180606,65796.23,47.76790909090909,0.3181818181818182,infrequent,consistent,True,medium_leverage
0x3f9a0aadc7f04a7c9d75dc1b5a6ddd6e36486cf6,2024-11-23,788.45072,Extreme Greed,93.0,1.0,3091.247142857143,7,0.0,2.1136427604529864,21638.73,112.63581714285715,0.2857142857142857,infrequent,consistent,True,low_leverage
0x3f9a0aadc7f04a7c9d75dc1b5a6ddd6e36486cf6,2024-11-26,0.0,Extreme Greed,79.0,0.0,1012.4008333333334,36,0.0,27.114538122693272,36446.43,0.0,0.0,infrequent,consistent,False,medium_leverage
0x3f9a0aadc7f04a7c9d75dc1b5a6ddd6e36486cf6,2024-11-28,3855.7522,Extreme Greed,77.0,1.0,1612.0868,25,0.0,4.585152941515711,40302.17,154.230088,1.0,infrequent,consistent,True,low_leverage
0x3f9a0aadc7f04a7c9d75dc1b5a6ddd6e36486cf6,2024-11-29,0.0,Extreme Greed,78.0,0.0,13325.11,10,0.0,252.07152224813285,133251.1,0.0,0.3,infrequent,consistent,False,medium_leverage
0x3f9a0aadc7f04a7c9d75dc1b5a6ddd6e36486cf6,2024-12-02,0.0,Extreme Greed,80.0,0.0,46692.72,1,0.0,1.5686883016241868,46692.72,0.0,0.0,infrequent,consistent,False,low_leverage
0x3f9a0aadc7f04a7c9d75dc1b5a6ddd6e36486cf6,2024-12-26,29897.971695000004,Extreme Greed,79.0,0.3125,2297.953125,32,2.2,0.06303318867732419,73534.5,934.3116154687501,0.28125,infrequent,consistent,True,low_leverage
0x3f9a0aadc7f04a7c9d75dc1b5a6ddd6e36486cf6,2024-12-28,0.0,Greed,72.0,0.0,6154.678,10,0.0,0.16859173370372166,61546.78,0.0,0.0,infrequent,consistent,False,low_leverage
0x3f9a0aadc7f04a7c9d75dc1b5a6ddd6e36486cf6,2025-01-12,3699.757273,Greed,62.0,1.0,7958.366666666666,3,0.0,0.07977282083351078,23875.1,1233.2524243333335,1.0,infrequent,consistent,True,low_leverage
0x3f9a0aadc7f04a7c9d75dc1b5a6ddd6e36486cf6,2025-01-13,0.0,Greed,61.0,0.0,0.22,1,0.0,0.11270029916806688,0.22,0.0,1.0,infrequent,consistent,False,low_leverage
0x3f9a0aadc7f04a7c9d75dc1b5a6ddd6e36486cf6,2025-02-14,8019.163096,Neutral,48.0,1.0,63734.69,1,0.0,1.6776337369562855,63734.69,8019.163096,0.0,infrequent,consistent,True,low_leverage
0x3f9a0aadc7f04a7c9d75dc1b5a6ddd6e36486cf6,2025-04-04,0.0,Fear,28.0,0.0,63727.4,1,0.0,63727.4,63727.4,0.0,0.0,infrequent,consistent,False,high_leverage
0x3f9a0aadc7f04a7c9d75dc1b5a6ddd6e36486cf6,2025-04-05,562.1943200000001,Fear,30.0,1.0,3383.65,19,0.0,2442.440469741288,64289.35,29.589174736842107,1.0,infrequent,consistent,True,high_leverage
0x3f9a0aadc7f04a7c9d75dc1b5a6ddd6e36486cf6,2025-04-06,0.0,Fear,34.0,0.0,3060.3452380952376,21,20.0,2433.3817046865743,64267.24999999999,0.0,0.047619047619047616,infrequent,consistent,False,high_leverage
0x3f9a0aadc7f04a7c9d75dc1b5a6ddd6e36486cf6,2025-04-09,110.553364,Extreme Fear,18.0,1.0,3388.287368421053,19,0.0,2290.234243509987,64377.46000000001,5.818598105263158,0.0,infrequent,consistent,True,high_leverage
0x3f9a0aadc7f04a7c9d75dc1b5a6ddd6e36486cf6,2025-04-10,0.0,Fear,39.0,0.0,10728.526666666667,6,5.0,8461.645710342935,64371.16,0.0,0.16666666666666666,infrequent,consistent,False,high_leverage
0x3f9a0aadc7f04a7c9d75dc1b5a6ddd6e36486cf6,2025-04-12,3593.989207,Fear,43.0,1.0,2517.1996296296297,27,0.0,1799.1144971349888,67964.39,133.11071137037038,0.4444444444444444,infrequent,consistent,True,high_leverage
0x3f9a0aadc7f04a7c9d75dc1b5a6ddd6e36486cf6,2025-04-13,0.0,Neutral,45.0,0.0,0.69,1,0.0,0.6899944110452705,0.69,0.0,1.0,infrequent,consistent,False,low_leverage
0x420ab45e0bd8863569a5efbb9c05d91f40624641,2024-12-06,0.0,Greed,72.0,0.0,10673.925777777777,45,0.0,1575.5265130200676,480326.66,0.0,0.4222222222222222,infrequent,moderate,False,high_leverage
0x420ab45e0bd8863569a5efbb9c05d91f40624641,2024-12-12,1762.46,Extreme Greed,83.0,1.0,6750.81,10,0.0,10.25711824654045,67508.1,176.246,0.5,infrequent,moderate,True,low_leverage
0x420ab45e0bd8863569a5efbb9c05d91f40624641,2024-12-17,27.63736,Extreme Greed,87.0,0.55,3976.0629999999996,20,0.1111111111111111,1594.580734386946,79521.26,1.381868,0.75,infrequent,moderate,True,high_leverage
0x420ab45e0bd8863569a5efbb9c05d91f40624641,2024-12-18,0.0,Extreme Greed,81.0,0.0,3081.5213636363637,44,0.0,3.9113401872879057,135586.94,0.0,0.022727272727272728,infrequent,moderate,False,low_leverage
0x420ab45e0bd8863569a5efbb9c05d91f40624641,2024-12-19,2229.5212300000003,Extreme Greed,75.0,1.0,4987.015,4,0.0,0.19896041013182542,19948.06,557.3803075000001,1.0,infrequent,moderate,True,low_leverage
0x420ab45e0bd8863569a5efbb9c05d91f40624641,2024-12-23,12082.95,Greed,70.0,1.0,13593.75,2,0.0,10.496482741273004,27187.5,6041.475,0.0,infrequent,moderate,True,low_leverage
0x420ab45e0bd8863569a5efbb9c05d91f40624641,2024-12-24,0.0,Greed,73.0,0.0,4312.501428571429,7,0.0,4.754869593982464,30187.510000000002,0.0,0.0,infrequent,moderate,False,low_leverage
0x420ab45e0bd8863569a5efbb9c05d91f40624641,2025-01-08,0.0,Greed,70.0,0.0,2966.789166666667,12,0.0,1.6365628488894088,35601.47,0.0,0.3333333333333333,infrequent,moderate,False,low_leverage
0x420ab45e0bd8863569a5efbb9c05d91f40624641,2025-01-15,0.0,Greed,70.0,0.0,48455.0,2,0.0,48227.49035521628,96910.0,0.0,0.0,infrequent,moderate,False,high_leverage
0x420ab45e0bd8863569a5efbb9c05d91f40624641,2025-01-16,0.0,Extreme Greed,75.0,0.0,1508.392,30,0.0,0.10031738456632301,45251.76,0.0,0.06666666666666667,infrequent,moderate,False,low_leverage
0x420ab45e0bd8863569a5efbb9c05d91f40624641,2025-02-08,0.0,Fear,44.0,0.0,10322.714,5,0.0,3624.902344998913,51613.57,0.0,0.0,infrequent,moderate,False,high_leverage
0x420ab45e0bd8863569a5efbb9c05d91f40624641,2025-02-14,0.0,Neutral,48.0,0.0,2078.9283333333333,12,0.0,448.1752962551577,24947.14,0.0,0.08333333333333333,infrequent,moderate,False,high_leverage
0x420ab45e0bd8863569a5efbb9c05d91f40624641,2025-03-08,11894.061848,Fear,28.0,1.0,5318.463636363636,11,0.0,0.5818537851975197,58503.1,1081.2783498181818,0.7272727272727273,infrequent,moderate,True,low_leverage
0x420ab45e0bd8863569a5efbb9c05d91f40624641,2025-03-11,9461.082288,Extreme Fear,24.0,0.04918032786885246,2446.7424590163937,61,0.05172413793103448,1071.0286623208997,149251.29,155.09970963934427,0.04918032786885246,infrequent,moderate,True,high_leverage
0x420ab45e0bd8863569a5efbb9c05d91f40624641,2025-03-14,16017.255710000001,Fear,27.0,1.0,1201.78,8,0.0,2.033612795697326,9614.24,2002.1569637500002,0.875,infrequent,moderate,True,low_leverage
0x420ab45e0bd8863569a5efbb9c05d91f40624641,2025-03-15,74293.663505,Neutral,46.0,1.0,3134.3723999999997,25,0.0,3.0845564307596947,78359.31,2971.7465402000003,0.08,infrequent,moderate,True,low_leverage
0x420ab45e0bd8863569a5efbb9c05d91f40624641,2025-03-18,63015.976505,Fear,34.0,1.0,22996.97,5,4.0,117.69731576085977,114984.85,12603.195301,0.0,infrequent,moderate,True,medium_leverage
0x420ab45e0bd8863569a5efbb9c05d91f40624641,2025-03-19,0.0,Fear,32.0,0.0,5839.154827586207,58,0.5675675675675675,2575.3150439917995,338670.98,0.0,0.0,infrequent,moderate,False,high_leverage
0x420ab45e0bd8863569a5efbb9c05d91f40624641,2025-03-25,0.0,Neutral,46.0,0.0,9047.907272727272,11,0.0,1435.5906536903292,99526.98,0.0,0.0,infrequent,moderate,False,high_leverage
0x420ab45e0bd8863569a5efbb9c05d91f40624641,2025-04-10,8720.984286,Fear,39.0,1.0,4002.4445454545453,11,0.0,7.623881293860327,44026.89,792.8167532727274,0.7272727272727273,infrequent,moderate,True,low_leverage
0x430f09841d65beb3f27765503d0f850b8bce7713,2024-04-20,0.0,Greed,66.0,0.0,2436.6825,20,0.0,146.59445145878425,48733.65,0.0,0.75,moderate,inconsistent,False,medium_leverage
0x430f09841d65beb3f27765503d0f850b8bce7713,2024-04-25,0.0,Greed,72.0,0.0,753.8510294117647,68,0.0,0.0014527698862159804,51261.869999999995,0.0,1.0,moderate,inconsistent,False,low_leverage
0x430f09841d65beb3f27765503d0f850b8bce7713,2024-06-19,0.0,Greed,64.0,0.0,7722.796666666666,3,0.0,6558.7274806743735,23168.39,0.0,0.3333333333333333,moderate,inconsistent,False,high_leverage
0x430f09841d65beb3f27765503d0f850b8bce7713,2024-06-20,57478.456026,Greed,60.0,1.0,21188.46875,8,0.0,0.9105506513995797,169507.75,7184.80700325,1.0,moderate,inconsistent,True,low_leverage
0x430f09841d65beb3f27765503d0f850b8bce7713,2024-07-23,88084.992348,Greed,71.0,1.0,1072.2595633187773,229,0.0,0.0180999196674159,245547.44,384.6506216069869,0.0,moderate,inconsistent,True,low_leverage
0x430f09841d65beb3f27765503d0f850b8bce7713,2024-07-24,0.0,Greed,69.0,0.0,0.335,2,0.0,0.002169257146830874,0.67,0.0,1.0,moderate,inconsistent,False,low_leverage
0x430f09841d65beb3f27765503d0f850b8bce7713,2024-07-25,0.0,Greed,68.0,0.0,0.94,1,0.0,0.0005961647781181243,0.94,0.0,1.0,moderate,inconsistent,False,low_leverage
0x430f09841d65beb3f27765503d0f850b8bce7713,2024-08-09,0.0,Neutral,48.0,0.0,0.12,1,0.0,1.5673439970307606e-05,0.12,0.0,1.0,moderate,inconsistent,False,low_leverage
0x430f09841d65beb3f27765503d0f850b8bce7713,2024-08-10,0.0,Fear,40.0,0.0,0.68,1,0.0,0.00012693198958051884,0.68,0.0,1.0,moderate,inconsistent,False,low_leverage
0x430f09841d65beb3f27765503d0f850b8bce7713,2024-08-12,0.0,Fear,25.0,0.0,0.61,1,0.0,0.00019965524422692902,0.61,0.0,1.0,moderate,inconsistent,False,low_leverage
0x430f09841d65beb3f27765503d0f850b8bce7713,2024-08-13,0.0,Fear,31.0,0.0,0.67,1,0.0,9.964622871587062e-06,0.67,0.0,1.0,moderate,inconsistent,False,low_leverage
0x430f09841d65beb3f27765503d0f850b8bce7713,2024-08-14,0.0,Fear,30.0,0.0,0.53,1,0.0,9.75109515672001e-05,0.53,0.0,1.0,moderate,inconsistent,False,low_leverage
0x430f09841d65beb3f27765503d0f850b8bce7713,2024-08-30,0.0,Fear,34.0,0.0,0.62,1,0.0,0.015872732472001383,0.62,0.0,1.0,moderate,inconsistent,False,low_leverage
0x430f09841d65beb3f27765503d0f850b8bce7713,2024-08-31,0.0,Fear,29.0,0.0,0.96,1,0.0,0.00016782251187641894,0.96,0.0,1.0,moderate,inconsistent,False,low_leverage
0x430f09841d65beb3f27765503d0f850b8bce7713,2024-09-11,0.0,Fear,37.0,0.0,0.54,1,0.0,1.5053595055218737e-05,0.54,0.0,1.0,moderate,inconsistent,False,low_leverage
0x430f09841d65beb3f27765503d0f850b8bce7713,2024-09-14,0.0,Neutral,50.0,0.0,0.65,1,0.0,0.00041818488151767195,0.65,0.0,1.0,moderate,inconsistent,False,low_leverage
0x430f09841d65beb3f27765503d0f850b8bce7713,2024-09-21,36165.56933,Neutral,54.0,1.0,7202.092173913044,23,0.0,0.6226517941816487,165648.12,1572.416057826087,1.0,moderate,inconsistent,True,low_leverage
0x430f09841d65beb3f27765503d0f850b8bce7713,2024-10-05,0.0,Neutral,49.0,0.0,0.61,1,0.0,0.0002687045577423929,0.61,0.0,1.0,moderate,inconsistent,False,low_leverage
0x430f09841d65beb3f27765503d0f850b8bce7713,2024-10-11,0.0,Fear,32.0,0.0,0.73,1,0.0,0.0001617316699406843,0.73,0.0,1.0,moderate,inconsistent,False,low_leverage
0x430f09841d65beb3f27765503d0f850b8bce7713,2024-11-29,124284.948775,Extreme Greed,78.0,1.0,8285.689333333334,15,0.0,0.6744581228140447,124285.34,8285.663251666667,1.0,moderate,inconsistent,True,low_leverage
0x430f09841d65beb3f27765503d0f850b8bce7713,2025-02-07,5615.052102,Fear,44.0,0.25806451612903225,4485.160645161291,93,2.875,5.036781764375333,417119.94,60.37690432258064,0.08602150537634409,moderate,inconsistent,True,low_leverage
0x430f09841d65beb3f27765503d0f850b8bce7713,2025-02-12,22795.8104,Neutral,46.0,0.4166666666666667,4261.555092592593,108,1.4,189.1291306186977,460247.95,211.0723185185185,0.8703703703703703,moderate,inconsistent,True,medium_leverage
0x430f09841d65beb3f27765503d0f850b8bce7713,2025-02-21,82117.04336,Greed,55.0,1.0,1500.5277647058824,255,0.0,0.1631636901712963,382634.58,322.0276210196078,0.00392156862745098,moderate,inconsistent,True,low_leverage
0x430f09841d65beb3f27765503d0f850b8bce7713,2025-04-09,0.0,Extreme Fear,18.0,0.0,5570.2651898734175,79,0.0,637.4264612364085,440050.95,0.0,0.0,moderate,inconsistent,False,high_leverage
0x430f09841d65beb3f27765503d0f850b8bce7713,2025-04-16,0.0,Fear,29.0,0.0,1231.3267948717948,78,0.0,3.7107941528921287,96043.49,0.0,0.0,moderate,inconsistent,False,low_leverage
0x430f09841d65beb3f27765503d0f850b8bce7713,2025-04-18,0.0,Fear,33.0,0.0,1514.5613793103448,58,0.0,0.023546687521504458,87844.56,0.0,0.0,moderate,inconsistent,False,low_leverage
0x430f09841d65beb3f27765503d0f850b8bce7713,2025-04-26,0.0,Greed,65.0,0.0,838.0906060606061,132,0.0,0.007580799557646133,110627.96,0.0,0.0,moderate,inconsistent,False,low_leverage
0x430f09841d65beb3f27765503d0f850b8bce7713,2025-04-29,0.0,Greed,60.0,0.0,2655.1648148148147,54,0.0,0.017126314312444837,143378.9,0.0,0.6481481481481481,moderate,inconsistent,False,low_leverage
0x47add9a56df66b524d5e2c1993a43cde53b6ed85,2024-11-30,8.570313,Extreme Greed,84.0,0.125,249.58375,8,7.0,23.3417648931424,1996.67,1.071289125,0.75,moderate,consistent,True,medium_leverage
0x47add9a56df66b524d5e2c1993a43cde53b6ed85,2024-12-01,197.422418,Extreme Greed,81.0,0.5,358.71500000000003,4,1.0,1.9472332676148343,1434.8600000000001,49.3556045,0.75,moderate,consistent,True,low_leverage
0x47add9a56df66b524d5e2c1993a43cde53b6ed85,2024-12-03,30.727222,Extreme Greed,76.0,0.023809523809523808,330.0188095238095,42,1.625,42.30484567424003,13860.79,0.7316005238095238,0.7380952380952381,moderate,consistent,True,medium_leverage
0x47add9a56df66b524d5e2c1993a43cde53b6ed85,2024-12-04,910.584797,Extreme Greed,78.0,0.13725490196078433,795.8152941176471,102,0.6190476190476191,4.1650252566620045,81173.16,8.927301931372549,0.6568627450980392,moderate,consistent,True,low_leverage
0x47add9a56df66b524d5e2c1993a43cde53b6ed85,2024-12-05,3174.023699,Extreme Greed,84.0,0.36551724137931035,587.6594137931035,290,1.0,30.54180455076215,170421.23,10.944909306896552,0.7827586206896552,moderate,consistent,True,medium_leverage
0x47add9a56df66b524d5e2c1993a43cde53b6ed85,2024-12-06,514.886454,Greed,72.0,0.2962962962962963,1009.2267592592593,108,1.297872340425532,39.724544158262624,108996.49,4.767467166666666,0.8888888888888888,moderate,consistent,True,medium_leverage
0x47add9a56df66b524d5e2c1993a43cde53b6ed85,2024-12-07,1040.616939,Extreme Greed,75.0,0.35,580.1653888888889,180,0.8556701030927835,64.43162479462646,104429.77,5.781205216666667,0.8388888888888889,moderate,consistent,True,medium_leverage
0x47add9a56df66b524d5e2c1993a43cde53b6ed85,2024-12-08,227.072158,Extreme Greed,79.0,0.36231884057971014,423.3769565217391,69,0.9166666666666666,12.99064120969313,29213.01,3.29090084057971,0.7971014492753623,moderate,consistent,True,low_leverage
0x47add9a56df66b524d5e2c1993a43cde53b6ed85,2024-12-09,311.290605,Extreme Greed,78.0,0.34545454545454546,399.53854545454544,55,1.391304347826087,23.00645457371634,21974.62,5.659829181818182,0.8,moderate,consistent,True,medium_leverage
0x47add9a56df66b524d5e2c1993a43cde53b6ed85,2024-12-10,1474.670598,Extreme Greed,78.0,0.36813186813186816,512.06510989011,182,1.4931506849315068,140.61635603509083,93195.85,8.102585703296702,0.7857142857142857,moderate,consistent,True,medium_leverage
0x47add9a56df66b524d5e2c1993a43cde53b6ed85,2024-12-11,1157.689489,Greed,74.0,0.3353846153846154,307.6034769230769,325,0.5625,16.32303936037643,99971.13,3.562121504615385,0.5907692307692308,moderate,consistent,True,medium_leverage
0x47add9a56df66b524d5e2c1993a43cde53b6ed85,2024-12-12,574.398074,Extreme Greed,83.0,0.2893081761006289,458.38842767295597,159,0.8928571428571429,78.55543716397321,72883.76,3.6125665031446537,0.8742138364779874,moderate,consistent,True,medium_leverage
0x47add9a56df66b524d5e2c1993a43cde53b6ed85,2024-12-13,587.630504,Extreme Greed,76.0,0.35135135135135137,573.9341216216217,148,1.1142857142857143,86.94174471186733,84942.25,3.970476378378378,0.8108108108108109,moderate,consistent,True,medium_leverage
0x47add9a56df66b524d5e2c1993a43cde53b6ed85,2024-12-14,1178.021061,Extreme Greed,83.0,0.45161290322580644,488.356935483871,62,1.3846153846153846,90.11360665706601,30278.13,19.000339693548387,0.7580645161290323,moderate,consistent,True,medium_leverage
0x47add9a56df66b524d5e2c1993a43cde53b6ed85,2024-12-15,10303.889423,Extreme Greed,80.0,0.40331491712707185,622.4760773480663,181,1.0804597701149425,30.55819795997223,112668.17,56.92756587292818,0.8729281767955801,moderate,consistent,True,medium_leverage
0x47add9a56df66b524d5e2c1993a43cde53b6ed85,2024-12-16,333.398209,Extreme Greed,83.0,0.29347826086956524,574.7419565217391,92,0.6428571428571429,129.9012410740588,52876.26,3.6238935760869566,0.8695652173913043,moderate,consistent,True,medium_leverage
0x47add9a56df66b524d5e2c1993a43cde53b6ed85,2024-12-17,21172.081622,Extreme Greed,87.0,0.29292929292929293,327.79242424242426,396,0.6032388663967612,20.28495911439047,129805.8,53.464852580808085,0.5782828282828283,moderate,consistent,True,medium_leverage
0x47add9a56df66b524d5e2c1993a43cde53b6ed85,2024-12-18,3311.822419,Extreme Greed,81.0,0.2079646017699115,380.76508849557524,226,1.073394495412844,32.635857394831746,86052.91,14.6540815,0.8495575221238938,moderate,consistent,True,medium_leverage
0x47add9a56df66b524d5e2c1993a43cde53b6ed85,2024-12-19,3491.018544,Extreme Greed,75.0,0.4666666666666667,427.7865185185185,135,1.2131147540983607,22.080382431606864,57751.18,25.85939662222222,0.7333333333333333,moderate,consistent,True,medium_leverage
0x47add9a56df66b524d5e2c1993a43cde53b6ed85,2024-12-20,6049.6938279999995,Greed,74.0,0.421875,718.267421875,128,1.206896551724138,116.4061964114224,91938.23,47.263233031249996,0.75,moderate,consistent,True,medium_leverage
0x47add9a56df66b524d5e2c1993a43cde53b6ed85,2024-12-21,7454.276452,Greed,73.0,0.37554585152838427,475.0544978165939,229,0.4049079754601227,47.401153783227635,108787.48,32.55142555458515,0.7729257641921398,moderate,consistent,True,medium_leverage
0x47add9a56df66b524d5e2c1993a43cde53b6ed85,2024-12-22,1063.854341,Greed,73.0,0.29411764705882354,441.9328431372549,102,1.04,23.19756086888268,45077.15,10.429944519607844,0.696078431372549,moderate,consistent,True,medium_leverage
0x47add9a56df66b524d5e2c1993a43cde53b6ed85,2024-12-23,4704.4420789999995,Greed,70.0,0.39711934156378603,478.66473251028805,486,0.944,40.97404142956397,232631.06,9.679921973251028,0.668724279835391,moderate,consistent,True,medium_leverage
0x47add9a56df66b524d5e2c1993a43cde53b6ed85,2024-12-24,1506.989241,Greed,73.0,0.4214876033057851,393.04826446280987,121,0.8615384615384616,65.28476484599003,47558.84,12.454456537190083,0.7272727272727273,moderate,consistent,True,medium_leverage
0x47add9a56df66b524d5e2c1993a43cde53b6ed85,2024-12-25,271.246809,Greed,73.0,0.30303030303030304,434.2566666666667,99,0.7068965517241379,39.68742766651172,42991.41,2.7398667575757574,0.7878787878787878,moderate,consistent,True,medium_leverage
0x47add9a56df66b524d5e2c1993a43cde53b6ed85,2024-12-26,9136.439892,Extreme Greed,79.0,0.35,875.6657499999999,160,0.40350877192982454,0.36043456880930985,140106.52,57.102749325000005,0.56875,moderate,consistent,True,low_leverage
0x47add9a56df66b524d5e2c1993a43cde53b6ed85,2024-12-27,1473.2450880000001,Greed,74.0,0.6086956521739131,439.5926086956522,115,1.5555555555555556,12.115447131533807,50553.15,12.810826852173914,0.3652173913043478,moderate,consistent,True,low_leverage
0x47add9a56df66b524d5e2c1993a43cde53b6ed85,2024-12-28,74.156745,Greed,72.0,0.23255813953488372,286.27116279069764,43,0.30303030303030304,5.909193051880621,12309.66,1.724575465116279,0.3953488372093023,moderate,consistent,True,low_leverage
0x47add9a56df66b524d5e2c1993a43cde53b6ed85,2024-12-29,1609.679253,Greed,73.0,0.42391304347826086,473.0703260869565,92,1.0909090909090908,66.2647687505362,43522.47,17.496513619565217,0.41304347826086957,moderate,consistent,True,medium_leverage
0x47add9a56df66b524d5e2c1993a43cde53b6ed85,2024-12-30,240.749155,Greed,65.0,0.5084745762711864,530.9594915254237,59,1.565217391304348,37.69740067210205,31326.61,4.080494152542373,0.6949152542372882,moderate,consistent,True,medium_leverage
0x47add9a56df66b524d5e2c1993a43cde53b6ed85,2024-12-31,97.688169,Greed,64.0,0.0707070707070707,541.9542424242425,99,0.5230769230769231,114.34777129206873,53653.47,0.9867491818181818,0.5555555555555556,moderate,consistent,True,medium_leverage
0x47add9a56df66b524d5e2c1993a43cde53b6ed85,2025-01-01,17.784696,Greed,66.0,0.1875,632.90125,16,1.2857142857142858,242.8242297328286,10126.42,1.1115435,1.0,moderate,consistent,True,medium_leverage
0x47add9a56df66b524d5e2c1993a43cde53b6ed85,2025-01-02,677.276764,Greed,70.0,0.4777777777777778,548.5241111111111,90,0.5,66.62526726132208,49367.17,7.525297377777777,0.6888888888888889,moderate,consistent,True,medium_leverage
0x47add9a56df66b524d5e2c1993a43cde53b6ed85,2025-01-03,846.655814,Greed,74.0,0.23529411764705882,321.5754901960784,102,1.0,15.97463137289594,32800.7,8.300547196078432,0.7549019607843137,moderate,consistent,True,medium_leverage
0x47add9a56df66b524d5e2c1993a43cde53b6ed85,2025-01-04,73.451675,Greed,73.0,0.2631578947368421,628.7080701754386,57,0.5405405405405406,115.11405962138794,35836.36,1.2886258771929824,0.9473684210526315,moderate,consistent,True,medium_leverage
0x47add9a56df66b524d5e2c1993a43cde53b6ed85,2025-01-05,8.594753,Greed,72.0,0.10526315789473684,439.9673684210526,38,0.02702702702702703,20.7301533309407,16718.76,0.2261777105263158,0.39473684210526316,moderate,consistent,True,medium_leverage
0x47add9a56df66b524d5e2c1993a43cde53b6ed85,2025-01-06,559.643925,Extreme Greed,76.0,0.20238095238095238,414.94607142857143,84,0.47368421052631576,15.887022553886792,34855.47,6.6624276785714285,0.5238095238095238,moderate,consistent,True,medium_leverage
0x47add9a56df66b524d5e2c1993a43cde53b6ed85,2025-01-07,289.257865,Extreme Greed,78.0,0.775,1311.98475,40,3.0,47.063391745364484,52479.39,7.231446624999999,0.75,moderate,consistent,True,medium_leverage
0x47add9a56df66b524d5e2c1993a43cde53b6ed85,2025-01-08,1377.989592,Greed,70.0,0.3155080213903743,524.9171122994652,187,2.0161290322580645,79.25179397506116,98159.5,7.3689282994652405,0.679144385026738,moderate,consistent,True,medium_leverage
0x47add9a56df66b524d5e2c1993a43cde53b6ed85,2025-01-09,279.587921,Greed,69.0,0.18947368421052632,498.5522105263158,95,0.9,114.39450133583598,47362.46,2.943030747368421,0.5789473684210527,moderate,consistent,True,medium_leverage
0x47add9a56df66b524d5e2c1993a43cde53b6ed85,2025-01-10,-271.259943,Neutral,50.0,0.26804123711340205,586.3769072164948,97,0.6724137931034483,137.09624633690655,56878.56,-2.796494257731959,0.6494845360824743,moderate,consistent,False,medium_leverage
0x47add9a56df66b524d5e2c1993a43cde53b6ed85,2025-01-11,71.39075800000003,Greed,69.0,0.1794871794871795,484.43128205128204,39,0.6956521739130435,3.07387263000955,18892.82,1.8305322564102573,0.6410256410256411,moderate,consistent,True,low_leverage
0x47add9a56df66b524d5e2c1993a43cde53b6ed85,2025-01-12,103.67729899999999,Greed,62.0,0.13636363636363635,282.01,44,0.29411764705882354,22.185702355005372,12408.44,2.3563022499999997,0.5,moderate,consistent,True,medium_leverage
0x47add9a56df66b524d5e2c1993a43cde53b6ed85,2025-01-13,218.429393,Greed,61.0,0.11940298507462686,540.2710447761193,67,0.717948717948718,6.005216061633298,36198.159999999996,3.2601401940298507,0.7014925373134329,moderate,consistent,True,low_leverage
0x47add9a56df66b524d5e2c1993a43cde53b6ed85,2025-01-14,992.803005,Greed,63.0,0.31645569620253167,484.3945569620253,79,0.6458333333333334,76.15089512133342,38267.17,12.567126645569621,0.6455696202531646,moderate,consistent,True,medium_leverage
0x47add9a56df66b524d5e2c1993a43cde53b6ed85,2025-01-15,361.155853,Greed,70.0,0.375,792.0838888888889,72,0.3090909090909091,64.50184863313918,57030.04,5.016053513888888,0.5138888888888888,moderate,consistent,True,medium_leverage
0x47add9a56df66b524d5e2c1993a43cde53b6ed85,2025-01-16,319.22369499999996,Extreme Greed,75.0,0.26136363636363635,467.3454545454546,88,0.31343283582089554,35.110209872149085,41126.4,3.6275419886363633,0.5909090909090909,moderate,consistent,True,medium_leverage
0x47add9a56df66b524d5e2c1993a43cde53b6ed85,2025-01-17,498.16985999999997,Extreme Greed,75.0,0.5,558.7280000000001,50,0.6666666666666666,4.676305190808538,27936.4,9.9633972,0.64,moderate,consistent,True,low_leverage
0x47add9a56df66b524d5e2c1993a43cde53b6ed85,2025-01-18,307.105046,Extreme Greed,77.0,0.5,583.8729411764706,34,1.125,47.264530639426596,19851.68,9.032501352941177,0.7941176470588235,moderate,consistent,True,medium_leverage
0x47add9a56df66b524d5e2c1993a43cde53b6ed85,2025-01-19,541.742729,Extreme Greed,77.0,0.37037037037037035,855.0277777777778,27,1.25,11.980432376621222,23085.75,20.06454551851852,0.7037037037037037,moderate,consistent,True,low_leverage
0x47add9a56df66b524d5e2c1993a43cde53b6ed85,2025-01-20,2262.94445,Extreme Greed,76.0,0.5606060606060606,1131.5053030303031,66,2.473684210526316,58.199521474624625,74679.35,34.28703712121212,0.8333333333333334,moderate,consistent,True,medium_leverage
0x47add9a56df66b524d5e2c1993a43cde53b6ed85,2025-01-21,287.821918,Extreme Greed,76.0,0.46153846153846156,645.536153846154,13,2.25,162.451858379817,8391.970000000001,22.140147538461537,0.46153846153846156,moderate,consistent,True,medium_leverage
0x47add9a56df66b524d5e2c1993a43cde53b6ed85,2025-01-22,2867.6138889999997,Extreme Greed,84.0,0.35714285714285715,587.97,98,0.32432432432432434,18.302254327624993,57621.06,29.26136621428571,0.826530612244898,moderate,consistent,True,medium_leverage
0x47add9a56df66b524d5e2c1993a43cde53b6ed85,2025-01-23,420.491149,Extreme Greed,75.0,0.46153846153846156,501.15999999999997,26,2.7142857142857144,9.464013102684318,13030.16,16.1727365,0.6153846153846154,moderate,consistent,True,low_leverage
0x47add9a56df66b524d5e2c1993a43cde53b6ed85,2025-01-24,553.5255989999999,Extreme Greed,75.0,0.45,583.839,40,2.3333333333333335,0.30077819931350586,23353.56,13.838139974999999,0.65,moderate,consistent,True,low_leverage
0x47add9a56df66b524d5e2c1993a43cde53b6ed85,2025-01-25,416.148576,Extreme Greed,75.0,0.5555555555555556,607.7458333333333,36,1.1176470588235294,96.33233582058729,21878.85,11.559682666666667,0.7777777777777778,moderate,consistent,True,medium_leverage
0x47add9a56df66b524d5e2c1993a43cde53b6ed85,2025-01-26,535.938645,Greed,73.0,0.8888888888888888,586.3983333333333,18,0.2857142857142857,0.26877786967575046,10555.17,29.774369166666663,0.8333333333333334,moderate,consistent,True,low_leverage
0x47add9a56df66b524d5e2c1993a43cde53b6ed85,2025-01-27,1295.825632,Greed,71.0,0.40963855421686746,600.4903614457832,83,4.1875,83.37997924453121,49840.7,15.612357012048193,0.8795180722891566,moderate,consistent,True,medium_leverage
0x47add9a56df66b524d5e2c1993a43cde53b6ed85,2025-01-28,475.702642,Greed,72.0,0.627906976744186,577.776511627907,43,0.22857142857142856,39.93773378958176,24844.39,11.062852139534884,0.627906976744186,moderate,consistent,True,medium_leverage
0x47add9a56df66b524d5e2c1993a43cde53b6ed85,2025-01-29,41.935052,Greed,72.0,0.21428571428571427,446.21642857142854,14,13.0,67.59587201350935,6247.03,2.995360857142857,0.35714285714285715,moderate,consistent,True,medium_leverage
0x47add9a56df66b524d5e2c1993a43cde53b6ed85,2025-01-30,783.829317,Greed,70.0,0.4318181818181818,634.8495454545455,44,0.1,5.6555540292975,27933.38,17.81430265909091,0.6590909090909091,moderate,consistent,True,low_leverage
0x47add9a56df66b524d5e2c1993a43cde53b6ed85,2025-01-31,488.582241,Extreme Greed,76.0,0.40350877192982454,426.12614035087717,57,0.2391304347826087,42.29478654167164,24289.19,8.571618263157895,0.7543859649122807,moderate,consistent,True,medium_leverage
0x47add9a56df66b524d5e2c1993a43cde53b6ed85,2025-02-01,526.448209,Greed,68.0,0.696969696969697,490.5812121212121,33,2.3,35.47917371449378,16189.18,15.95297603030303,0.696969696969697,moderate,consistent,True,medium_leverage
0x47add9a56df66b524d5e2c1993a43cde53b6ed85,2025-02-02,-782.6517170000001,Greed,60.0,0.25,475.55675925925925,108,3.32,29.920083897438573,51360.13,-7.246775157407408,0.7037037037037037,moderate,consistent,False,medium_leverage
0x47add9a56df66b524d5e2c1993a43cde53b6ed85,2025-02-03,2440.916534,Fear,44.0,0.4010989010989011,633.5157142857142,182,1.4594594594594594,112.93217509456352,115299.86,13.411629307692307,0.7967032967032966,moderate,consistent,True,medium_leverage
0x47add9a56df66b524d5e2c1993a43cde53b6ed85,2025-02-04,874.3810560000001,Greed,72.0,0.47058823529411764,389.9655882352941,34,0.7,34.483900576515815,13258.83,25.717089882352944,0.7352941176470589,moderate,consistent,True,medium_leverage
0x47add9a56df66b524d5e2c1993a43cde53b6ed85,2025-02-05,32.72269,Neutral,54.0,0.3333333333333333,431.90000000000003,3,2.0,244.19304499315788,1295.7,10.907563333333334,1.0,moderate,consistent,True,medium_leverage
0x47add9a56df66b524d5e2c1993a43cde53b6ed85,2025-02-06,922.6724320000001,Neutral,49.0,0.23809523809523808,414.6168253968254,63,1.625,55.39396513053936,26120.86,14.64559415873016,0.746031746031746,moderate,consistent,True,medium_leverage
0x47add9a56df66b524d5e2c1993a43cde53b6ed85,2025-02-07,126.11297599999999,Fear,44.0,0.8235294117647058,288.2288235294118,17,1.125,0.10560464661838005,4899.89,7.418410352941176,0.5294117647058824,moderate,consistent,True,low_leverage
0x47add9a56df66b524d5e2c1993a43cde53b6ed85,2025-02-08,78.902492,Fear,44.0,0.22727272727272727,532.6045454545455,22,6.333333333333333,113.19266053441044,11717.3,3.586476909090909,0.9545454545454546,moderate,consistent,True,medium_leverage
0x47add9a56df66b524d5e2c1993a43cde53b6ed85,2025-02-09,378.027954,Neutral,46.0,0.7586206896551724,352.76931034482755,29,0.45,9.719924790990786,10230.31,13.035446689655172,0.9310344827586207,moderate,consistent,True,low_leverage
0x47add9a56df66b524d5e2c1993a43cde53b6ed85,2025-02-10,4.42722,Fear,43.0,0.3333333333333333,521.32,6,0.0,0.5732552002822373,3127.92,0.73787,0.3333333333333333,moderate,consistent,True,low_leverage
0x47add9a56df66b524d5e2c1993a43cde53b6ed85,2025-02-11,314.918282,Neutral,47.0,0.4117647058823529,456.26176470588234,17,0.4166666666666667,107.77618792232414,7756.45,18.524604823529412,0.8235294117647058,moderate,consistent,True,medium_leverage
0x47add9a56df66b524d5e2c1993a43cde53b6ed85,2025-02-12,117.09923500000001,Neutral,46.0,0.8,661.658,5,1.5,204.89018399612104,3308.29,23.419847,1.0,moderate,consistent,True,medium_leverage
0x47add9a56df66b524d5e2c1993a43cde53b6ed85,2025-02-13,534.854304,Neutral,50.0,0.574468085106383,383.71595744680855,47,0.3055555555555556,41.301589906547065,18034.65,11.379878808510638,0.6595744680851063,moderate,consistent,True,medium_leverage
0x47add9a56df66b524d5e2c1993a43cde53b6ed85,2025-02-14,-10.630689999999959,Neutral,48.0,0.6808510638297872,315.5821276595745,47,0.34285714285714286,0.8473075349306455,14832.36,-0.2261848936170204,0.7872340425531915,moderate,consistent,False,low_leverage
0x47add9a56df66b524d5e2c1993a43cde53b6ed85,2025-02-15,231.07204,Neutral,50.0,0.23809523809523808,367.2038095238095,21,1.1,20.561543100173818,7711.28,11.003430476190475,0.6190476190476191,moderate,consistent,True,medium_leverage
0x47add9a56df66b524d5e2c1993a43cde53b6ed85,2025-02-16,278.922501,Neutral,54.0,0.4146341463414634,396.6439024390244,41,3.1,0.29312585543131314,16262.4,6.802987829268293,0.9024390243902439,moderate,consistent,True,low_leverage
0x47add9a56df66b524d5e2c1993a43cde53b6ed85,2025-02-17,19.482565,Neutral,51.0,0.38461538461538464,392.2353846153846,13,2.25,15.234386609913676,5099.0599999999995,1.4986588461538461,0.6923076923076923,moderate,consistent,True,medium_leverage
0x47add9a56df66b524d5e2c1993a43cde53b6ed85,2025-02-18,336.64107,Neutral,47.0,0.37037037037037035,415.7527777777778,54,2.375,35.94142721828758,22450.65,6.234093888888889,0.6851851851851852,moderate,consistent,True,medium_leverage
0x47add9a56df66b524d5e2c1993a43cde53b6ed85,2025-02-19,89.261197,Fear,44.0,0.2727272727272727,303.90090909090907,22,6.333333333333333,34.72964297336694,6685.82,4.057327136363636,0.7727272727272727,moderate,consistent,True,medium_leverage
0x47add9a56df66b524d5e2c1993a43cde53b6ed85,2025-02-20,168.023469,Neutral,49.0,0.8461538461538461,378.7576923076923,13,1.1666666666666667,1.369801513674653,4923.85,12.924882230769231,1.0,moderate,consistent,True,low_leverage
0x47add9a56df66b524d5e2c1993a43cde53b6ed85,2025-02-21,165.776644,Greed,55.0,0.7333333333333333,301.59066666666666,15,0.6666666666666666,27.097422376259782,4523.86,11.051776266666668,0.9333333333333333,moderate,consistent,True,medium_leverage
0x47add9a56df66b524d5e2c1993a43cde53b6ed85,2025-02-22,31.523152,Neutral,49.0,0.1111111111111111,343.53666666666663,18,0.5,91.94723156954066,6183.66,1.7512862222222223,0.5555555555555556,moderate,consistent,True,medium_leverage
0x47add9a56df66b524d5e2c1993a43cde53b6ed85,2025-02-23,122.057796,Neutral,50.0,0.7142857142857143,369.9928571428572,7,6.0,0.2599129383232638,2589.9500000000003,17.436828,0.8571428571428571,moderate,consistent,True,low_leverage
0x47add9a56df66b524d5e2c1993a43cde53b6ed85,2025-02-24,437.185458,Neutral,49.0,0.3793103448275862,543.7444827586207,29,6.25,21.562221573919306,15768.59,15.075360620689654,0.5862068965517241,moderate,consistent,True,medium_leverage
0x47add9a56df66b524d5e2c1993a43cde53b6ed85,2025-02-25,3455.584856,Fear,25.0,0.3684210526315789,512.5179473684211,190,2.7254901960784315,78.05848737074108,97378.41,18.187288715789474,0.5736842105263158,moderate,consistent,True,medium_leverage
0x47add9a56df66b524d5e2c1993a43cde53b6ed85,2025-02-26,-200.798196,Extreme Fear,21.0,0.10714285714285714,603.3185714285713,28,0.16666666666666666,149.94689951409254,16892.92,-7.171364142857143,0.6428571428571429,moderate,consistent,False,medium_leverage
0x47add9a56df66b524d5e2c1993a43cde53b6ed85,2025-02-27,-195.841458,Extreme Fear,10.0,0.05555555555555555,330.11833333333334,18,0.6363636363636364,186.210283047878,5942.13,-10.880080999999999,0.7777777777777778,moderate,consistent,False,medium_leverage
0x47add9a56df66b524d5e2c1993a43cde53b6ed85,2025-02-28,933.170538,Extreme Fear,16.0,0.36619718309859156,514.1759154929578,71,1.9583333333333333,148.65805498416051,36506.49,13.143247014084507,0.6197183098591549,moderate,consistent,True,medium_leverage
0x47add9a56df66b524d5e2c1993a43cde53b6ed85,2025-03-01,109.593094,Extreme Fear,20.0,0.4444444444444444,617.1918518518519,27,0.22727272727272727,246.33589297569148,16664.18,4.059003481481481,0.6666666666666666,moderate,consistent,True,medium_leverage
0x47add9a56df66b524d5e2c1993a43cde53b6ed85,2025-03-02,349.12092600000005,Fear,26.0,0.38095238095238093,1106.6938095238095,21,0.16666666666666666,573.3691468404598,23240.57,16.624806000000003,0.42857142857142855,moderate,consistent,True,high_leverage
0x47add9a56df66b524d5e2c1993a43cde53b6ed85,2025-03-03,376.017126,Fear,33.0,0.36363636363636365,591.2160606060606,33,0.2692307692307692,146.44463785376334,19510.13,11.394458363636364,0.9090909090909091,moderate,consistent,True,medium_leverage
0x47add9a56df66b524d5e2c1993a43cde53b6ed85,2025-03-04,444.266681,Extreme Fear,15.0,0.21875,502.8234375,32,31.0,100.56938637123525,16090.35,13.88333378125,0.875,moderate,consistent,True,medium_leverage
0x47add9a56df66b524d5e2c1993a43cde53b6ed85,2025-03-05,423.18325600000003,Extreme Fear,20.0,0.2857142857142857,550.0914285714285,21,1.625,152.71217582892996,11551.92,20.15158361904762,0.42857142857142855,moderate,consistent,True,medium_leverage
0x47add9a56df66b524d5e2c1993a43cde53b6ed85,2025-03-06,102.92652,Fear,25.0,0.5,742.9966666666666,12,0.5,239.68150971188868,8915.96,8.57721,0.75,moderate,consistent,True,medium_leverage
0x47add9a56df66b524d5e2c1993a43cde53b6ed85,2025-03-07,781.670551,Fear,34.0,0.25806451612903225,463.668064516129,62,2.263157894736842,95.29119797058802,28747.42,12.607589532258066,0.7580645161290323,moderate,consistent,True,medium_leverage
0x47add9a56df66b524d5e2c1993a43cde53b6ed85,2025-03-08,119.3611,Fear,28.0,0.22580645161290322,449.9274193548387,31,5.2,7.52009120841945,13947.75,3.850358064516129,0.41935483870967744,moderate,consistent,True,low_leverage
0x47add9a56df66b524d5e2c1993a43cde53b6ed85,2025-03-09,0.0,Fear,27.0,0.0,827.6537500000001,8,0.0,7.145078649406495,6621.2300000000005,0.0,0.25,moderate,consistent,False,low_leverage
0x47add9a56df66b524d5e2c1993a43cde53b6ed85,2025-03-10,0.0,Extreme Fear,20.0,0.0,734.3568750000001,16,0.0,3.469405268227008,11749.710000000001,0.0,0.8125,moderate,consistent,False,low_leverage
0x47add9a56df66b524d5e2c1993a43cde53b6ed85,2025-03-11,266.837111,Extreme Fear,24.0,0.125,504.60375,32,2.2,24.194361096888994,16147.32,8.33865971875,0.8125,moderate,consistent,True,medium_leverage
0x47add9a56df66b524d5e2c1993a43cde53b6ed85,2025-03-12,78.714444,Fear,34.0,0.42857142857142855,738.5457142857142,7,0.0,35.14009047108848,5169.82,11.24492057142857,1.0,moderate,consistent,True,medium_leverage
0x47add9a56df66b524d5e2c1993a43cde53b6ed85,2025-03-13,-1.2672399999999993,Neutral,45.0,0.2222222222222222,364.46555555555557,9,8.0,33.789326912455635,3280.19,-0.14080444444444437,0.6666666666666666,moderate,consistent,False,medium_leverage
0x47add9a56df66b524d5e2c1993a43cde53b6ed85,2025-03-15,202.313183,Neutral,46.0,0.8333333333333334,837.4561111111111,36,0.09090909090909091,25.695743510584087,30148.420000000002,5.6198106388888895,0.8888888888888888,moderate,consistent,True,medium_leverage
0x47add9a56df66b524d5e2c1993a43cde53b6ed85,2025-03-16,-6.342484000000001,Fear,30.0,0.2857142857142857,569.8328571428572,7,6.0,74.69100994795963,3988.83,-0.9060691428571429,0.8571428571428571,moderate,consistent,False,medium_leverage
0x47add9a56df66b524d5e2c1993a43cde53b6ed85,2025-03-17,-31.277088,Fear,32.0,0.0,705.3433333333334,3,0.0,494.021955816102,2116.03,-10.425696,0.6666666666666666,moderate,consistent,False,high_leverage
0x47add9a56df66b524d5e2c1993a43cde53b6ed85,2025-03-19,-2.8135689999999993,Fear,32.0,0.16666666666666666,485.3908333333334,12,0.09090909090909091,57.81203724222599,5824.6900000000005,-0.23446408333333327,0.8333333333333334,moderate,consistent,False,medium_leverage
0x47add9a56df66b524d5e2c1993a43cde53b6ed85,2025-03-20,-147.78931200000002,Neutral,49.0,0.7,769.2385,20,0.8181818181818182,416.9553812017037,15384.77,-7.389465600000001,0.8,moderate,consistent,False,medium_leverage
0x47add9a56df66b524d5e2c1993a43cde53b6ed85,2025-03-21,39.1247,Fear,31.0,0.3333333333333333,494.46000000000004,6,0.5,3.8634652792652804,2966.76,6.520783333333333,0.8333333333333334,moderate,consistent,True,low_leverage
0x47add9a56df66b524d5e2c1993a43cde53b6ed85,2025-03-22,-1184.046158,Fear,32.0,0.0,340.78363636363633,11,0.0,0.10872818983603473,3748.62,-107.64055981818183,0.6363636363636364,moderate,consistent,False,low_leverage
0x47add9a56df66b524d5e2c1993a43cde53b6ed85,2025-03-23,0.0,Fear,30.0,0.0,374.475,2,0.0,0.009593946256144582,748.95,0.0,1.0,moderate,consistent,False,low_leverage
0x47add9a56df66b524d5e2c1993a43cde53b6ed85,2025-03-24,-216.431703,Neutral,45.0,0.4,545.196,25,0.47058823529411764,67.15376636125353,13629.9,-8.65726812,0.52,moderate,consistent,False,medium_leverage
0x47add9a56df66b524d5e2c1993a43cde53b6ed85,2025-03-25,87.95347999999998,Neutral,46.0,0.3333333333333333,377.80999999999995,3,0.5,0.12758796227357652,1133.4299999999998,29.31782666666666,0.6666666666666666,moderate,consistent,True,low_leverage
0x47add9a56df66b524d5e2c1993a43cde53b6ed85,2025-03-26,69.285,Neutral,47.0,0.3333333333333333,749.9666666666667,3,0.0,0.1758927233015749,2249.9,23.095,0.0,moderate,consistent,True,low_leverage
0x47add9a56df66b524d5e2c1993a43cde53b6ed85,2025-03-30,0.0,Fear,32.0,0.0,250.07333333333335,3,0.0,0.08245852716790576,750.22,0.0,1.0,moderate,consistent,False,low_leverage
0x47add9a56df66b524d5e2c1993a43cde53b6ed85,2025-03-31,798.187528,Fear,34.0,0.3125,471.555,16,15.0,169.69710260705685,7544.88,49.8867205,0.9375,moderate,consistent,True,medium_leverage
0x47add9a56df66b524d5e2c1993a43cde53b6ed85,2025-04-01,-680.287463,Fear,34.0,0.3157894736842105,247.43947368421055,19,0.46153846153846156,6.85395903358911,4701.35,-35.80460331578947,1.0,moderate,consistent,False,low_leverage
0x47add9a56df66b524d5e2c1993a43cde53b6ed85,2025-04-02,93.006465,Fear,44.0,0.75,405.9275,4,3.0,8.305141465345582,1623.71,23.25161625,0.75,moderate,consistent,True,low_leverage
0x47add9a56df66b524d5e2c1993a43cde53b6ed85,2025-04-03,7.052034,Fear,25.0,0.14285714285714285,635.2357142857143,14,6.0,96.95071269188567,8893.3,0.5037167142857143,0.42857142857142855,moderate,consistent,True,medium_leverage
0x47add9a56df66b524d5e2c1993a43cde53b6ed85,2025-04-04,0.0,Fear,28.0,0.0,874.78,2,0.0,12.617511514674034,1749.56,0.0,1.0,moderate,consistent,False,low_leverage
0x47add9a56df66b524d5e2c1993a43cde53b6ed85,2025-04-05,-132.88134,Fear,30.0,0.4,586.6572,25,0.19047619047619047,131.244585304369,14666.43,-5.3152536,0.76,moderate,consistent,False,medium_leverage
0x47add9a56df66b524d5e2c1993a43cde53b6ed85,2025-04-06,-1400.5515480000001,Fear,34.0,0.26666666666666666,661.3813333333333,15,0.6666666666666666,132.35465540220946,9920.72,-93.3701032,0.6666666666666666,moderate,consistent,False,medium_leverage
0x47add9a56df66b524d5e2c1993a43cde53b6ed85,2025-04-07,-5651.552238,Extreme Fear,23.0,0.14583333333333334,569.6545833333333,48,0.7777777777777778,117.29383649218273,27343.420000000002,-117.740671625,0.9166666666666666,moderate,consistent,False,medium_leverage
0x47add9a56df66b524d5e2c1993a43cde53b6ed85,2025-04-08,-6745.027414,Extreme Fear,24.0,0.2619047619047619,700.9559523809525,42,0.5555555555555556,10.185520888667494,29440.15,-160.5958908095238,0.5,moderate,consistent,False,low_leverage
0x47add9a56df66b524d5e2c1993a43cde53b6ed85,2025-04-09,-3911.273892,Extreme Fear,18.0,0.4642857142857143,638.1583928571429,56,0.9310344827586207,115.87457612299521,35736.87,-69.84417664285715,0.75,moderate,consistent,False,medium_leverage
0x47add9a56df66b524d5e2c1993a43cde53b6ed85,2025-04-10,258.032458,Fear,39.0,0.38095238095238093,520.317619047619,21,6.0,209.33297302391662,10926.67,12.287259904761905,0.6666666666666666,moderate,consistent,True,medium_leverage
0x47add9a56df66b524d5e2c1993a43cde53b6ed85,2025-04-11,608.246567,Fear,25.0,0.6071428571428571,378.8592857142857,28,1.0,101.43413817816557,10608.06,21.72309167857143,0.5,moderate,consistent,True,medium_leverage
0x47add9a56df66b524d5e2c1993a43cde53b6ed85,2025-04-12,3105.920269,Fear,43.0,0.5853658536585366,550.1919512195121,41,1.7333333333333334,23.007847453667924,22557.87,75.75415290243903,0.926829268292683,moderate,consistent,True,medium_leverage
0x47add9a56df66b524d5e2c1993a43cde53b6ed85,2025-04-13,490.32631200000003,Neutral,45.0,0.38461538461538464,601.84,26,2.25,179.12506440907356,15647.84,18.85870430769231,0.6153846153846154,moderate,consistent,True,medium_leverage
0x47add9a56df66b524d5e2c1993a43cde53b6ed85,2025-04-14,263.769257,Fear,31.0,0.7142857142857143,377.75428571428574,7,6.0,0.6997923136418761,2644.28,37.68132242857143,0.7142857142857143,moderate,consistent,True,low_leverage
0x47add9a56df66b524d5e2c1993a43cde53b6ed85,2025-04-16,17.022667,Fear,29.0,0.2727272727272727,768.989090909091,11,10.0,45.56074177517682,8458.880000000001,1.5475151818181816,0.6363636363636364,moderate,consistent,True,medium_leverage
0x47add9a56df66b524d5e2c1993a43cde53b6ed85,2025-04-17,169.67583499999998,Fear,30.0,0.5172413793103449,456.538275862069,29,0.3181818181818182,51.742372908840565,13239.61,5.850890862068964,0.6896551724137931,moderate,consistent,True,medium_leverage
0x47add9a56df66b524d5e2c1993a43cde53b6ed85,2025-04-19,64.128219,Fear,32.0,1.0,375.075,2,0.0,0.49766090827479315,750.15,32.0641095,1.0,moderate,consistent,True,low_leverage
0x47add9a56df66b524d5e2c1993a43cde53b6ed85,2025-04-20,12.652267000000005,Fear,37.0,0.5238095238095238,580.8100000000001,21,2.5,217.13846407117848,12197.01,0.602488904761905,0.47619047619047616,moderate,consistent,True,medium_leverage
0x47add9a56df66b524d5e2c1993a43cde53b6ed85,2025-04-21,-2.1503300000000003,Fear,39.0,0.4166666666666667,249.97833333333332,12,3.0,58.7384367365082,2999.74,-0.17919416666666668,0.5,moderate,consistent,False,medium_leverage
0x47add9a56df66b524d5e2c1993a43cde53b6ed85,2025-04-22,-282.266207,Neutral,47.0,0.07142857142857142,343.8335714285714,14,0.16666666666666666,79.36637117615439,4813.67,-20.16187192857143,0.6428571428571429,moderate,consistent,False,medium_leverage
0x47add9a56df66b524d5e2c1993a43cde53b6ed85,2025-04-23,511.720343,Greed,72.0,0.35555555555555557,336.54622222222224,45,0.3235294117647059,122.46617482276062,15144.58,11.371563177777778,0.8666666666666667,moderate,consistent,True,medium_leverage
0x47add9a56df66b524d5e2c1993a43cde53b6ed85,2025-04-24,350.896638,Greed,63.0,0.25,396.0429166666667,24,0.8461538461538461,38.73357035675608,9505.03,14.62069325,0.7083333333333334,moderate,consistent,True,medium_leverage
0x47add9a56df66b524d5e2c1993a43cde53b6ed85,2025-04-25,0.0,Greed,60.0,0.0,392.83714285714285,7,0.75,0.3933851886052112,2749.86,0.0,0.14285714285714285,moderate,consistent,False,low_leverage
0x47add9a56df66b524d5e2c1993a43cde53b6ed85,2025-04-26,147.607393,Greed,65.0,0.2222222222222222,288.9161111111111,18,0.5,109.38391356504562,5200.49,8.200410722222223,0.7222222222222222,moderate,consistent,True,medium_leverage
0x47add9a56df66b524d5e2c1993a43cde53b6ed85,2025-04-27,361.183441,Greed,61.0,0.6923076923076923,370.71153846153845,13,0.625,89.50447712044782,4819.25,27.783341615384618,0.9230769230769231,moderate,consistent,True,medium_leverage
0x47add9a56df66b524d5e2c1993a43cde53b6ed85,2025-04-28,146.420556,Neutral,54.0,0.8888888888888888,360.80111111111114,9,1.25,0.24844772096792875,3247.21,16.26895066666667,0.4444444444444444,moderate,consistent,True,low_leverage
0x47add9a56df66b524d5e2c1993a43cde53b6ed85,2025-04-29,30.495403,Greed,60.0,0.14285714285714285,356.9714285714286,7,0.16666666666666666,2.3810239481626936,2498.8,4.356486142857142,0.2857142857142857,moderate,consistent,True,low_leverage
0x47add9a56df66b524d5e2c1993a43cde53b6ed85,2025-05-01,37.385304,Neutral,53.0,0.14285714285714285,299.0128571428572,7,0.0,0.27905715073124665,2093.09,5.340757714285714,1.0,moderate,consistent,True,low_leverage
0x4acb90e786d897ecffb614dc822eb231b4ffb9f4,2024-12-14,0.0,Extreme Greed,83.0,0.0,24979.8,1,0.0,24979.8,24979.8,0.0,0.0,moderate,inconsistent,False,high_leverage
0x4acb90e786d897ecffb614dc822eb231b4ffb9f4,2024-12-19,7440.638159,Extreme Greed,75.0,0.4044943820224719,5090.390786516854,89,1.4722222222222223,2.3608252630401054,453044.78,83.60267594382023,0.4044943820224719,moderate,inconsistent,True,low_leverage
0x4acb90e786d897ecffb614dc822eb231b4ffb9f4,2024-12-20,53635.529649,Greed,74.0,0.41596638655462187,9628.82474789916,238,1.18348623853211,88.71348884779707,2291660.29,225.35936827310923,0.6890756302521008,moderate,inconsistent,True,medium_leverage
0x4acb90e786d897ecffb614dc822eb231b4ffb9f4,2024-12-27,357.346725,Greed,74.0,0.5,7190.583333333333,18,1.0,112.19450994845793,129430.5,19.852595833333332,1.0,moderate,inconsistent,True,medium_leverage
0x4acb90e786d897ecffb614dc822eb231b4ffb9f4,2024-12-30,2227.18659,Greed,65.0,0.6578947368421053,6536.572105263158,38,0.52,642.3670586988001,248389.74,58.61017342105263,0.6578947368421053,moderate,inconsistent,True,high_leverage
0x4acb90e786d897ecffb614dc822eb231b4ffb9f4,2025-01-08,0.0,Greed,70.0,0.0,5040.074460431654,139,0.0,68.00043046882283,700570.35,0.0,1.0,moderate,inconsistent,False,medium_leverage
0x4acb90e786d897ecffb614dc822eb231b4ffb9f4,2025-01-09,35352.95374,Greed,69.0,0.5833333333333334,7755.243541666667,96,0.7142857142857143,91.45843467698074,744503.38,368.25993479166664,0.5833333333333334,moderate,inconsistent,True,medium_leverage
0x4acb90e786d897ecffb614dc822eb231b4ffb9f4,2025-01-10,2812.7685,Neutral,50.0,1.0,4195.841481481481,27,0.0,0.5984615325134948,113287.72,104.17661111111111,1.0,moderate,inconsistent,True,low_leverage
0x4acb90e786d897ecffb614dc822eb231b4ffb9f4,2025-01-12,927.412681,Greed,62.0,1.0,830.1821794871795,390,0.0,0.01198305997369241,323771.05,2.377981233333333,0.0,moderate,inconsistent,True,low_leverage
0x4acb90e786d897ecffb614dc822eb231b4ffb9f4,2025-01-13,0.0,Greed,61.0,0.0,6845.160434782609,23,0.0,268.4499517202969,157438.69,0.0,0.0,moderate,inconsistent,False,medium_leverage
0x4acb90e786d897ecffb614dc822eb231b4ffb9f4,2025-01-16,13963.52,Extreme Greed,75.0,1.0,42850.549999999996,4,0.0,3.1653394062763924,171402.19999999998,3490.88,0.0,moderate,inconsistent,True,low_leverage
0x4acb90e786d897ecffb614dc822eb231b4ffb9f4,2025-01-19,1519.769822,Extreme Greed,77.0,0.6666666666666666,3916.7593333333334,30,0.5,127.93940261811655,117502.78,50.658994066666665,1.0,moderate,inconsistent,True,medium_leverage
0x4acb90e786d897ecffb614dc822eb231b4ffb9f4,2025-01-20,-2427.873799,Extreme Greed,76.0,0.0,2596.646976744186,43,0.19444444444444445,66.30845527054487,111655.81999999999,-56.46218137209302,1.0,moderate,inconsistent,False,medium_leverage
0x4acb90e786d897ecffb614dc822eb231b4ffb9f4,2025-02-20,0.0,Neutral,49.0,0.0,1538.4553846153844,13,0.0,80.98298317962256,19999.92,0.0,1.0,moderate,inconsistent,False,medium_leverage
0x4acb90e786d897ecffb614dc822eb231b4ffb9f4,2025-02-24,856.4737299999999,Neutral,49.0,0.17073170731707318,5876.914634146341,41,4.857142857142857,352.6078181809354,240953.5,20.889603170731707,1.0,moderate,inconsistent,True,medium_leverage
0x4acb90e786d897ecffb614dc822eb231b4ffb9f4,2025-02-25,11271.895074,Fear,25.0,0.5302325581395348,5634.781581395349,215,0.8859649122807017,24.55791086482603,1211478.04,52.42741894883721,0.7581395348837209,moderate,inconsistent,True,medium_leverage
0x4acb90e786d897ecffb614dc822eb231b4ffb9f4,2025-02-26,22137.551238,Extreme Fear,21.0,1.0,8442.721599999999,50,0.0,0.19642201764760184,422136.07999999996,442.75102476,1.0,moderate,inconsistent,True,low_leverage
0x4acb90e786d897ecffb614dc822eb231b4ffb9f4,2025-02-27,503.31943,Extreme Fear,10.0,0.3333333333333333,8378.118333333334,12,2.0,562.5846636464474,100537.42,41.943285833333334,1.0,moderate,inconsistent,True,high_leverage
0x4acb90e786d897ecffb614dc822eb231b4ffb9f4,2025-02-28,22299.186495,Extreme Fear,16.0,0.8089887640449438,14857.899887640451,89,0.2361111111111111,37.78741983925452,1322353.09,250.55265724719104,0.8089887640449438,moderate,inconsistent,True,medium_leverage
0x4acb90e786d897ecffb614dc822eb231b4ffb9f4,2025-03-03,0.0,Fear,33.0,0.0,10522.962631578948,19,0.0,1439.9801074248685,199936.29,0.0,1.0,moderate,inconsistent,False,high_leverage
0x4acb90e786d897ecffb614dc822eb231b4ffb9f4,2025-03-04,0.0,Extreme Fear,15.0,0.0,5549.306774193548,155,0.0,18.585733665986293,860142.5499999999,0.0,0.5806451612903226,moderate,inconsistent,False,medium_leverage
0x4acb90e786d897ecffb614dc822eb231b4ffb9f4,2025-03-06,5109.859504,Fear,25.0,0.3333333333333333,9685.342,15,2.0,1.4004938913394944,145280.13,340.65730026666665,1.0,moderate,inconsistent,True,low_leverage
0x4acb90e786d897ecffb614dc822eb231b4ffb9f4,2025-03-07,0.0,Fear,34.0,0.0,1755.7517543859651,57,0.0,0.11316835655108087,100077.85,0.0,1.0,moderate,inconsistent,False,low_leverage
0x4acb90e786d897ecffb614dc822eb231b4ffb9f4,2025-03-10,0.08712,Extreme Fear,20.0,0.008771929824561403,5590.744561403509,114,113.0,2.3969867457316267,637344.88,0.0007642105263157895,0.8157894736842105,moderate,inconsistent,True,low_leverage
0x4acb90e786d897ecffb614dc822eb231b4ffb9f4,2025-03-11,0.0,Extreme Fear,24.0,0.0,3216.501666666667,84,0.0,0.24620924190338317,270186.14,0.0,0.5357142857142857,moderate,inconsistent,False,low_leverage
0x4acb90e786d897ecffb614dc822eb231b4ffb9f4,2025-03-13,0.0,Neutral,45.0,0.0,4349.66,15,0.0,0.12242596035064585,65244.9,0.0,0.0,moderate,inconsistent,False,low_leverage
0x4acb90e786d897ecffb614dc822eb231b4ffb9f4,2025-03-20,4839.59228,Neutral,49.0,0.7743589743589744,3233.520923076923,195,0.2913907284768212,3.4173585962414466,630536.58,24.818421948717948,0.6820512820512821,moderate,inconsistent,True,low_leverage
0x4acb90e786d897ecffb614dc822eb231b4ffb9f4,2025-03-21,0.0,Fear,31.0,0.0,1470.5794117647058,17,0.0,0.43651557271424424,24999.85,0.0,0.0,moderate,inconsistent,False,low_leverage
0x4acb90e786d897ecffb614dc822eb231b4ffb9f4,2025-03-22,4350.379248,Fear,32.0,1.0,1308.6299999999999,53,0.0,1.2176642985315682,69357.39,82.08262732075472,0.8113207547169812,moderate,inconsistent,True,low_leverage
0x4acb90e786d897ecffb614dc822eb231b4ffb9f4,2025-03-23,2897.148962,Fear,30.0,0.34210526315789475,3986.6614473684212,76,1.9230769230769231,38.92112117831996,302986.27,38.12038107894737,0.6447368421052632,moderate,inconsistent,True,medium_leverage
0x4acb90e786d897ecffb614dc822eb231b4ffb9f4,2025-03-24,48946.705539,Neutral,45.0,1.0,6360.884432432433,185,0.0,0.8942781586229364,1176763.62,264.57678669729734,0.372972972972973,moderate,inconsistent,True,low_leverage
0x4acb90e786d897ecffb614dc822eb231b4ffb9f4,2025-03-25,30531.101000000002,Neutral,46.0,1.0,12797.315200000001,50,0.0,13.681168795648773,639865.76,610.62202,1.0,moderate,inconsistent,True,low_leverage
0x4acb90e786d897ecffb614dc822eb231b4ffb9f4,2025-03-26,9261.449882,Neutral,47.0,0.6071428571428571,4924.3603571428575,140,0.6470588235294118,207.6179007613171,689410.4500000001,66.15321344285715,0.40714285714285714,moderate,inconsistent,True,medium_leverage
0x4acb90e786d897ecffb614dc822eb231b4ffb9f4,2025-03-29,314.6728,Fear,26.0,0.13043478260869565,15232.22,23,6.666666666666667,8373.965827987282,350341.06,13.681426086956522,1.0,moderate,inconsistent,True,high_leverage
0x4acb90e786d897ecffb614dc822eb231b4ffb9f4,2025-03-30,5362.529222,Fear,32.0,1.0,12161.259047619047,21,0.0,2823.9356318308355,255386.44,255.3585343809524,0.9523809523809523,moderate,inconsistent,True,high_leverage
0x4acb90e786d897ecffb614dc822eb231b4ffb9f4,2025-03-31,4750.8109939999995,Fear,34.0,0.5531914893617021,9463.05744680851,47,0.8076923076923077,3459.433864929476,444763.7,101.0810849787234,0.6595744680851063,moderate,inconsistent,True,high_leverage
0x4acb90e786d897ecffb614dc822eb231b4ffb9f4,2025-04-02,444.205198,Fear,44.0,0.625,37473.885625,16,1.6666666666666667,16336.62613702994,599582.17,27.762824875,0.875,moderate,inconsistent,True,high_leverage
0x4acb90e786d897ecffb614dc822eb231b4ffb9f4,2025-04-03,0.0,Fear,25.0,0.0,16666.611,60,0.0,1953.8451158084488,999996.66,0.0,0.0,moderate,inconsistent,False,high_leverage
0x4acb90e786d897ecffb614dc822eb231b4ffb9f4,2025-04-04,0.0,Fear,28.0,0.0,8264.040980392158,51,0.0,3.384790576018923,421466.09,0.0,1.0,moderate,inconsistent,False,low_leverage
0x4acb90e786d897ecffb614dc822eb231b4ffb9f4,2025-04-05,31134.240601999998,Fear,30.0,1.0,5175.765784313725,102,0.0,0.4620886957125064,527928.11,305.2376529607843,0.5392156862745098,moderate,inconsistent,True,low_leverage
0x4acb90e786d897ecffb614dc822eb231b4ffb9f4,2025-04-06,0.0,Fear,34.0,0.0,5508.490970873787,103,0.0,18.627725721614446,567374.5700000001,0.0,0.6019417475728155,moderate,inconsistent,False,medium_leverage
0x4acb90e786d897ecffb614dc822eb231b4ffb9f4,2025-04-07,13642.628143,Extreme Fear,23.0,0.21164021164021163,7781.819788359788,189,3.725,0.39422551439076714,1470763.94,72.18321768783069,0.24867724867724866,moderate,inconsistent,True,low_leverage
0x4acb90e786d897ecffb614dc822eb231b4ffb9f4,2025-04-08,221.0,Extreme Fear,24.0,0.3333333333333333,52275.0,3,0.5,37709.34877993483,156825.0,73.66666666666667,1.0,moderate,inconsistent,True,high_leverage
0x4acb90e786d897ecffb614dc822eb231b4ffb9f4,2025-04-09,107892.62706,Extreme Fear,18.0,0.4724137931034483,17935.84644827586,290,1.027972027972028,2686.220034072804,5201395.47,372.0435415862069,0.3448275862068966,moderate,inconsistent,True,high_leverage
0x4acb90e786d897ecffb614dc822eb231b4ffb9f4,2025-04-10,84856.33534,Fear,39.0,0.36036036036036034,26118.342432432433,222,1.775,2227.6319925843413,5798272.0200000005,382.2357447747748,0.9864864864864865,moderate,inconsistent,True,high_leverage
0x4acb90e786d897ecffb614dc822eb231b4ffb9f4,2025-04-11,122461.112004,Fear,25.0,1.0,24390.13621621622,74,0.0,5.655699050483722,1804870.08,1654.879891945946,0.0,moderate,inconsistent,True,low_leverage
0x4acb90e786d897ecffb614dc822eb231b4ffb9f4,2025-04-12,0.0,Fear,43.0,0.0,16878.26676470588,68,0.0,5426.413567953146,1147722.14,0.0,0.5735294117647058,moderate,inconsistent,False,high_leverage
0x4acb90e786d897ecffb614dc822eb231b4ffb9f4,2025-04-14,21531.8321,Fear,31.0,0.7368421052631579,26925.528815789472,76,2.3043478260869565,4204.847150323791,2046340.19,283.3135802631579,0.3026315789473684,moderate,inconsistent,True,high_leverage
0x4acb90e786d897ecffb614dc822eb231b4ffb9f4,2025-04-15,0.0,Fear,38.0,0.0,3354.117450980392,51,0.0,894.9659057668232,171059.99,0.0,0.0,moderate,inconsistent,False,high_leverage
0x4acb90e786d897ecffb614dc822eb231b4ffb9f4,2025-04-16,3088.0,Fear,29.0,1.0,166444.0,1,0.0,33288.8,166444.0,3088.0,0.0,moderate,inconsistent,True,high_leverage
0x4acb90e786d897ecffb614dc822eb231b4ffb9f4,2025-04-17,-110.0,Fear,30.0,0.0,28273.666666666668,6,0.0,13496.9648621483,169642.0,-18.333333333333332,1.0,moderate,inconsistent,False,high_leverage
0x4acb90e786d897ecffb614dc822eb231b4ffb9f4,2025-04-21,-681.29819,Fear,39.0,0.0,30543.59565217391,23,0.045454545454545456,20679.935213936784,702502.7,-29.62166043478261,0.9565217391304348,moderate,inconsistent,False,high_leverage
0x4acb90e786d897ecffb614dc822eb231b4ffb9f4,2025-04-22,132.0,Neutral,47.0,0.16666666666666666,15215.498333333335,6,0.2,11773.830351816936,91292.99,22.0,1.0,moderate,inconsistent,True,high_leverage
0x4acb90e786d897ecffb614dc822eb231b4ffb9f4,2025-04-23,2875.230157,Greed,72.0,0.24793388429752067,6709.732727272728,121,1.2,2804.9943754793503,811877.66,23.762232702479338,0.6198347107438017,moderate,inconsistent,True,high_leverage
0x4acb90e786d897ecffb614dc822eb231b4ffb9f4,2025-04-24,459.24741,Greed,63.0,0.9565217391304348,4407.6721739130435,23,22.0,4060.8725380849855,101376.46,19.967278695652173,0.9565217391304348,moderate,inconsistent,True,high_leverage
0x4acb90e786d897ecffb614dc822eb231b4ffb9f4,2025-04-25,0.0,Greed,60.0,0.0,63142.666666666664,3,0.0,25721.562014011415,189428.0,0.0,0.0,moderate,inconsistent,False,high_leverage
0x4acb90e786d897ecffb614dc822eb231b4ffb9f4,2025-04-26,47.876234000000004,Greed,65.0,1.0,6897.073170731707,41,0.0,2923.293175085274,282780.0,1.167713024390244,0.0,moderate,inconsistent,True,high_leverage
0x4acb90e786d897ecffb614dc822eb231b4ffb9f4,2025-04-30,510.0,Greed,56.0,0.8,75258.0,5,4.0,53965.49400513315,376290.0,102.0,0.8,moderate,inconsistent,True,high_leverage
0x4f93fead39b70a1824f981a54d4e55b278e9f760,2024-03-13,0.0,Extreme Greed,81.0,0.0,857.2571428571428,7,0.0,605.3178960642553,6000.799999999999,0.0,1.0,infrequent,moderate,False,high_leverage
0x4f93fead39b70a1824f981a54d4e55b278e9f760,2024-03-14,65.480454,Extreme Greed,88.0,1.0,6066.28,1,0.0,2414.3437077131257,6066.28,65.480454,1.0,infrequent,moderate,True,high_leverage
0x4f93fead39b70a1824f981a54d4e55b278e9f760,2024-03-15,338.42832,Extreme Greed,83.0,0.125,3292.47625,8,7.0,1645.6941996211222,26339.81,42.30354,1.0,infrequent,moderate,True,high_leverage
0x4f93fead39b70a1824f981a54d4e55b278e9f760,2024-03-16,228.57984,Extreme Greed,81.0,0.16666666666666666,4537.276666666667,6,5.0,1839.716032586762,27223.66,38.09664,1.0,infrequent,moderate,True,high_leverage
0x4f93fead39b70a1824f981a54d4e55b278e9f760,2024-03-17,429.683075,Extreme Greed,79.0,0.2857142857142857,6218.810714285714,14,2.5,717.2871189809633,87063.35,30.691648214285713,1.0,infrequent,moderate,True,high_leverage
0x4f93fead39b70a1824f981a54d4e55b278e9f760,2024-03-18,0.0,Extreme Greed,77.0,0.0,2833.491666666667,12,0.0,834.805009277274,34001.9,0.0,1.0,infrequent,moderate,False,high_leverage
0x4f93fead39b70a1824f981a54d4e55b278e9f760,2024-03-19,0.0,Extreme Greed,79.0,0.0,2266.8775,4,0.0,201.6256986759709,9067.51,0.0,1.0,infrequent,moderate,False,medium_leverage
0x4f93fead39b70a1824f981a54d4e55b278e9f760,2024-03-21,0.0,Extreme Greed,78.0,0.0,9744.18,1,0.0,732.1936850964067,9744.18,0.0,1.0,infrequent,moderate,False,high_leverage
0x4f93fead39b70a1824f981a54d4e55b278e9f760,2024-03-25,1302.916428,Extreme Greed,75.0,0.8571428571428571,8159.4742857142855,7,0.0,1244.6078361031991,57116.32,186.13091828571427,1.0,infrequent,moderate,True,high_leverage
0x4f93fead39b70a1824f981a54d4e55b278e9f760,2024-03-26,20.599193,Extreme Greed,81.0,0.14285714285714285,3426.62,7,6.0,1790.8112677780196,23986.34,2.942741857142857,1.0,infrequent,moderate,True,high_leverage
0x4f93fead39b70a1824f981a54d4e55b278e9f760,2024-03-27,189.192,Extreme Greed,83.0,0.4444444444444444,3224.6703703703706,27,0.8,1374.2900137944407,87066.1,7.0071111111111115,1.0,infrequent,moderate,True,high_leverage
0x4f93fead39b70a1824f981a54d4e55b278e9f760,2024-03-28,0.0,Extreme Greed,80.0,0.0,6671.296666666666,3,0.0,647.4451291475224,20013.89,0.0,1.0,infrequent,moderate,False,high_leverage
0x4f93fead39b70a1824f981a54d4e55b278e9f760,2024-03-29,883.097404,Extreme Greed,79.0,0.4,5794.291333333333,15,1.5,1415.0007781636818,86914.37,58.873160266666666,1.0,infrequent,moderate,True,high_leverage
0x4f93fead39b70a1824f981a54d4e55b278e9f760,2024-03-31,912.786145,Extreme Greed,75.0,0.7692307692307693,3070.2276923076925,13,0.0,1075.9447230130688,39912.96,70.21431884615384,1.0,infrequent,moderate,True,high_leverage
0x4f93fead39b70a1824f981a54d4e55b278e9f760,2024-04-01,0.840939,Extreme Greed,79.0,0.06896551724137931,4654.808275862069,29,6.25,757.7931267741833,134989.44,0.028997896551724137,1.0,infrequent,moderate,True,high_leverage
0x4f93fead39b70a1824f981a54d4e55b278e9f760,2024-04-02,883.760812,Extreme Greed,79.0,0.32432432432432434,6072.016756756757,37,0.1935483870967742,1216.4721756453546,224664.62,23.88542735135135,1.0,infrequent,moderate,True,high_leverage
0x4f93fead39b70a1824f981a54d4e55b278e9f760,2024-04-04,0.0,Greed,70.0,0.0,2999.6165625,32,0.0,97.23035200866444,95987.73,0.0,1.0,infrequent,moderate,False,medium_leverage
0x4f93fead39b70a1824f981a54d4e55b278e9f760,2024-04-05,4444.4983010000005,Extreme Greed,79.0,0.7,17253.157,10,0.0,1420.078877353491,172531.56999999998,444.44983010000004,1.0,infrequent,moderate,True,high_leverage
0x4f93fead39b70a1824f981a54d4e55b278e9f760,2024-04-06,236.33513399999998,Extreme Greed,75.0,0.25,4263.979375,16,0.0,1078.7535737307855,68223.67,14.770945874999999,1.0,infrequent,moderate,True,high_leverage
0x4f93fead39b70a1824f981a54d4e55b278e9f760,2024-04-07,0.0,Extreme Greed,78.0,0.0,2173.397391304348,23,0.0,99.635051920545,49988.14,0.0,1.0,infrequent,moderate,False,medium_leverage
0x4f93fead39b70a1824f981a54d4e55b278e9f760,2024-04-08,0.0,Extreme Greed,76.0,0.0,5827.370357142857,28,0.0,120.02046967295549,163166.37,0.0,1.0,infrequent,moderate,False,medium_leverage
0x4f93fead39b70a1824f981a54d4e55b278e9f760,2024-04-09,0.0,Extreme Greed,80.0,0.0,19021.280000000002,3,0.0,234.95676985563998,57063.840000000004,0.0,1.0,infrequent,moderate,False,medium_leverage
0x4f93fead39b70a1824f981a54d4e55b278e9f760,2024-04-10,5207.443414,Extreme Greed,78.0,0.8780487804878049,8578.926097560974,41,40.0,625.4566394345339,351735.97,127.01081497560976,1.0,infrequent,moderate,True,high_leverage
0x4f93fead39b70a1824f981a54d4e55b278e9f760,2024-04-11,389.743164,Extreme Greed,76.0,0.125,4775.06,16,7.0,1422.2586758793964,76400.96,24.35894775,1.0,infrequent,moderate,True,high_leverage
0x4f93fead39b70a1824f981a54d4e55b278e9f760,2024-04-12,0.0,Extreme Greed,79.0,0.0,7138.52761904762,21,0.0,264.59820322129036,149909.08000000002,0.0,1.0,infrequent,moderate,False,medium_leverage
0x4f93fead39b70a1824f981a54d4e55b278e9f760,2024-04-13,0.0,Greed,72.0,0.0,8677.150000000001,18,0.0,116.64704892174625,156188.7,0.0,1.0,infrequent,moderate,False,medium_leverage
0x4f93fead39b70a1824f981a54d4e55b278e9f760,2024-04-14,-36565.98544,Greed,72.0,0.046875,9199.4678125,64,0.5609756097560976,842.4123667129808,588765.94,-571.3435225,1.0,infrequent,moderate,False,high_leverage
0x4f93fead39b70a1824f981a54d4e55b278e9f760,2024-04-15,0.0,Greed,74.0,0.0,16671.31666666667,3,0.0,214.10318051097997,50013.950000000004,0.0,1.0,infrequent,moderate,False,medium_leverage
0x4f93fead39b70a1824f981a54d4e55b278e9f760,2024-04-19,1946.4454620000001,Greed,66.0,0.7714285714285715,9635.940571428573,35,0.16666666666666666,922.8825063870481,337257.92000000004,55.61272748571429,1.0,infrequent,moderate,True,high_leverage
0x4f93fead39b70a1824f981a54d4e55b278e9f760,2024-04-20,0.0,Greed,66.0,0.0,5999.795,2,0.0,811.4996572014124,11999.59,0.0,1.0,infrequent,moderate,False,high_leverage
0x4f93fead39b70a1824f981a54d4e55b278e9f760,2024-04-22,0.0,Greed,73.0,0.0,5332.623333333333,9,0.0,345.57874212426645,47993.61,0.0,1.0,infrequent,moderate,False,medium_leverage
0x4f93fead39b70a1824f981a54d4e55b278e9f760,2024-04-23,759.2148159999999,Greed,71.0,0.5740740740740741,3567.7494444444446,54,1.8421052631578947,592.4904666690962,192658.47,14.059533629629628,1.0,infrequent,moderate,True,high_leverage
0x4f93fead39b70a1824f981a54d4e55b278e9f760,2024-04-24,279.185907,Greed,72.0,0.3,7063.762,20,1.8571428571428572,1682.1346521932992,141275.24,13.95929535,1.0,infrequent,moderate,True,high_leverage
0x4f93fead39b70a1824f981a54d4e55b278e9f760,2024-04-25,0.0,Greed,72.0,0.0,11496.523333333333,6,0.0,426.053596614461,68979.14,0.0,1.0,infrequent,moderate,False,high_leverage
0x4f93fead39b70a1824f981a54d4e55b278e9f760,2024-04-27,4281.488139,Greed,67.0,0.7037037037037037,5713.498888888889,27,0.0,671.4827333186812,154264.47,158.57363477777778,1.0,infrequent,moderate,True,high_leverage
0x4f93fead39b70a1824f981a54d4e55b278e9f760,2024-04-28,0.0,Greed,65.0,0.0,3374.92625,8,0.0,361.548185844953,26999.41,0.0,1.0,infrequent,moderate,False,medium_leverage
0x4f93fead39b70a1824f981a54d4e55b278e9f760,2024-04-29,526.9338359999999,Greed,67.0,0.5483870967741935,3370.167419354839,31,3.4285714285714284,672.0751100149,104475.19,16.99786567741935,1.0,infrequent,moderate,True,high_leverage
0x4f93fead39b70a1824f981a54d4e55b278e9f760,2024-04-30,0.0,Greed,67.0,0.0,5209.114583333333,24,0.0,222.42453745791715,125018.75,0.0,1.0,infrequent,moderate,False,medium_leverage
0x4f93fead39b70a1824f981a54d4e55b278e9f760,2024-05-01,0.0,Neutral,54.0,0.0,6216.103571428571,14,0.0,98.83497081828084,87025.45,0.0,1.0,infrequent,moderate,False,medium_leverage
0x4f93fead39b70a1824f981a54d4e55b278e9f760,2024-05-03,5319.861625,Neutral,48.0,0.6956521739130435,12059.708260869564,23,0.0,759.0211536009358,277373.29,231.2983315217391,1.0,infrequent,moderate,True,high_leverage
0x4f93fead39b70a1824f981a54d4e55b278e9f760,2024-05-04,0.0,Greed,67.0,0.0,8999.890000000001,6,0.0,575.011769664133,53999.340000000004,0.0,1.0,infrequent,moderate,False,high_leverage
0x4f93fead39b70a1824f981a54d4e55b278e9f760,2024-05-05,0.0,Greed,69.0,0.0,5996.512500000001,4,0.0,200.6161874032958,23986.050000000003,0.0,1.0,infrequent,moderate,False,medium_leverage
0x4f93fead39b70a1824f981a54d4e55b278e9f760,2024-05-06,968.59038,Greed,71.0,0.4444444444444444,22890.714444444442,9,8.0,3097.485537696835,206016.43,107.62115333333333,1.0,infrequent,moderate,True,high_leverage
0x4f93fead39b70a1824f981a54d4e55b278e9f760,2024-05-07,656.21704,Greed,68.0,0.7,9890.126,10,0.6666666666666666,4358.324690834146,98901.26000000001,65.621704,1.0,infrequent,moderate,True,high_leverage
0x4f93fead39b70a1824f981a54d4e55b278e9f760,2024-05-08,0.0,Greed,64.0,0.0,6583.419,10,0.0,503.54468932490306,65834.19,0.0,1.0,infrequent,moderate,False,high_leverage
0x4f93fead39b70a1824f981a54d4e55b278e9f760,2024-05-09,1147.595856,Greed,55.0,0.44,8679.6232,25,0.5625,1059.6059682941316,216990.58,45.903834239999995,1.0,infrequent,moderate,True,high_leverage
0x4f93fead39b70a1824f981a54d4e55b278e9f760,2024-05-10,2101.741695,Greed,66.0,0.2727272727272727,7131.0,22,2.6666666666666665,930.9488569610884,156882.0,95.53371340909092,1.0,infrequent,moderate,True,high_leverage
0x4f93fead39b70a1824f981a54d4e55b278e9f760,2024-05-11,251.604742,Neutral,53.0,1.0,7027.661111111111,9,0.0,718.0836313756846,63248.95,27.956082444444444,1.0,infrequent,moderate,True,high_leverage
0x4f93fead39b70a1824f981a54d4e55b278e9f760,2024-05-12,0.0,Greed,56.0,0.0,4500.464,10,0.0,1703.600954715383,45004.64,0.0,1.0,infrequent,moderate,False,high_leverage
0x4f93fead39b70a1824f981a54d4e55b278e9f760,2024-05-13,2136.853859,Greed,57.0,0.4,7525.7636,25,0.25,1021.3659310187364,188144.09,85.47415436,1.0,infrequent,moderate,True,high_leverage
0x4f93fead39b70a1824f981a54d4e55b278e9f760,2024-05-14,1150.5233050000002,Greed,66.0,0.17391304347826086,6341.452173913043,23,0.0,813.4839822152038,145853.4,50.02275239130436,1.0,infrequent,moderate,True,high_leverage
0x4f93fead39b70a1824f981a54d4e55b278e9f760,2024-05-15,948.970582,Greed,64.0,0.4722222222222222,6525.626944444444,36,0.44,1701.077036113128,234922.57,26.360293944444447,1.0,infrequent,moderate,True,high_leverage
0x4f93fead39b70a1824f981a54d4e55b278e9f760,2024-05-16,214.5898,Greed,70.0,0.20833333333333334,6615.870416666668,24,1.4,1121.8592466372463,158780.89,8.941241666666667,1.0,infrequent,moderate,True,high_leverage
0x4f93fead39b70a1824f981a54d4e55b278e9f760,2024-05-18,3522.3946610000003,Greed,73.0,0.64,5052.1256,25,0.3888888888888889,1190.1891245437773,126303.14,140.89578644000002,1.0,infrequent,moderate,True,high_leverage
0x4f93fead39b70a1824f981a54d4e55b278e9f760,2024-05-19,0.0,Greed,72.0,0.0,3749.76125,8,0.0,1303.1905829463822,29998.09,0.0,1.0,infrequent,moderate,False,high_leverage
0x4f93fead39b70a1824f981a54d4e55b278e9f760,2024-05-20,0.0,Greed,70.0,0.0,4714.771428571429,7,0.0,342.86376166498934,33003.4,0.0,1.0,infrequent,moderate,False,medium_leverage
0x4f93fead39b70a1824f981a54d4e55b278e9f760,2024-05-21,6017.309216,Extreme Greed,76.0,0.1320754716981132,9096.75358490566,53,0.2619047619047619,1029.3722402998783,482127.94,113.5341361509434,1.0,infrequent,moderate,True,high_leverage
0x4f93fead39b70a1824f981a54d4e55b278e9f760,2024-05-22,0.0,Extreme Greed,76.0,0.0,7499.215,6,0.0,76.44005470025468,44995.29,0.0,1.0,infrequent,moderate,False,medium_leverage
0x4f93fead39b70a1824f981a54d4e55b278e9f760,2024-06-07,7329.223137999999,Extreme Greed,77.0,0.5769230769230769,15114.859615384614,52,3.0,450.291263171424,785972.7,140.94659880769228,1.0,infrequent,moderate,True,high_leverage
0x4f93fead39b70a1824f981a54d4e55b278e9f760,2024-06-08,0.0,Greed,72.0,0.0,6428.95,7,0.0,672.9102838125175,45002.65,0.0,1.0,infrequent,moderate,False,high_leverage
0x4f93fead39b70a1824f981a54d4e55b278e9f760,2024-06-09,0.0,Extreme Greed,75.0,0.0,4199.992,5,0.0,208.30654152363644,20999.96,0.0,1.0,infrequent,moderate,False,medium_leverage
0x4f93fead39b70a1824f981a54d4e55b278e9f760,2024-06-10,0.0,Greed,72.0,0.0,6000.075,4,0.0,231.56790067431479,24000.3,0.0,1.0,infrequent,moderate,False,medium_leverage
0x4f93fead39b70a1824f981a54d4e55b278e9f760,2024-06-11,0.0,Greed,74.0,0.0,13143.021904761907,21,0.0,227.82612431320285,276003.46,0.0,1.0,infrequent,moderate,False,medium_leverage
0x4f93fead39b70a1824f981a54d4e55b278e9f760,2024-06-14,0.0,Greed,74.0,0.0,6124.31,16,0.0,50.66716261338918,97988.96,0.0,1.0,infrequent,moderate,False,medium_leverage
0x4f93fead39b70a1824f981a54d4e55b278e9f760,2024-06-15,2084.433906,Greed,74.0,0.7631578947368421,15581.516578947369,38,0.3103448275862069,805.4366141287139,592097.63,54.85352384210527,1.0,infrequent,moderate,True,high_leverage
0x4f93fead39b70a1824f981a54d4e55b278e9f760,2024-06-17,1268.7590360000002,Greed,71.0,0.2857142857142857,18035.112857142856,14,1.3333333333333333,2585.4994683211794,252491.58,90.62564542857145,1.0,infrequent,moderate,True,high_leverage
0x4f93fead39b70a1824f981a54d4e55b278e9f760,2024-06-18,0.0,Greed,74.0,0.0,8999.745714285715,7,0.0,211.56248554960143,62998.22,0.0,1.0,infrequent,moderate,False,medium_leverage
0x4f93fead39b70a1824f981a54d4e55b278e9f760,2024-06-19,2053.973644,Greed,64.0,1.0,11180.089411764706,17,0.0,518.0724695118143,190061.52,120.82197905882354,1.0,infrequent,moderate,True,high_leverage
0x4f93fead39b70a1824f981a54d4e55b278e9f760,2024-06-20,0.0,Greed,60.0,0.0,7499.34,4,0.0,5350.410294615808,29997.36,0.0,1.0,infrequent,moderate,False,high_leverage
0x4f93fead39b70a1824f981a54d4e55b278e9f760,2024-06-21,773.5582039999999,Greed,63.0,0.2727272727272727,6746.9345454545455,11,0.0,2328.0880458353586,74216.28,70.32347309090909,1.0,infrequent,moderate,True,high_leverage
0x4f93fead39b70a1824f981a54d4e55b278e9f760,2024-06-22,0.0,Neutral,53.0,0.0,6000.07,3,0.0,411.3256471915447,18000.21,0.0,1.0,infrequent,moderate,False,medium_leverage
0x4f93fead39b70a1824f981a54d4e55b278e9f760,2024-06-24,0.0,Neutral,51.0,0.0,12000.350952380952,21,0.0,277.104508622734,252007.37,0.0,1.0,infrequent,moderate,False,medium_leverage
0x4f93fead39b70a1824f981a54d4e55b278e9f760,2024-06-26,4197.732182,Neutral,46.0,0.6774193548387096,11748.220645161291,31,0.0,691.4688285925461,364194.84,135.4107155483871,1.0,infrequent,moderate,True,high_leverage
0x4f93fead39b70a1824f981a54d4e55b278e9f760,2024-06-27,0.0,Fear,40.0,0.0,9999.173333333334,12,0.0,387.6596602398284,119990.08,0.0,1.0,infrequent,moderate,False,medium_leverage
0x4f93fead39b70a1824f981a54d4e55b278e9f760,2024-06-29,1842.738325,Fear,30.0,0.7647058823529411,13148.880588235294,17,16.0,1774.2008293058661,223530.97,108.39637205882353,1.0,infrequent,moderate,True,high_leverage
0x4f93fead39b70a1824f981a54d4e55b278e9f760,2024-06-30,0.0,Neutral,47.0,0.0,9999.756666666666,3,0.0,4984.77412541073,29999.27,0.0,1.0,infrequent,moderate,False,high_leverage
0x4f93fead39b70a1824f981a54d4e55b278e9f760,2024-07-01,1202.488212,Neutral,53.0,0.6923076923076923,7476.965384615385,13,0.18181818181818182,2540.8980250590953,97200.55,92.49909323076923,1.0,infrequent,moderate,True,high_leverage
0x4f93fead39b70a1824f981a54d4e55b278e9f760,2024-07-03,1118.387284,Neutral,50.0,0.4,10388.008,10,0.0,2327.059766761941,103880.08,111.8387284,1.0,infrequent,moderate,True,high_leverage
0x4f93fead39b70a1824f981a54d4e55b278e9f760,2024-07-04,0.0,Fear,44.0,0.0,18215.87285714286,14,0.0,377.20162598859093,255022.22,0.0,1.0,infrequent,moderate,False,medium_leverage
0x4f93fead39b70a1824f981a54d4e55b278e9f760,2024-07-05,0.0,Fear,29.0,0.0,13514.937,20,0.0,95.56543079664729,270298.74,0.0,1.0,infrequent,moderate,False,medium_leverage
0x4f93fead39b70a1824f981a54d4e55b278e9f760,2024-07-10,11595.627026,Fear,28.0,0.7674418604651163,15625.97930232558,43,0.30303030303030304,884.0873264153464,671917.11,269.66574479069766,1.0,infrequent,moderate,True,high_leverage
0x4f93fead39b70a1824f981a54d4e55b278e9f760,2024-07-11,1876.812082,Fear,29.0,0.47368421052631576,8941.422105263156,19,1.1111111111111112,1325.8554608994298,169887.02,98.77958326315789,1.0,infrequent,moderate,True,high_leverage
0x4f93fead39b70a1824f981a54d4e55b278e9f760,2024-07-12,0.0,Fear,25.0,0.0,7600.664999999999,10,0.0,261.5026412314183,76006.65,0.0,1.0,infrequent,moderate,False,medium_leverage
0x4f93fead39b70a1824f981a54d4e55b278e9f760,2024-07-13,2678.839374,Fear,25.0,1.0,10668.462307692309,13,0.0,632.1050380154754,138690.01,206.06456723076923,1.0,infrequent,moderate,True,high_leverage
0x4f93fead39b70a1824f981a54d4e55b278e9f760,2024-07-14,0.0,Fear,33.0,0.0,12000.16142857143,7,0.0,2692.5964222143607,84001.13,0.0,1.0,infrequent,moderate,False,high_leverage
0x4f93fead39b70a1824f981a54d4e55b278e9f760,2024-07-15,0.0,Neutral,52.0,0.0,7999.7071428571435,21,0.0,177.0402702315425,167993.85,0.0,1.0,infrequent,moderate,False,medium_leverage
0x4f93fead39b70a1824f981a54d4e55b278e9f760,2024-07-16,0.0,Greed,65.0,0.0,6545.480454545454,22,0.0,69.09852685361233,144000.57,0.0,1.0,infrequent,moderate,False,medium_leverage
0x4f93fead39b70a1824f981a54d4e55b278e9f760,2024-07-17,0.0,Greed,69.0,0.0,18326.035555555558,9,0.0,133.26864692801254,164934.32,0.0,1.0,infrequent,moderate,False,medium_leverage
0x4f93fead39b70a1824f981a54d4e55b278e9f760,2024-07-18,2569.979964,Greed,61.0,0.7735849056603774,12119.926603773585,53,0.0,551.1020132422148,642356.11,48.490188,1.0,infrequent,moderate,True,high_leverage
0x4f93fead39b70a1824f981a54d4e55b278e9f760,2024-07-19,2120.091364,Greed,60.0,0.6875,9132.66875,16,0.0,1481.2359535482624,146122.7,132.50571025,1.0,infrequent,moderate,True,high_leverage
0x4f93fead39b70a1824f981a54d4e55b278e9f760,2024-07-20,129.66130099999998,Greed,74.0,0.4444444444444444,11097.74111111111,9,0.0,2383.0822718231047,99879.67,14.40681122222222,1.0,infrequent,moderate,True,high_leverage
0x4f93fead39b70a1824f981a54d4e55b278e9f760,2024-07-21,0.0,Greed,74.0,0.0,14665.06,3,0.0,966.9737098497382,43995.18,0.0,1.0,infrequent,moderate,False,high_leverage
0x4f93fead39b70a1824f981a54d4e55b278e9f760,2024-07-22,2273.29301,Greed,70.0,0.6190476190476191,10728.97,21,0.9090909090909091,2603.231535271519,225308.37,108.2520480952381,1.0,infrequent,moderate,True,high_leverage
0x4f93fead39b70a1824f981a54d4e55b278e9f760,2024-07-23,0.0,Greed,71.0,0.0,11997.235,2,0.0,614.5487083376423,23994.47,0.0,1.0,infrequent,moderate,False,high_leverage
0x4f93fead39b70a1824f981a54d4e55b278e9f760,2024-07-24,0.0,Greed,69.0,0.0,1333.8833333333332,21,0.16666666666666666,47.90911281099699,28011.55,0.0,1.0,infrequent,moderate,False,medium_leverage
0x4f93fead39b70a1824f981a54d4e55b278e9f760,2024-07-25,0.0,Greed,68.0,0.0,7990.4683076923075,65,0.0,91.40814070639847,519380.44,0.0,1.0,infrequent,moderate,False,medium_leverage
0x4f93fead39b70a1824f981a54d4e55b278e9f760,2024-07-26,0.0,Greed,68.0,0.0,15000.965,10,0.0,70.6240817358349,150009.65,0.0,1.0,infrequent,moderate,False,medium_leverage
0x4f93fead39b70a1824f981a54d4e55b278e9f760,2024-07-27,6400.623656,Greed,72.0,0.8076923076923077,17322.249807692308,52,0.20930232558139536,897.6597125783591,900756.99,123.08891646153846,1.0,infrequent,moderate,True,high_leverage
0x4f93fead39b70a1824f981a54d4e55b278e9f760,2024-07-28,0.0,Greed,71.0,0.0,10666.563333333334,3,0.0,283.75689902744034,31999.690000000002,0.0,1.0,infrequent,moderate,False,medium_leverage
0x4f93fead39b70a1824f981a54d4e55b278e9f760,2024-07-30,0.0,Greed,67.0,0.0,6001.078333333334,6,0.0,121.96436243915683,36006.47,0.0,1.0,infrequent,moderate,False,medium_leverage
0x4f93fead39b70a1824f981a54d4e55b278e9f760,2024-07-31,0.0,Greed,61.0,0.0,13335.046666666667,3,0.0,223.76507623071677,40005.14,0.0,1.0,infrequent,moderate,False,medium_leverage
0x4f93fead39b70a1824f981a54d4e55b278e9f760,2024-08-01,0.0,Neutral,52.0,0.0,11076.539230769231,13,0.0,128.23707279327832,143995.01,0.0,1.0,infrequent,moderate,False,medium_leverage
0x4f93fead39b70a1824f981a54d4e55b278e9f760,2024-08-02,0.0,Greed,57.0,0.0,8221.31,36,35.0,53.04364415112595,295967.16,0.0,1.0,infrequent,moderate,False,medium_leverage
0x4f93fead39b70a1824f981a54d4e55b278e9f760,2024-08-03,0.0,Fear,37.0,0.0,8652.23,13,0.0,37.89949137144357,112478.98999999999,0.0,1.0,infrequent,moderate,False,medium_leverage
0x4f93fead39b70a1824f981a54d4e55b278e9f760,2024-08-04,-108604.496278,Fear,34.0,0.0,12521.542916666665,72,0.2,770.6644199733969,901551.09,-1508.395781638889,1.0,infrequent,moderate,False,high_leverage
0x4f93fead39b70a1824f981a54d4e55b278e9f760,2024-08-05,-4779.219012,Fear,26.0,0.0,12572.832941176472,17,7.5,1217.3781761696348,213738.16,-281.130530117647,1.0,infrequent,moderate,False,high_leverage
0x4f93fead39b70a1824f981a54d4e55b278e9f760,2024-08-09,11147.900554,Neutral,48.0,0.75,11003.166666666666,12,0.3333333333333333,1680.55740613382,132038.0,928.9917128333333,1.0,infrequent,moderate,True,high_leverage
0x4f93fead39b70a1824f981a54d4e55b278e9f760,2024-08-11,847.7766200000001,Fear,39.0,0.5,5104.981250000001,8,0.0,1545.7553422902813,40839.850000000006,105.97207750000001,1.0,infrequent,moderate,True,high_leverage
0x4f93fead39b70a1824f981a54d4e55b278e9f760,2024-08-12,858.6705000000001,Fear,25.0,0.375,2758.775,16,0.0,858.8601551940566,44140.4,53.666906250000004,1.0,infrequent,moderate,True,high_leverage
0x4f93fead39b70a1824f981a54d4e55b278e9f760,2024-08-13,0.0,Fear,31.0,0.0,2500.02,5,4.0,215.98780555028583,12500.1,0.0,1.0,infrequent,moderate,False,medium_leverage
0x4f93fead39b70a1824f981a54d4e55b278e9f760,2024-08-14,2168.9015130000003,Fear,30.0,0.5555555555555556,7185.148888888889,9,0.8,1736.286421700947,64666.34,240.98905700000003,1.0,infrequent,moderate,True,high_leverage
0x4f93fead39b70a1824f981a54d4e55b278e9f760,2024-08-16,0.0,Fear,27.0,0.0,6250.0650000000005,2,0.0,579.7685728392586,12500.130000000001,0.0,1.0,infrequent,moderate,False,high_leverage
0x4f93fead39b70a1824f981a54d4e55b278e9f760,2024-08-18,307.201888,Fear,31.0,0.8571428571428571,4486.033571428571,14,0.0,1778.2348961253358,62804.47,21.942992,1.0,infrequent,moderate,True,high_leverage
0x4f93fead39b70a1824f981a54d4e55b278e9f760,2024-08-20,192.602844,Fear,30.0,0.125,5302.23375,8,1.6666666666666667,2026.1874913411948,42417.87,24.0753555,1.0,infrequent,moderate,True,high_leverage
0x4f93fead39b70a1824f981a54d4e55b278e9f760,2024-08-23,1005.30527,Fear,34.0,0.3,6350.956,10,0.0,1221.0466749402028,63509.56,100.53052699999999,1.0,infrequent,moderate,True,high_leverage
0x4f93fead39b70a1824f981a54d4e55b278e9f760,2024-08-24,0.0,Greed,56.0,0.0,7500.035,2,0.0,464.7371820807332,15000.07,0.0,1.0,infrequent,moderate,False,high_leverage
0x4f93fead39b70a1824f981a54d4e55b278e9f760,2024-08-25,0.0,Neutral,54.0,0.0,3749.0825,4,0.0,170.15720150478282,14996.33,0.0,1.0,infrequent,moderate,False,medium_leverage
0x4f93fead39b70a1824f981a54d4e55b278e9f760,2024-08-26,231.236918,Greed,55.0,0.4,18452.704,5,0.0,4610.586750842194,92263.52,46.2473836,1.0,infrequent,moderate,True,high_leverage
0x4f93fead39b70a1824f981a54d4e55b278e9f760,2024-08-27,0.0,Neutral,48.0,0.0,9286.455714285714,7,0.0,514.0967065217395,65005.19,0.0,1.0,infrequent,moderate,False,high_leverage
0x4f93fead39b70a1824f981a54d4e55b278e9f760,2024-08-28,0.0,Fear,30.0,0.0,6784.937142857142,7,0.0,170.4695385650398,47494.56,0.0,1.0,infrequent,moderate,False,medium_leverage
0x4f93fead39b70a1824f981a54d4e55b278e9f760,2024-08-30,0.0,Fear,34.0,0.0,9164.183333333334,3,0.0,161.9622923663224,27492.550000000003,0.0,1.0,infrequent,moderate,False,medium_leverage
0x4f93fead39b70a1824f981a54d4e55b278e9f760,2024-09-02,0.0,Fear,26.0,0.0,15000.21,2,0.0,219.43363449577737,30000.42,0.0,1.0,infrequent,moderate,False,medium_leverage
0x4f93fead39b70a1824f981a54d4e55b278e9f760,2024-09-04,0.0,Fear,27.0,0.0,35004.98,1,0.0,448.98498936056967,35004.98,0.0,1.0,infrequent,moderate,False,high_leverage
0x4f93fead39b70a1824f981a54d4e55b278e9f760,2024-09-06,0.0,Extreme Fear,22.0,0.0,8747.6675,4,0.0,89.27983185402707,34990.67,0.0,1.0,infrequent,moderate,False,medium_leverage
0x4f93fead39b70a1824f981a54d4e55b278e9f760,2024-09-20,9585.03428,Neutral,54.0,0.6666666666666666,25380.9675,12,0.3333333333333333,2625.869513845008,304571.61,798.7528566666666,1.0,infrequent,moderate,True,high_leverage
0x4f93fead39b70a1824f981a54d4e55b278e9f760,2024-09-22,0.0,Neutral,52.0,0.0,6666.579999999999,3,0.0,5323.095499845054,19999.739999999998,0.0,1.0,infrequent,moderate,False,high_leverage
0x4f93fead39b70a1824f981a54d4e55b278e9f760,2024-09-23,334.760796,Neutral,50.0,0.5,20167.145,2,1.0,15272.640381520665,40334.29,167.380398,1.0,infrequent,moderate,True,high_leverage
0x4f93fead39b70a1824f981a54d4e55b278e9f760,2024-09-25,0.0,Greed,59.0,0.0,8333.518333333333,6,0.0,6003.080911895114,50001.11,0.0,1.0,infrequent,moderate,False,high_leverage
0x4f93fead39b70a1824f981a54d4e55b278e9f760,2024-09-26,439.812513,Neutral,50.0,0.6666666666666666,26813.47333333333,3,0.0,17092.03453164356,80440.42,146.604171,1.0,infrequent,moderate,True,high_leverage
0x4f93fead39b70a1824f981a54d4e55b278e9f760,2024-09-27,0.0,Greed,61.0,0.0,9999.232,10,0.0,5468.846236220296,99992.31999999999,0.0,1.0,infrequent,moderate,False,high_leverage
0x4f93fead39b70a1824f981a54d4e55b278e9f760,2024-09-30,2710.626288,Greed,61.0,0.5,17728.09,10,0.0,10600.25448658351,177280.9,271.06262879999997,1.0,infrequent,moderate,True,high_leverage
0x4f93fead39b70a1824f981a54d4e55b278e9f760,2024-10-01,0.0,Neutral,50.0,0.0,34988.58,4,0.0,13638.22760924134,139954.32,0.0,1.0,infrequent,moderate,False,high_leverage
0x4f93fead39b70a1824f981a54d4e55b278e9f760,2024-10-02,0.0,Fear,42.0,0.0,24988.585,4,0.0,5443.075268084208,99954.34,0.0,1.0,infrequent,moderate,False,high_leverage
0x4f93fead39b70a1824f981a54d4e55b278e9f760,2024-10-03,0.0,Fear,37.0,0.0,30002.25,4,0.0,4617.01250537367,120009.0,0.0,1.0,infrequent,moderate,False,high_leverage
0x4f93fead39b70a1824f981a54d4e55b278e9f760,2024-10-05,5767.161892,Neutral,49.0,0.6666666666666666,16822.36472222222,36,0.3333333333333333,6907.968990023681,605605.13,160.19894144444444,1.0,infrequent,moderate,True,high_leverage
0x4f93fead39b70a1824f981a54d4e55b278e9f760,2024-10-06,130.487079,Neutral,50.0,0.22727272727272727,13642.298181818182,22,0.375,7493.530601034355,300130.56,5.9312308636363635,1.0,infrequent,moderate,True,high_leverage
0x4f93fead39b70a1824f981a54d4e55b278e9f760,2024-10-07,0.0,Neutral,50.0,0.0,10475.459523809524,21,0.0,1885.90124663337,219984.65,0.0,1.0,infrequent,moderate,False,high_leverage
0x4f93fead39b70a1824f981a54d4e55b278e9f760,2024-10-08,5396.546638,Neutral,49.0,0.9428571428571428,12416.672857142858,35,34.0,3574.593406719322,434583.55,154.1870468,1.0,infrequent,moderate,True,high_leverage
0x4f93fead39b70a1824f981a54d4e55b278e9f760,2024-10-09,396.06272,Neutral,49.0,0.21428571428571427,15742.852142857142,14,3.6666666666666665,10070.942041354207,220399.93,28.290194285714286,1.0,infrequent,moderate,True,high_leverage
0x4f93fead39b70a1824f981a54d4e55b278e9f760,2024-10-10,0.0,Fear,39.0,0.0,18751.521249999998,16,0.0,3905.1903696132567,300024.33999999997,0.0,1.0,infrequent,moderate,False,high_leverage
0x4f93fead39b70a1824f981a54d4e55b278e9f760,2024-10-11,8885.327477,Fear,32.0,0.72,19556.1384,25,0.0,6419.385176655461,488903.45999999996,355.41309908000005,1.0,infrequent,moderate,True,high_leverage
0x4f93fead39b70a1824f981a54d4e55b278e9f760,2024-10-12,541.55471,Neutral,49.0,0.7,15971.34,10,2.3333333333333335,9063.640326595672,159713.4,54.155471,1.0,infrequent,moderate,True,high_leverage
0x4f93fead39b70a1824f981a54d4e55b278e9f760,2024-10-13,0.0,Neutral,50.0,0.0,6000.242,10,0.0,4520.810249281206,60002.42,0.0,1.0,infrequent,moderate,False,high_leverage
0x4f93fead39b70a1824f981a54d4e55b278e9f760,2024-10-14,1913.61958,Neutral,48.0,1.0,12383.204000000002,5,0.0,7448.735235145259,61916.020000000004,382.72391600000003,1.0,infrequent,moderate,True,high_leverage
0x4f93fead39b70a1824f981a54d4e55b278e9f760,2024-10-15,1170.2260760000001,Greed,65.0,0.5714285714285714,11596.194285714286,7,0.75,9661.153605502665,81173.36,167.17515371428573,1.0,infrequent,moderate,True,high_leverage
0x4f93fead39b70a1824f981a54d4e55b278e9f760,2024-10-16,219.480876,Greed,73.0,0.2727272727272727,7293.560909090909,11,2.6666666666666665,6155.183169091467,80229.17,19.95280690909091,1.0,infrequent,moderate,True,high_leverage
0x4f93fead39b70a1824f981a54d4e55b278e9f760,2024-10-17,36.11496,Greed,71.0,0.125,17504.00375,8,3.0,13495.13364570322,140032.03,4.51437,1.0,infrequent,moderate,True,high_leverage
0x4f93fead39b70a1824f981a54d4e55b278e9f760,2024-10-18,333.219141,Greed,73.0,0.8333333333333334,20055.238333333335,6,0.2,11847.398011069577,120331.43000000001,55.536523499999994,1.0,infrequent,moderate,True,high_leverage
0x4f93fead39b70a1824f981a54d4e55b278e9f760,2024-10-19,0.0,Greed,72.0,0.0,24999.215,4,0.0,17408.2623120781,99996.86,0.0,1.0,infrequent,moderate,False,high_leverage
0x4f93fead39b70a1824f981a54d4e55b278e9f760,2024-10-20,229.060526,Greed,73.0,0.8333333333333334,20037.618333333336,6,0.2,11731.332069034002,120225.71,38.176754333333335,1.0,infrequent,moderate,True,high_leverage
0x4f93fead39b70a1824f981a54d4e55b278e9f760,2024-10-21,0.0,Greed,72.0,0.0,13638.561818181817,11,0.0,7918.705750506261,150024.18,0.0,1.0,infrequent,moderate,False,high_leverage
0x4f93fead39b70a1824f981a54d4e55b278e9f760,2024-10-22,0.0,Greed,70.0,0.0,20000.12,3,0.0,5832.583250926506,60000.36,0.0,1.0,infrequent,moderate,False,high_leverage
0x4f93fead39b70a1824f981a54d4e55b278e9f760,2024-10-23,-46.489941,Greed,71.0,0.0,11667.003888888888,18,5.0,1843.1099874857698,210006.07,-2.5827745,1.0,infrequent,moderate,False,high_leverage
0x4f93fead39b70a1824f981a54d4e55b278e9f760,2024-10-25,4543.862071,Greed,72.0,0.64,16183.4872,25,0.5625,7896.834131211587,404587.18,181.75448283999998,1.0,infrequent,moderate,True,high_leverage
0x4f93fead39b70a1824f981a54d4e55b278e9f760,2024-10-27,666.6623079999999,Greed,74.0,0.75,22666.1025,4,0.0,15829.96717060335,90664.41,166.66557699999998,1.0,infrequent,moderate,True,high_leverage
0x4f93fead39b70a1824f981a54d4e55b278e9f760,2024-10-28,0.0,Greed,72.0,0.0,13332.702222222222,9,0.0,6555.64659824537,119994.32,0.0,1.0,infrequent,moderate,False,high_leverage
0x4f93fead39b70a1824f981a54d4e55b278e9f760,2024-10-29,0.0,Greed,72.0,0.0,16285.80864864865,37,0.0,2580.5277319038623,602574.92,0.0,1.0,infrequent,moderate,False,high_leverage
0x4f93fead39b70a1824f981a54d4e55b278e9f760,2024-10-31,765.475192,Extreme Greed,77.0,0.8214285714285714,30487.215,28,8.333333333333334,6823.151412587564,853642.02,27.338399714285714,1.0,infrequent,moderate,True,high_leverage
0x4f93fead39b70a1824f981a54d4e55b278e9f760,2024-11-01,1040.5747959999999,Extreme Greed,75.0,0.2222222222222222,25670.122222222224,9,3.5,15592.443767389712,231031.1,115.61942177777776,1.0,infrequent,moderate,True,high_leverage
0x4f93fead39b70a1824f981a54d4e55b278e9f760,2024-11-02,0.0,Greed,72.0,0.0,20000.0,2,0.0,10242.705710191225,40000.0,0.0,1.0,infrequent,moderate,False,high_leverage
0x4f93fead39b70a1824f981a54d4e55b278e9f760,2024-11-03,0.0,Greed,74.0,0.0,27498.585,4,0.0,9518.383089269695,109994.34,0.0,1.0,infrequent,moderate,False,high_leverage
0x4f93fead39b70a1824f981a54d4e55b278e9f760,2024-11-04,2259.351364,Greed,70.0,0.5,16623.486153846156,26,1.0,9275.989836893114,432210.64,86.89812938461539,1.0,infrequent,moderate,True,high_leverage
0x4f93fead39b70a1824f981a54d4e55b278e9f760,2024-11-05,678.4759280000001,Greed,70.0,0.5,20062.723,10,1.0,8728.040597827412,200627.23,67.8475928,1.0,infrequent,moderate,True,high_leverage
0x4f93fead39b70a1824f981a54d4e55b278e9f760,2024-11-06,2821.24842,Greed,70.0,0.5833333333333334,10158.865,12,0.7142857142857143,8619.282580988003,121906.38,235.10403499999998,1.0,infrequent,moderate,True,high_leverage
0x4f93fead39b70a1824f981a54d4e55b278e9f760,2024-11-07,628.96246,Extreme Greed,77.0,0.5,30314.425,2,1.0,25928.09442021436,60628.85,314.48123,1.0,infrequent,moderate,True,high_leverage
0x4f93fead39b70a1824f981a54d4e55b278e9f760,2024-11-08,646.3734049999999,Extreme Greed,75.0,0.25,10026.734583333333,24,3.0,7069.494301599778,240641.63,26.932225208333332,1.0,infrequent,moderate,True,high_leverage
0x4f93fead39b70a1824f981a54d4e55b278e9f760,2024-11-09,0.0,Extreme Greed,75.0,0.0,16666.712222222224,9,0.0,10213.083526775903,150000.41,0.0,1.0,infrequent,moderate,False,high_leverage
0x4f93fead39b70a1824f981a54d4e55b278e9f760,2024-11-10,548.36595,Extreme Greed,78.0,0.75,22568.36875,8,0.3333333333333333,12456.911000360127,180546.95,68.54574375,1.0,infrequent,moderate,True,high_leverage
0x4f93fead39b70a1824f981a54d4e55b278e9f760,2024-11-11,1479.677222,Extreme Greed,76.0,0.45,16571.107,20,1.2222222222222223,9365.879082097803,331422.14,73.9838611,1.0,infrequent,moderate,True,high_leverage
0x4f93fead39b70a1824f981a54d4e55b278e9f760,2024-11-12,2053.119744,Extreme Greed,80.0,0.16216216216216217,14354.293783783784,74,5.166666666666667,7005.866567239784,1062217.74,27.744861405405405,1.0,infrequent,moderate,True,high_leverage
0x4f93fead39b70a1824f981a54d4e55b278e9f760,2024-11-13,7680.907897,Extreme Greed,84.0,0.64,19512.4728,25,0.5625,8642.147672304514,487811.82,307.23631588,1.0,infrequent,moderate,True,high_leverage
0x4f93fead39b70a1824f981a54d4e55b278e9f760,2024-11-14,2348.106228,Extreme Greed,88.0,0.34146341463414637,21522.69975609756,41,1.9285714285714286,11707.421439415783,882430.6900000001,57.2708836097561,1.0,infrequent,moderate,True,high_leverage
0x4f93fead39b70a1824f981a54d4e55b278e9f760,2024-11-15,2003.536586,Extreme Greed,80.0,0.4177215189873418,17219.896202531647,79,1.3235294117647058,9395.246120651089,1360371.8,25.361222607594936,1.0,infrequent,moderate,True,high_leverage
0x4f93fead39b70a1824f981a54d4e55b278e9f760,2024-11-16,255.14686999999998,Extreme Greed,86.0,0.5833333333333334,18322.8475,12,1.4,15491.392814956196,219874.16999999998,21.262239166666664,1.0,infrequent,moderate,True,high_leverage
0x4f93fead39b70a1824f981a54d4e55b278e9f760,2024-11-17,546.624374,Extreme Greed,90.0,0.3076923076923077,23861.476153846153,26,2.25,14769.249978710754,620398.38,21.024014384615384,1.0,infrequent,moderate,True,high_leverage
0x4f93fead39b70a1824f981a54d4e55b278e9f760,2024-11-18,3158.176614,Extreme Greed,83.0,0.42857142857142855,26917.316857142858,35,1.1875,11154.591921199637,942106.09,90.23361754285715,1.0,infrequent,moderate,True,high_leverage
0x4f93fead39b70a1824f981a54d4e55b278e9f760,2024-11-19,1573.210981,Extreme Greed,90.0,0.5,10658.076000000001,30,1.3076923076923077,8431.070936424197,319742.28,52.44036603333333,1.0,infrequent,moderate,True,high_leverage
0x4f93fead39b70a1824f981a54d4e55b278e9f760,2024-11-20,2259.775633,Extreme Greed,83.0,0.48484848484848486,25402.638787878786,33,0.8333333333333334,14845.891131883884,838287.08,68.4780494848485,1.0,infrequent,moderate,True,high_leverage
0x4f93fead39b70a1824f981a54d4e55b278e9f760,2024-11-21,909.745283,Extreme Greed,82.0,0.4444444444444444,17786.91,9,1.25,14421.159261956594,160082.19,101.08280922222222,1.0,infrequent,moderate,True,high_leverage
0x4f93fead39b70a1824f981a54d4e55b278e9f760,2024-11-22,1825.01255,Extreme Greed,94.0,0.6666666666666666,16769.490555555556,18,0.5,11802.641338961732,301850.83,101.3895861111111,1.0,infrequent,moderate,True,high_leverage
0x4f93fead39b70a1824f981a54d4e55b278e9f760,2024-11-23,0.0,Extreme Greed,93.0,0.0,6667.414444444444,9,0.0,5439.11223771803,60006.729999999996,0.0,1.0,infrequent,moderate,False,high_leverage
0x4f93fead39b70a1824f981a54d4e55b278e9f760,2024-11-24,445.338356,Extreme Greed,80.0,0.15151515151515152,15770.984848484848,33,5.6,8653.564532237828,520442.5,13.495101696969696,1.0,infrequent,moderate,True,high_leverage
0x4f93fead39b70a1824f981a54d4e55b278e9f760,2024-11-25,5059.459732,Extreme Greed,82.0,0.3333333333333333,28814.273999999998,30,2.0,10752.312806677142,864428.22,168.64865773333335,1.0,infrequent,moderate,True,high_leverage
0x4f93fead39b70a1824f981a54d4e55b278e9f760,2024-11-26,0.0,Extreme Greed,79.0,0.0,19319.39181818182,22,0.0,2269.7490510484117,425026.62,0.0,1.0,infrequent,moderate,False,high_leverage
0x4f93fead39b70a1824f981a54d4e55b278e9f760,2024-11-27,-2848.159792,Extreme Greed,75.0,0.0,28557.08818181818,44,0.07317073170731707,6633.163684724004,1256511.88,-64.73090436363636,1.0,infrequent,moderate,False,high_leverage
0x4f93fead39b70a1824f981a54d4e55b278e9f760,2024-11-28,1174.315571,Extreme Greed,77.0,0.5,28232.108333333334,12,3.0,14731.286458212393,338785.3,97.85963091666667,1.0,infrequent,moderate,True,high_leverage
0x4f93fead39b70a1824f981a54d4e55b278e9f760,2024-11-29,610.52512,Extreme Greed,78.0,0.14285714285714285,25798.085714285717,7,0.0,17653.907326217657,180586.6,87.21787428571429,1.0,infrequent,moderate,True,high_leverage
0x4f93fead39b70a1824f981a54d4e55b278e9f760,2024-11-30,850.54514,Extreme Greed,84.0,0.4166666666666667,19926.774999999998,12,0.0,12883.0125219755,239121.3,70.87876166666666,1.0,infrequent,moderate,True,high_leverage
0x4f93fead39b70a1824f981a54d4e55b278e9f760,2024-12-01,337.835516,Extreme Greed,81.0,0.5925925925925926,22229.845925925925,27,0.22727272727272727,10338.662909537003,600205.84,12.512426518518518,1.0,infrequent,moderate,True,high_leverage
0x4f93fead39b70a1824f981a54d4e55b278e9f760,2024-12-02,754.7378,Extreme Greed,80.0,0.35294117647058826,17691.249411764704,17,1.8333333333333333,12254.604667103047,300751.24,44.396341176470585,1.0,infrequent,moderate,True,high_leverage
0x4f93fead39b70a1824f981a54d4e55b278e9f760,2024-12-03,1467.1002210000001,Extreme Greed,76.0,0.4444444444444444,31374.63555555556,9,1.25,21406.17141133412,282371.72000000003,163.0111356666667,1.0,infrequent,moderate,True,high_leverage
0x4f93fead39b70a1824f981a54d4e55b278e9f760,2024-12-04,291.35271,Extreme Greed,78.0,0.23076923076923078,20080.955384615383,13,3.3333333333333335,13459.734313052359,261052.41999999998,22.411746923076922,1.0,infrequent,moderate,True,high_leverage
0x4f93fead39b70a1824f981a54d4e55b278e9f760,2024-12-05,1435.68724,Extreme Greed,84.0,0.10526315789473684,40074.16368421053,19,0.0,14309.144280974431,761409.11,75.56248631578947,1.0,infrequent,moderate,True,high_leverage
0x4f93fead39b70a1824f981a54d4e55b278e9f760,2024-12-06,7206.315268,Greed,72.0,0.3559322033898305,25128.245762711864,59,1.95,10942.869087228157,1482566.5,122.14093674576272,1.0,infrequent,moderate,True,high_leverage
0x4f93fead39b70a1824f981a54d4e55b278e9f760,2024-12-07,2342.996384,Extreme Greed,75.0,1.0,49620.3625,4,0.0,22085.83831230457,198481.45,585.749096,1.0,infrequent,moderate,True,high_leverage
0x4f93fead39b70a1824f981a54d4e55b278e9f760,2024-12-08,0.0,Extreme Greed,79.0,0.0,8570.51857142857,7,0.0,7344.949521169181,59993.63,0.0,1.0,infrequent,moderate,False,high_leverage
0x4f93fead39b70a1824f981a54d4e55b278e9f760,2024-12-09,2350.499742,Extreme Greed,78.0,0.4117647058823529,21156.991764705883,17,3.25,14280.051475403292,359668.86,138.26469070588234,1.0,infrequent,moderate,True,high_leverage
0x4f93fead39b70a1824f981a54d4e55b278e9f760,2024-12-10,3986.312514,Extreme Greed,78.0,0.3333333333333333,19470.586944444443,36,3.0,12266.322862439605,700941.13,110.73090316666668,1.0,infrequent,moderate,True,high_leverage
0x4f93fead39b70a1824f981a54d4e55b278e9f760,2024-12-11,1083.777057,Greed,74.0,0.26666666666666666,23331.314333333332,30,0.25,13347.155978624056,699939.4299999999,36.1259019,1.0,infrequent,moderate,True,high_leverage
0x4f93fead39b70a1824f981a54d4e55b278e9f760,2024-12-12,0.0,Extreme Greed,83.0,0.0,12254.174838709678,31,0.0,2261.722294268194,379879.42,0.0,1.0,infrequent,moderate,False,high_leverage
0x4f93fead39b70a1824f981a54d4e55b278e9f760,2024-12-13,6790.274613,Extreme Greed,76.0,0.5510204081632653,20715.92551020408,49,3.0833333333333335,9438.08761605018,1015080.35,138.57703291836734,1.0,infrequent,moderate,True,high_leverage
0x4f93fead39b70a1824f981a54d4e55b278e9f760,2024-12-14,570.1898180000001,Extreme Greed,83.0,0.3157894736842105,10507.837368421053,19,2.8,8701.020568010395,199648.91,30.009990421052635,1.0,infrequent,moderate,True,high_leverage
0x4f93fead39b70a1824f981a54d4e55b278e9f760,2024-12-15,263.914304,Extreme Greed,80.0,0.23809523809523808,14297.049523809523,21,0.23529411764705882,10022.359900071013,300238.04,12.56734780952381,1.0,infrequent,moderate,True,high_leverage
0x4f93fead39b70a1824f981a54d4e55b278e9f760,2024-12-16,0.0,Extreme Greed,83.0,0.0,32579.84037037037,27,0.0,5555.016443564533,879655.69,0.0,1.0,infrequent,moderate,False,high_leverage
0x4f93fead39b70a1824f981a54d4e55b278e9f760,2024-12-17,0.0,Extreme Greed,87.0,0.0,14999.839166666667,12,0.0,1265.0815521775908,179998.07,0.0,1.0,infrequent,moderate,False,high_leverage
0x4f93fead39b70a1824f981a54d4e55b278e9f760,2024-12-18,-4627.220257,Extreme Greed,81.0,0.08064516129032258,28169.055161290322,62,11.4,7815.775506051277,1746481.42,-74.63258479032258,1.0,infrequent,moderate,False,high_leverage
0x4f93fead39b70a1824f981a54d4e55b278e9f760,2024-12-19,1582.2032900000002,Extreme Greed,75.0,0.11320754716981132,17374.649433962266,53,7.833333333333333,8080.169686461762,920856.42,29.852892264150945,1.0,infrequent,moderate,True,high_leverage
0x4f93fead39b70a1824f981a54d4e55b278e9f760,2024-12-20,0.0,Greed,74.0,0.0,37047.935,6,0.0,5973.868670766922,222287.61,0.0,1.0,infrequent,moderate,False,high_leverage
0x4f93fead39b70a1824f981a54d4e55b278e9f760,2024-12-21,1367.500173,Greed,73.0,0.56,20223.721400000002,50,0.7857142857142857,6008.472999430188,1011186.0700000001,27.350003459999996,1.0,infrequent,moderate,True,high_leverage
0x4f93fead39b70a1824f981a54d4e55b278e9f760,2024-12-22,0.0,Greed,73.0,0.0,43336.74,3,0.0,12550.186796851092,130010.22,0.0,1.0,infrequent,moderate,False,high_leverage
0x4f93fead39b70a1824f981a54d4e55b278e9f760,2024-12-23,0.0,Greed,70.0,0.0,21196.97,16,0.0,3629.6253027378757,339151.52,0.0,1.0,infrequent,moderate,False,high_leverage
0x4f93fead39b70a1824f981a54d4e55b278e9f760,2024-12-24,2081.2674110000003,Greed,73.0,0.65625,29259.798125,32,0.10344827586206896,8997.354709526686,936313.54,65.03960659375001,1.0,infrequent,moderate,True,high_leverage
0x4f93fead39b70a1824f981a54d4e55b278e9f760,2024-12-25,0.0,Greed,73.0,0.0,23333.069999999996,3,0.0,7252.42106731958,69999.20999999999,0.0,1.0,infrequent,moderate,False,high_leverage
0x4f93fead39b70a1824f981a54d4e55b278e9f760,2024-12-26,7617.597338,Extreme Greed,79.0,0.38095238095238093,21067.338571428572,21,20.0,8042.609400585905,442414.11,362.74273038095237,1.0,infrequent,moderate,True,high_leverage
0x4f93fead39b70a1824f981a54d4e55b278e9f760,2024-12-27,0.0,Greed,74.0,0.0,3890.9755555555553,18,0.0,2455.0612627640376,70037.56,0.0,1.0,infrequent,moderate,False,high_leverage
0x4f93fead39b70a1824f981a54d4e55b278e9f760,2024-12-28,16.972942,Greed,72.0,0.5,18342.231666666667,6,0.0,11239.121076963382,110053.39,2.8288236666666666,1.0,infrequent,moderate,True,high_leverage
0x4f93fead39b70a1824f981a54d4e55b278e9f760,2024-12-29,390.062046,Greed,73.0,0.2857142857142857,5685.322142857142,14,1.0,4940.595830532411,79594.51,27.861574714285716,1.0,infrequent,moderate,True,high_leverage
0x4f93fead39b70a1824f981a54d4e55b278e9f760,2024-12-30,4235.298688000001,Greed,65.0,0.4090909090909091,25644.989545454548,22,1.4444444444444444,10226.515256452707,564189.77,192.51357672727275,1.0,infrequent,moderate,True,high_leverage
0x4f93fead39b70a1824f981a54d4e55b278e9f760,2024-12-31,2301.21954,Greed,64.0,0.0425531914893617,10472.761489361701,47,22.5,5046.902248834147,492219.79,48.96211787234043,1.0,infrequent,moderate,True,high_leverage
0x4f93fead39b70a1824f981a54d4e55b278e9f760,2025-01-01,0.0,Greed,66.0,0.0,49999.51,1,0.0,24282.923109798743,49999.51,0.0,1.0,infrequent,moderate,False,high_leverage
0x4f93fead39b70a1824f981a54d4e55b278e9f760,2025-01-02,2399.9471460000004,Greed,70.0,0.42105263157894735,19582.443684210524,19,1.375,12592.636358393715,372066.43,126.31300768421055,1.0,infrequent,moderate,True,high_leverage
0x4f93fead39b70a1824f981a54d4e55b278e9f760,2025-01-03,3084.287743,Greed,74.0,0.6041666666666666,9644.217708333334,48,0.6551724137931034,5948.5497451915135,462922.45,64.25599464583333,1.0,infrequent,moderate,True,high_leverage
0x4f93fead39b70a1824f981a54d4e55b278e9f760,2025-01-04,0.0,Greed,73.0,0.0,7142.837142857143,14,0.0,5178.732083623204,99999.72,0.0,1.0,infrequent,moderate,False,high_leverage
0x4f93fead39b70a1824f981a54d4e55b278e9f760,2025-01-05,890.33157,Greed,72.0,0.21052631578947367,19427.31105263158,19,3.75,11466.587429563217,369118.91000000003,46.859556315789476,1.0,infrequent,moderate,True,high_leverage
0x4f93fead39b70a1824f981a54d4e55b278e9f760,2025-01-06,3575.442423,Extreme Greed,76.0,0.4375,10735.9740625,32,1.2857142857142858,7755.641974897613,343551.17,111.73257571875,1.0,infrequent,moderate,True,high_leverage
0x4f93fead39b70a1824f981a54d4e55b278e9f760,2025-01-07,0.0,Extreme Greed,78.0,0.0,12147.022564102565,39,0.0,4168.25630409803,473733.88,0.0,1.0,infrequent,moderate,False,high_leverage
0x4f93fead39b70a1824f981a54d4e55b278e9f760,2025-01-08,0.0,Greed,70.0,0.0,19291.1175,16,0.0,2637.619308978172,308657.88,0.0,1.0,infrequent,moderate,False,high_leverage
0x4f93fead39b70a1824f981a54d4e55b278e9f760,2025-01-10,-36229.641811,Neutral,50.0,0.4474885844748858,26918.19479452055,219,0.8717948717948718,9056.765250295271,5895084.66,-165.43215438812786,1.0,infrequent,moderate,False,high_leverage
0x4f93fead39b70a1824f981a54d4e55b278e9f760,2025-01-11,1559.841529,Greed,69.0,0.35526315789473684,20461.92407894737,76,1.8148148148148149,10789.04022410529,1555106.23,20.524230644736843,1.0,infrequent,moderate,True,high_leverage
0x4f93fead39b70a1824f981a54d4e55b278e9f760,2025-01-12,736.621517,Greed,62.0,0.4533333333333333,24737.227600000002,75,0.6666666666666666,8854.848420053957,1855292.07,9.821620226666667,1.0,infrequent,moderate,True,high_leverage
0x4f93fead39b70a1824f981a54d4e55b278e9f760,2025-01-13,1756.982034,Greed,61.0,0.5567010309278351,24201.82237113402,97,1.0208333333333333,8712.78359210908,2347576.77,18.113216845360824,1.0,infrequent,moderate,True,high_leverage
0x4f93fead39b70a1824f981a54d4e55b278e9f760,2025-01-14,1878.804638,Greed,63.0,0.40476190476190477,15041.543095238096,42,1.4705882352941178,8428.059888470834,631744.81,44.733443761904766,1.0,infrequent,moderate,True,high_leverage
0x4f93fead39b70a1824f981a54d4e55b278e9f760,2025-01-15,7470.003118,Greed,70.0,0.5753424657534246,21394.826301369863,73,0.5531914893617021,11338.590168818057,1561822.32,102.32880983561644,1.0,infrequent,moderate,True,high_leverage
0x4f93fead39b70a1824f981a54d4e55b278e9f760,2025-01-16,5170.4237570000005,Extreme Greed,75.0,0.55,27260.669100000003,100,0.8181818181818182,7352.668696160773,2726066.91,51.704237570000004,1.0,infrequent,moderate,True,high_leverage
0x4f93fead39b70a1824f981a54d4e55b278e9f760,2025-01-17,811.1445319999999,Extreme Greed,75.0,0.3333333333333333,30510.78523809524,21,2.0,17870.824197346836,640726.49,38.62593009523809,1.0,infrequent,moderate,True,high_leverage
0x4f93fead39b70a1824f981a54d4e55b278e9f760,2025-01-18,4078.848863,Extreme Greed,77.0,0.5517241379310345,32431.74827586207,58,1.2307692307692308,12980.088851731796,1881041.4000000001,70.32498039655172,1.0,infrequent,moderate,True,high_leverage
0x4f93fead39b70a1824f981a54d4e55b278e9f760,2025-01-19,3253.260003,Extreme Greed,77.0,0.36363636363636365,25180.392613636363,88,2.52,14203.905259916686,2215874.55,36.968863670454546,1.0,infrequent,moderate,True,high_leverage
0x4f93fead39b70a1824f981a54d4e55b278e9f760,2025-01-20,7466.841136,Extreme Greed,76.0,0.3556701030927835,29887.263092783505,194,2.180327868852459,8220.504197212957,5798129.04,38.48887183505155,1.0,infrequent,moderate,True,high_leverage
0x4f93fead39b70a1824f981a54d4e55b278e9f760,2025-01-21,2953.3108039999997,Extreme Greed,76.0,0.43478260869565216,14189.073260869565,92,0.5862068965517241,8908.115593223994,1305394.74,32.10120439130434,1.0,infrequent,moderate,True,high_leverage
0x4f93fead39b70a1824f981a54d4e55b278e9f760,2025-01-22,2971.896355,Extreme Greed,84.0,0.4098360655737705,17456.443770491805,61,1.3461538461538463,11819.463475895778,1064843.07,48.71961237704918,1.0,infrequent,moderate,True,high_leverage
0x4f93fead39b70a1824f981a54d4e55b278e9f760,2025-01-23,6749.1349199999995,Extreme Greed,75.0,0.2682926829268293,17999.84780487805,82,2.037037037037037,7439.994342798147,1475987.52,82.30652341463414,1.0,infrequent,moderate,True,high_leverage
0x4f93fead39b70a1824f981a54d4e55b278e9f760,2025-01-24,1707.06994,Extreme Greed,75.0,0.38095238095238093,14664.804285714286,42,0.5,10497.158957580788,615921.78,40.64452238095238,1.0,infrequent,moderate,True,high_leverage
0x4f93fead39b70a1824f981a54d4e55b278e9f760,2025-01-25,446.44485399999996,Extreme Greed,75.0,0.2222222222222222,22485.88888888889,18,0.0,12260.233374984082,404746.0,24.802491888888888,1.0,infrequent,moderate,True,high_leverage
0x4f93fead39b70a1824f981a54d4e55b278e9f760,2025-01-27,0.0,Greed,71.0,0.0,33170.452666666664,15,0.0,5774.374885247578,497556.79,0.0,1.0,infrequent,moderate,False,high_leverage
0x4f93fead39b70a1824f981a54d4e55b278e9f760,2025-01-30,3278.847724,Greed,70.0,0.4666666666666667,21280.349733333333,75,1.0833333333333333,9911.57751062,1596026.23,43.717969653333334,1.0,infrequent,moderate,True,high_leverage
0x4f93fead39b70a1824f981a54d4e55b278e9f760,2025-01-31,975.654751,Extreme Greed,76.0,0.3559322033898305,13735.521525423728,59,1.4583333333333333,8801.025474298924,810395.77,16.53652120338983,1.0,infrequent,moderate,True,high_leverage
0x4f93fead39b70a1824f981a54d4e55b278e9f760,2025-02-01,0.0,Greed,68.0,0.0,22500.69,4,0.0,17765.495803927417,90002.76,0.0,1.0,infrequent,moderate,False,high_leverage
0x4f93fead39b70a1824f981a54d4e55b278e9f760,2025-02-02,0.0,Greed,60.0,0.0,25418.461333333333,30,0.0,5671.819228932394,762553.84,0.0,1.0,infrequent,moderate,False,high_leverage
0x4f93fead39b70a1824f981a54d4e55b278e9f760,2025-02-04,6403.5061239999995,Greed,72.0,1.0,95439.94666666667,9,0.0,19738.217588983083,858959.52,711.5006804444444,1.0,infrequent,moderate,True,high_leverage
0x4f93fead39b70a1824f981a54d4e55b278e9f760,2025-02-05,0.0,Neutral,54.0,0.0,16663.026666666665,9,0.0,11140.40998506142,149967.24,0.0,1.0,infrequent,moderate,False,high_leverage
0x4f93fead39b70a1824f981a54d4e55b278e9f760,2025-02-06,440.753133,Neutral,49.0,0.4,30041.394,10,1.5,18202.3252004781,300413.94,44.0753133,1.0,infrequent,moderate,True,high_leverage
0x4f93fead39b70a1824f981a54d4e55b278e9f760,2025-02-07,3691.30885,Fear,44.0,0.3333333333333333,19508.291481481483,27,0.8,10931.398541248265,526723.87,136.7151425925926,1.0,infrequent,moderate,True,high_leverage
0x4f93fead39b70a1824f981a54d4e55b278e9f760,2025-02-08,0.0,Fear,44.0,0.0,22498.25125,8,0.0,10865.177167056965,179986.01,0.0,1.0,infrequent,moderate,False,high_leverage
0x4f93fead39b70a1824f981a54d4e55b278e9f760,2025-02-09,866.203569,Neutral,46.0,0.3333333333333333,90292.82333333335,3,0.0,36222.342568085485,270878.47000000003,288.734523,1.0,infrequent,moderate,True,high_leverage
0x4f93fead39b70a1824f981a54d4e55b278e9f760,2025-02-10,2069.55836,Fear,43.0,0.34523809523809523,14470.832976190475,84,1.2105263157894737,8856.60925637125,1215549.97,24.637599523809524,1.0,infrequent,moderate,True,high_leverage
0x4f93fead39b70a1824f981a54d4e55b278e9f760,2025-02-11,1353.604398,Neutral,47.0,0.39285714285714285,12581.13017857143,56,1.0,7371.629828232779,704543.29,24.171507107142855,1.0,infrequent,moderate,True,high_leverage
0x4f93fead39b70a1824f981a54d4e55b278e9f760,2025-02-12,5212.729861,Neutral,46.0,0.5357142857142857,14802.268214285714,84,0.3548387096774194,7216.626295375854,1243390.53,62.056307869047615,1.0,infrequent,moderate,True,high_leverage
0x4f93fead39b70a1824f981a54d4e55b278e9f760,2025-02-13,2205.413149,Neutral,50.0,0.4782608695652174,17512.87652173913,23,0.0,9305.623066265161,402796.16,95.8875282173913,1.0,infrequent,moderate,True,high_leverage
0x4f93fead39b70a1824f981a54d4e55b278e9f760,2025-02-14,2678.115601,Neutral,48.0,0.43103448275862066,19911.15103448276,58,0.8709677419354839,8986.272561523207,1154846.76,46.174406913793106,1.0,infrequent,moderate,True,high_leverage
0x4f93fead39b70a1824f981a54d4e55b278e9f760,2025-02-15,3884.0032459999998,Neutral,50.0,0.6190476190476191,22683.889523809525,21,4.25,13400.896104894717,476361.68,184.9525355238095,1.0,infrequent,moderate,True,high_leverage
0x4f93fead39b70a1824f981a54d4e55b278e9f760,2025-02-16,314.96786,Neutral,54.0,0.44,14405.7528,25,1.5,11661.499075022151,360143.82,12.598714399999999,1.0,infrequent,moderate,True,high_leverage
0x4f93fead39b70a1824f981a54d4e55b278e9f760,2025-02-17,1204.110761,Neutral,51.0,0.11904761904761904,12833.438095238096,42,1.3333333333333333,8681.235823030958,539004.4,28.66930383333333,1.0,infrequent,moderate,True,high_leverage
0x4f93fead39b70a1824f981a54d4e55b278e9f760,2025-02-18,1670.219701,Neutral,47.0,0.3181818181818182,13191.782954545453,44,2.142857142857143,9570.73803749929,580438.45,37.95953865909091,1.0,infrequent,moderate,True,high_leverage
0x4f93fead39b70a1824f981a54d4e55b278e9f760,2025-02-19,3512.2119079999998,Fear,44.0,0.39655172413793105,16248.182068965516,58,3.4615384615384617,9187.334747452402,942394.5599999999,60.55537772413793,1.0,infrequent,moderate,True,high_leverage
0x4f93fead39b70a1824f981a54d4e55b278e9f760,2025-02-20,1829.292797,Neutral,49.0,0.4444444444444444,17114.072111111112,90,1.1428571428571428,9067.10631188639,1540266.49,20.325475522222224,1.0,infrequent,moderate,True,high_leverage
0x4f93fead39b70a1824f981a54d4e55b278e9f760,2025-02-21,5993.575314,Greed,55.0,0.10526315789473684,17026.42842105263,76,0.6521739130434783,4499.369296397101,1294008.56,78.86283307894736,1.0,infrequent,moderate,True,high_leverage
0x4f93fead39b70a1824f981a54d4e55b278e9f760,2025-02-22,1287.143384,Neutral,49.0,0.5714285714285714,16717.653406593407,91,0.75,6753.947511803621,1521306.46,14.144432791208791,1.0,infrequent,moderate,True,high_leverage
0x4f93fead39b70a1824f981a54d4e55b278e9f760,2025-02-23,109.68322,Neutral,50.0,0.22580645161290322,9029.90806451613,31,2.4444444444444446,7341.680665552014,279927.15,3.5381683870967744,1.0,infrequent,moderate,True,high_leverage
0x4f93fead39b70a1824f981a54d4e55b278e9f760,2025-02-24,1925.839355,Neutral,49.0,0.29411764705882354,27169.443529411765,17,2.4,16874.511791079152,461880.54,113.28466794117648,1.0,infrequent,moderate,True,high_leverage
0x4f93fead39b70a1824f981a54d4e55b278e9f760,2025-02-25,0.0,Fear,25.0,0.0,19559.930980392157,51,0.0,4045.307898751733,997556.48,0.0,1.0,infrequent,moderate,False,high_leverage
0x4f93fead39b70a1824f981a54d4e55b278e9f760,2025-03-02,11005.991600000001,Fear,26.0,0.8076923076923077,43406.429615384615,26,0.23809523809523808,8559.42287796181,1128567.17,423.30736923076927,1.0,infrequent,moderate,True,high_leverage
0x4f93fead39b70a1824f981a54d4e55b278e9f760,2025-03-03,1136.272279,Fear,33.0,0.5,26764.120833333334,12,1.0,17630.470452161167,321169.45,94.68935658333334,1.0,infrequent,moderate,True,high_leverage
0x4f93fead39b70a1824f981a54d4e55b278e9f760,2025-03-04,8002.939313,Extreme Fear,15.0,0.4745762711864407,25872.653898305085,59,0.5945945945945946,7701.627087990104,1526486.58,135.64303920338983,1.0,infrequent,moderate,True,high_leverage
0x4f93fead39b70a1824f981a54d4e55b278e9f760,2025-03-05,2741.101375,Extreme Fear,20.0,0.37037037037037035,28870.43833333333,54,0.7419354838709677,7096.2493567261245,1559003.67,50.76113657407408,1.0,infrequent,moderate,True,high_leverage
0x4f93fead39b70a1824f981a54d4e55b278e9f760,2025-03-06,3069.196282,Fear,25.0,0.2702702702702703,17383.593783783785,37,1.6428571428571428,10647.51897676222,643192.97,82.95125086486486,1.0,infrequent,moderate,True,high_leverage
0x4f93fead39b70a1824f981a54d4e55b278e9f760,2025-03-07,3273.5394420000002,Fear,34.0,0.8181818181818182,10090.28,22,0.4666666666666667,7560.4161707218655,221986.16,148.7972473636364,1.0,infrequent,moderate,True,high_leverage
0x4f93fead39b70a1824f981a54d4e55b278e9f760,2025-03-08,0.0,Fear,28.0,0.0,7059.288823529412,17,0.0,4738.864217191851,120007.91,0.0,1.0,infrequent,moderate,False,high_leverage
0x4f93fead39b70a1824f981a54d4e55b278e9f760,2025-03-09,0.0,Fear,27.0,0.0,38167.586363636365,11,0.0,9336.938901066802,419843.45,0.0,1.0,infrequent,moderate,False,high_leverage
0x4f93fead39b70a1824f981a54d4e55b278e9f760,2025-03-10,14133.265684,Extreme Fear,20.0,0.4077669902912621,25248.4113592233,103,1.4523809523809523,6408.790904278485,2600586.37,137.2161716893204,1.0,infrequent,moderate,True,high_leverage
0x4f93fead39b70a1824f981a54d4e55b278e9f760,2025-03-11,2479.265806,Extreme Fear,24.0,0.6363636363636364,31854.999696969695,33,0.5714285714285714,10587.88180240003,1051214.99,75.12926684848485,1.0,infrequent,moderate,True,high_leverage
0x4f93fead39b70a1824f981a54d4e55b278e9f760,2025-03-12,0.0,Fear,34.0,0.0,17999.379,10,0.0,9571.426001069154,179993.79,0.0,1.0,infrequent,moderate,False,high_leverage
0x4f93fead39b70a1824f981a54d4e55b278e9f760,2025-03-13,5770.595066,Neutral,45.0,0.36363636363636365,28439.44318181818,22,1.75,11722.698323805858,625667.75,262.29977572727273,1.0,infrequent,moderate,True,high_leverage
0x4f93fead39b70a1824f981a54d4e55b278e9f760,2025-03-14,11039.384571,Fear,27.0,0.4,22036.92,25,0.0,8637.345583748158,550923.0,441.57538284000003,1.0,infrequent,moderate,True,high_leverage
0x4f93fead39b70a1824f981a54d4e55b278e9f760,2025-03-15,575.945518,Neutral,46.0,0.875,17424.6975,8,0.0,10122.032668534097,139397.58,71.99318975,1.0,infrequent,moderate,True,high_leverage
0x4f93fead39b70a1824f981a54d4e55b278e9f760,2025-03-16,144.99309,Fear,30.0,0.3333333333333333,26689.39,6,2.0,20418.22629416911,160136.34,24.165515,1.0,infrequent,moderate,True,high_leverage
0x4f93fead39b70a1824f981a54d4e55b278e9f760,2025-03-17,2220.589556,Fear,32.0,0.7272727272727273,18384.756363636363,11,0.1,9845.232060671604,202232.32,201.8717778181818,1.0,infrequent,moderate,True,high_leverage
0x4f93fead39b70a1824f981a54d4e55b278e9f760,2025-03-18,362.477712,Fear,34.0,0.022727272727272728,9083.757954545454,44,13.666666666666666,4649.1429999658185,399685.35,8.238129818181818,1.0,infrequent,moderate,True,high_leverage
0x4f93fead39b70a1824f981a54d4e55b278e9f760,2025-03-19,1438.717656,Fear,32.0,0.9655172413793104,11776.706206896552,29,0.03571428571428571,5179.971306569196,341524.48,49.610953655172416,1.0,infrequent,moderate,True,high_leverage
0x4f93fead39b70a1824f981a54d4e55b278e9f760,2025-03-20,0.0,Neutral,49.0,0.0,14999.98875,8,0.0,10270.878739433967,119999.91,0.0,1.0,infrequent,moderate,False,high_leverage
0x4f93fead39b70a1824f981a54d4e55b278e9f760,2025-03-21,0.0,Fear,31.0,0.0,30000.725000000002,6,0.0,9477.956181098389,180004.35,0.0,1.0,infrequent,moderate,False,high_leverage
0x4f93fead39b70a1824f981a54d4e55b278e9f760,2025-03-22,58.007635,Fear,32.0,1.0,12502.583333333334,24,0.0,4664.662628826773,300062.0,2.4169847916666667,1.0,infrequent,moderate,True,high_leverage
0x4f93fead39b70a1824f981a54d4e55b278e9f760,2025-03-23,134.82844,Fear,30.0,0.9,4013.454,10,0.1111111111111111,3733.6318147336947,40134.54,13.482844,1.0,infrequent,moderate,True,high_leverage
0x4f93fead39b70a1824f981a54d4e55b278e9f760,2025-03-24,0.0,Neutral,45.0,0.0,4285.6335714285715,14,0.0,3436.1873592185357,59998.869999999995,0.0,1.0,infrequent,moderate,False,high_leverage
0x4f93fead39b70a1824f981a54d4e55b278e9f760,2025-03-25,217.47456799999998,Neutral,46.0,0.5555555555555556,13309.063333333334,9,0.0,9750.076131805914,119781.57,24.163840888888885,1.0,infrequent,moderate,True,high_leverage
0x4f93fead39b70a1824f981a54d4e55b278e9f760,2025-03-26,980.433384,Neutral,47.0,0.6,20075.693,10,0.6666666666666666,16590.675595289933,200756.93,98.04333840000001,1.0,infrequent,moderate,True,high_leverage
0x4f93fead39b70a1824f981a54d4e55b278e9f760,2025-03-27,4329.319769,Fear,40.0,0.4,19609.212,40,1.5,8553.381796447897,784368.48,108.232994225,1.0,infrequent,moderate,True,high_leverage
0x4f93fead39b70a1824f981a54d4e55b278e9f760,2025-03-28,0.0,Fear,44.0,0.0,19998.763,10,0.0,11243.651789788428,199987.63,0.0,1.0,infrequent,moderate,False,high_leverage
0x4f93fead39b70a1824f981a54d4e55b278e9f760,2025-03-29,0.0,Fear,26.0,0.0,27499.309999999998,8,0.0,6603.109387343309,219994.47999999998,0.0,1.0,infrequent,moderate,False,high_leverage
0x4f93fead39b70a1824f981a54d4e55b278e9f760,2025-03-31,2112.5276,Fear,34.0,0.55,18052.58175,40,0.8181818181818182,4987.334602513458,722103.27,52.81319,1.0,infrequent,moderate,True,high_leverage
0x4f93fead39b70a1824f981a54d4e55b278e9f760,2025-04-01,1402.082488,Fear,34.0,0.4,7070.317,20,1.5,5236.392497428592,141406.34,70.1041244,1.0,infrequent,moderate,True,high_leverage
0x4f93fead39b70a1824f981a54d4e55b278e9f760,2025-04-02,0.0,Fear,44.0,0.0,19999.7,1,0.0,19999.7,19999.7,0.0,1.0,infrequent,moderate,False,high_leverage
0x4f93fead39b70a1824f981a54d4e55b278e9f760,2025-04-03,0.0,Fear,25.0,0.0,31104.344444444443,9,0.0,13765.350990492085,279939.1,0.0,1.0,infrequent,moderate,False,high_leverage
0x4f93fead39b70a1824f981a54d4e55b278e9f760,2025-04-04,4591.427138999999,Fear,28.0,0.6190476190476191,20216.697142857145,21,0.6153846153846154,9147.305172437764,424550.64,218.63938757142856,1.0,infrequent,moderate,True,high_leverage
0x4f93fead39b70a1824f981a54d4e55b278e9f760,2025-04-06,0.0,Fear,34.0,0.0,25710.512857142858,7,0.0,8269.214523527873,179973.59,0.0,1.0,infrequent,moderate,False,high_leverage
0x4f93fead39b70a1824f981a54d4e55b278e9f760,2025-04-07,0.0,Extreme Fear,23.0,0.0,13332.73688888889,45,0.0,1766.5661098518879,599973.16,0.0,1.0,infrequent,moderate,False,high_leverage
0x4f93fead39b70a1824f981a54d4e55b278e9f760,2025-04-08,21114.136771999998,Extreme Fear,24.0,0.8571428571428571,38252.94535714285,28,0.16666666666666666,9440.657072688391,1071082.47,754.0763132857143,1.0,infrequent,moderate,True,high_leverage
0x4f93fead39b70a1824f981a54d4e55b278e9f760,2025-04-09,25875.837656,Extreme Fear,18.0,0.5333333333333333,19464.35377777778,45,0.875,4680.387542793236,875895.92,575.0186145777777,1.0,infrequent,moderate,True,high_leverage
0x4f93fead39b70a1824f981a54d4e55b278e9f760,2025-04-10,0.0,Fear,39.0,0.0,16655.645555555555,9,0.0,10609.667184290469,149900.81,0.0,1.0,infrequent,moderate,False,high_leverage
0x4f93fead39b70a1824f981a54d4e55b278e9f760,2025-04-11,3188.3381949999994,Fear,25.0,1.0,51029.70333333334,3,0.0,19874.797056284002,153089.11000000002,1062.7793983333331,1.0,infrequent,moderate,True,high_leverage
0x4f93fead39b70a1824f981a54d4e55b278e9f760,2025-04-13,253.67505,Neutral,45.0,0.375,6281.60375,8,1.6666666666666667,5438.727795502058,50252.83,31.70938125,1.0,infrequent,moderate,True,high_leverage
0x4f93fead39b70a1824f981a54d4e55b278e9f760,2025-04-14,322.73095,Fear,31.0,0.14814814814814814,4642.299259259259,27,5.75,4003.176986638999,125342.08,11.952998148148149,1.0,infrequent,moderate,True,high_leverage
0x4f93fead39b70a1824f981a54d4e55b278e9f760,2025-04-16,0.0,Fear,29.0,0.0,18749.704999999998,4,0.0,9435.591085670785,74998.81999999999,0.0,1.0,infrequent,moderate,False,high_leverage
0x4f93fead39b70a1824f981a54d4e55b278e9f760,2025-04-17,1713.120195,Fear,30.0,0.8888888888888888,19636.307777777776,9,0.125,10624.839191629577,176726.77,190.34668833333333,1.0,infrequent,moderate,True,high_leverage
0x4f93fead39b70a1824f981a54d4e55b278e9f760,2025-04-18,0.0,Fear,33.0,0.0,12499.515,4,0.0,8465.825522438416,49998.06,0.0,1.0,infrequent,moderate,False,high_leverage
0x4f93fead39b70a1824f981a54d4e55b278e9f760,2025-04-19,721.976596,Fear,32.0,0.7222222222222222,8373.388333333334,18,0.38461538461538464,6392.555630201588,150720.99000000002,40.10981088888889,1.0,infrequent,moderate,True,high_leverage
0x4f93fead39b70a1824f981a54d4e55b278e9f760,2025-04-20,0.0,Fear,37.0,0.0,15624.63125,8,0.0,8899.892864111707,124997.05,0.0,1.0,infrequent,moderate,False,high_leverage
0x4f93fead39b70a1824f981a54d4e55b278e9f760,2025-04-21,459.153994,Fear,39.0,1.0,16717.272222222222,9,0.0,7539.176123608891,150455.44999999998,51.01711044444445,1.0,infrequent,moderate,True,high_leverage
0x4f93fead39b70a1824f981a54d4e55b278e9f760,2025-04-24,0.0,Greed,63.0,0.0,18749.59,4,0.0,15195.117955159276,74998.36,0.0,1.0,infrequent,moderate,False,high_leverage
0x4f93fead39b70a1824f981a54d4e55b278e9f760,2025-04-25,0.0,Greed,60.0,0.0,28126.7575,16,0.0,8219.10965982399,450028.12,0.0,1.0,infrequent,moderate,False,high_leverage
0x4f93fead39b70a1824f981a54d4e55b278e9f760,2025-04-30,5286.100993,Greed,56.0,0.6388888888888888,19298.768333333333,36,2.6,7800.289600188426,694755.66,146.83613869444446,1.0,infrequent,moderate,True,high_leverage
0x4f93fead39b70a1824f981a54d4e55b278e9f760,2025-05-01,1220.746604,Neutral,53.0,0.5,14373.198571428571,14,0.2727272727272727,11441.343825527156,201224.78,87.196186,1.0,infrequent,moderate,True,high_leverage
0x513b8629fe877bb581bf244e326a047b249c4ff1,2024-12-09,0.0,Extreme Greed,78.0,0.0,1682.2211904761903,42,0.0,6.366535930535484,70653.29,0.0,1.0,frequent,inconsistent,False,low_leverage
0x513b8629fe877bb581bf244e326a047b249c4ff1,2024-12-12,0.0,Extreme Greed,83.0,0.0,3332.177640449438,89,0.0,0.2890210143138228,296563.81,0.0,1.0,frequent,inconsistent,False,low_leverage
0x513b8629fe877bb581bf244e326a047b249c4ff1,2024-12-15,0.0,Extreme Greed,80.0,0.0,4194.129285714285,28,0.0,0.1737293391453528,117435.62,0.0,1.0,frequent,inconsistent,False,low_leverage
0x513b8629fe877bb581bf244e326a047b249c4ff1,2024-12-19,0.0,Extreme Greed,75.0,0.0,3791.86515625,64,0.0,0.12063742994199766,242679.37,0.0,1.0,frequent,inconsistent,False,low_leverage
0x513b8629fe877bb581bf244e326a047b249c4ff1,2025-02-14,194499.072534,Neutral,48.0,1.0,1986.7047629310346,464,0.0,0.35104031758940696,921831.01,419.1790356336207,1.0,frequent,inconsistent,True,low_leverage
0x513b8629fe877bb581bf244e326a047b249c4ff1,2025-02-17,0.0,Neutral,51.0,0.0,3155.894726027397,292,0.0,1.6205782007332954,921521.26,0.0,1.0,frequent,inconsistent,False,low_leverage
0x513b8629fe877bb581bf244e326a047b249c4ff1,2025-03-17,0.0,Fear,32.0,0.0,9144.806857142858,35,0.0,5475.877972941721,320068.24,0.0,1.0,frequent,inconsistent,False,high_leverage
0x513b8629fe877bb581bf244e326a047b249c4ff1,2025-03-18,5429.87424,Fear,34.0,1.0,43103.988333333335,6,0.0,11142.08875709583,258623.93000000002,904.97904,0.0,frequent,inconsistent,True,high_leverage
0x513b8629fe877bb581bf244e326a047b249c4ff1,2025-03-19,13272.411278,Fear,32.0,0.15037593984962405,6491.884887218045,133,1.078125,1920.837279701074,863420.6900000001,99.792566,0.7744360902255639,frequent,inconsistent,True,high_leverage
0x513b8629fe877bb581bf244e326a047b249c4ff1,2025-03-20,3865.013572,Neutral,49.0,1.0,1391.7530666666667,75,0.0,1.0207956274238918,104381.48,51.53351429333333,0.06666666666666667,frequent,inconsistent,True,low_leverage
0x513b8629fe877bb581bf244e326a047b249c4ff1,2025-03-27,0.0,Fear,40.0,0.0,2064.410909090909,77,0.0,3.540603617570035,158959.64,0.0,1.0,frequent,inconsistent,False,low_leverage
0x513b8629fe877bb581bf244e326a047b249c4ff1,2025-03-28,1470.407794,Fear,44.0,1.0,1909.8789285714283,84,0.0,0.7731090879564176,160429.83,17.50485469047619,1.0,frequent,inconsistent,True,low_leverage
0x513b8629fe877bb581bf244e326a047b249c4ff1,2025-04-01,0.0,Fear,34.0,0.0,13807.81,13,0.0,4980.048239905226,179501.53,0.0,0.0,frequent,inconsistent,False,high_leverage
0x513b8629fe877bb581bf244e326a047b249c4ff1,2025-04-03,0.0,Fear,25.0,0.0,2260.9597959183675,49,0.0,0.13569010115839023,110787.03,0.0,0.4897959183673469,frequent,inconsistent,False,low_leverage
0x513b8629fe877bb581bf244e326a047b249c4ff1,2025-04-05,0.0,Fear,30.0,0.0,2537.0485294117643,34,0.0,0.10023076162338698,86259.65,0.0,0.7647058823529411,frequent,inconsistent,False,low_leverage
0x513b8629fe877bb581bf244e326a047b249c4ff1,2025-04-07,-37999.868086,Extreme Fear,23.0,0.07894736842105263,6969.902236842105,76,0.08571428571428572,2562.996138331911,529712.57,-499.9982642894737,0.5789473684210527,frequent,inconsistent,False,high_leverage
0x513b8629fe877bb581bf244e326a047b249c4ff1,2025-04-08,3131.840108,Extreme Fear,24.0,0.10810810810810811,9667.030743243244,148,8.25,1967.2962182271046,1430720.55,21.16108181081081,0.0,frequent,inconsistent,True,high_leverage
0x513b8629fe877bb581bf244e326a047b249c4ff1,2025-04-09,-36253.792726,Extreme Fear,18.0,0.680327868852459,11281.935245901639,122,0.03389830508474576,2397.1264547264427,1376396.0999999999,-297.1622354590164,0.9344262295081968,frequent,inconsistent,False,high_leverage
0x513b8629fe877bb581bf244e326a047b249c4ff1,2025-04-10,22908.117384,Fear,39.0,0.7240356083086054,25584.4765578635,337,3.2125,4410.644837240191,8621968.6,67.97660944807122,0.19584569732937684,frequent,inconsistent,True,high_leverage
0x513b8629fe877bb581bf244e326a047b249c4ff1,2025-04-11,0.0,Fear,25.0,0.0,33255.74600000001,65,0.0,5131.5157199613,2161623.49,0.0,0.16923076923076924,frequent,inconsistent,False,high_leverage
0x513b8629fe877bb581bf244e326a047b249c4ff1,2025-04-12,88152.006818,Fear,43.0,0.15587529976019185,40967.58708233413,1251,0.5795454545454546,3159.733261344475,51250451.44,70.46523326778576,0.9720223820943246,frequent,inconsistent,True,high_leverage
0x513b8629fe877bb581bf244e326a047b249c4ff1,2025-04-13,11239.437228,Neutral,45.0,0.3017543859649123,31745.770947368423,285,2.313953488372093,4003.401433027768,9047544.72,39.43662185263158,0.8210526315789474,frequent,inconsistent,True,high_leverage
0x513b8629fe877bb581bf244e326a047b249c4ff1,2025-04-14,7922.167264999999,Fear,31.0,0.25217391304347825,38233.16656521739,230,1.5555555555555556,603.9723057038589,8793628.31,34.444205499999995,0.5739130434782609,frequent,inconsistent,True,high_leverage
0x513b8629fe877bb581bf244e326a047b249c4ff1,2025-04-15,40966.673478000004,Fear,38.0,0.5923392612859097,25242.244090287277,731,0.3076923076923077,4241.142827497884,18452080.43,56.041960982216146,0.14500683994528044,frequent,inconsistent,True,high_leverage
0x513b8629fe877bb581bf244e326a047b249c4ff1,2025-04-16,41498.141783,Fear,29.0,0.3860045146726862,39232.42645598194,886,1.621301775147929,3349.1627916526463,34759929.84,46.83763180925508,0.6388261851015802,frequent,inconsistent,True,high_leverage
0x513b8629fe877bb581bf244e326a047b249c4ff1,2025-04-17,0.0,Fear,30.0,0.0,147619.302,5,0.0,1645.8917351742627,738096.51,0.0,0.0,frequent,inconsistent,False,high_leverage
0x513b8629fe877bb581bf244e326a047b249c4ff1,2025-04-18,43400.145539,Fear,33.0,0.762532981530343,58751.562744063325,379,0.31141868512110726,10099.068219941624,22266842.28,114.51225735883904,0.9736147757255936,frequent,inconsistent,True,high_leverage
0x513b8629fe877bb581bf244e326a047b249c4ff1,2025-04-19,62373.791703999996,Fear,32.0,0.35949764521193095,43140.85288854003,637,1.6541666666666666,1781.840183768353,27480723.29,97.91804035164834,0.6420722135007849,frequent,inconsistent,True,high_leverage
0x513b8629fe877bb581bf244e326a047b249c4ff1,2025-04-20,0.0,Fear,37.0,0.0,52569.3078125,160,0.0,2716.8847507808305,8411089.25,0.0,0.8,frequent,inconsistent,False,high_leverage
0x513b8629fe877bb581bf244e326a047b249c4ff1,2025-04-21,39772.479641,Fear,39.0,0.36363636363636365,46044.36062140392,869,0.988558352402746,2657.118196314265,40012549.38,45.76810085270426,0.6363636363636364,frequent,inconsistent,True,high_leverage
0x513b8629fe877bb581bf244e326a047b249c4ff1,2025-04-22,73209.060448,Neutral,47.0,0.44258373205741625,62608.63574162679,418,1.2594594594594595,11513.361028839494,26170409.74,175.14129293779905,0.8708133971291866,frequent,inconsistent,True,high_leverage
0x513b8629fe877bb581bf244e326a047b249c4ff1,2025-04-23,1656.211757,Greed,72.0,0.5592417061611374,54580.961753554504,211,0.21264367816091953,4380.537761517085,11516582.93,7.849344819905213,1.0,frequent,inconsistent,True,high_leverage
0x513b8629fe877bb581bf244e326a047b249c4ff1,2025-04-24,35332.403093,Greed,63.0,0.45089285714285715,47146.683541666665,672,0.7099236641221374,6158.129351163116,31682571.34,52.577980793154765,0.9747023809523809,frequent,inconsistent,True,high_leverage
0x513b8629fe877bb581bf244e326a047b249c4ff1,2025-04-25,8410.75479,Greed,60.0,0.5971943887775552,49855.811983967935,499,1.4825870646766168,1798.8199850448889,24878050.18,16.855220020040083,1.0,frequent,inconsistent,True,high_leverage
0x513b8629fe877bb581bf244e326a047b249c4ff1,2025-04-26,0.0,Greed,65.0,0.0,35046.08286624204,314,0.0,1701.7215396312379,11004470.02,0.0,1.0,frequent,inconsistent,False,high_leverage
0x513b8629fe877bb581bf244e326a047b249c4ff1,2025-04-28,37973.605394,Neutral,54.0,0.5336391437308868,38360.42061162079,654,0.6473551637279596,2510.9105914463757,25087715.08,58.06361681039755,1.0,frequent,inconsistent,True,high_leverage
0x513b8629fe877bb581bf244e326a047b249c4ff1,2025-04-29,117648.295306,Greed,60.0,0.4778225806451613,32144.09112903226,992,1.0928270042194093,1450.0540801121695,31886938.4,118.5970718810484,0.7016129032258065,frequent,inconsistent,True,high_leverage
0x513b8629fe877bb581bf244e326a047b249c4ff1,2025-04-30,0.0,Greed,56.0,0.0,22932.819688149688,481,0.0,1017.304384963227,11030686.27,0.0,0.9958419958419958,frequent,inconsistent,False,high_leverage
0x513b8629fe877bb581bf244e326a047b249c4ff1,2025-05-01,60544.304874,Neutral,53.0,0.7173252279635258,22713.250030395135,329,0.3940677966101695,1.6768003157546125,7472659.26,184.0252427781155,1.0,frequent,inconsistent,True,low_leverage
0x6d6a4b953f202f8df5bed40692e7fd865318264a,2024-12-11,698.009722,Greed,74.0,1.0,136.67374999999998,8,0.0,0.012344705908599849,1093.3899999999999,87.25121525,1.0,infrequent,moderate,True,low_leverage
0x6d6a4b953f202f8df5bed40692e7fd865318264a,2024-12-12,362.84131,Extreme Greed,83.0,1.0,133.0725,4,0.0,0.012073575957764527,532.29,90.7103275,1.0,infrequent,moderate,True,low_leverage
0x6d6a4b953f202f8df5bed40692e7fd865318264a,2024-12-14,39057.10912,Extreme Greed,83.0,1.0,664.7225000000001,80,0.0,0.06833216651068749,53177.8,488.213864,0.9875,infrequent,moderate,True,low_leverage
0x6d6a4b953f202f8df5bed40692e7fd865318264a,2024-12-15,18879.21027,Extreme Greed,80.0,1.0,1635.1666666666667,15,0.0,0.20078634065464535,24527.5,1258.614018,0.0,infrequent,moderate,True,low_leverage
0x6d6a4b953f202f8df5bed40692e7fd865318264a,2024-12-16,12648.870412,Extreme Greed,83.0,1.0,341.3504255319149,47,0.0,0.04736701592373696,16043.47,269.12490238297875,1.0,infrequent,moderate,True,low_leverage
0x6d6a4b953f202f8df5bed40692e7fd865318264a,2024-12-17,2244.04603,Extreme Greed,87.0,1.0,401.2685714285714,7,0.0,0.05846980260557427,2808.88,320.57800428571426,1.0,infrequent,moderate,True,low_leverage
0x6d6a4b953f202f8df5bed40692e7fd865318264a,2024-12-21,27649.187167,Greed,73.0,1.0,372.85966292134833,89,0.0,0.05916721205350098,33184.51,310.6650243483146,1.0,infrequent,moderate,True,low_leverage
0x6d6a4b953f202f8df5bed40692e7fd865318264a,2025-01-11,0.0,Greed,69.0,0.0,227.26757575757574,33,0.0,35.40884213455098,7499.83,0.0,1.0,infrequent,moderate,False,medium_leverage
0x6d6a4b953f202f8df5bed40692e7fd865318264a,2025-01-12,0.0,Greed,62.0,0.0,833.3333333333334,12,0.0,34.933895425195935,10000.0,0.0,1.0,infrequent,moderate,False,medium_leverage
0x6d6a4b953f202f8df5bed40692e7fd865318264a,2025-01-13,0.0,Greed,61.0,0.0,543.5169565217391,23,0.0,65.81362469032581,12500.89,0.0,1.0,infrequent,moderate,False,medium_leverage
0x6d6a4b953f202f8df5bed40692e7fd865318264a,2025-01-19,0.0,Extreme Greed,77.0,0.0,291.6675,12,0.0,45.34639672996398,3500.01,0.0,1.0,infrequent,moderate,False,medium_leverage
0x6d6a4b953f202f8df5bed40692e7fd865318264a,2025-01-20,0.0,Extreme Greed,76.0,0.0,1666.64,3,0.0,1511.0223335187627,4999.92,0.0,1.0,infrequent,moderate,False,high_leverage
0x6d6a4b953f202f8df5bed40692e7fd865318264a,2025-01-23,0.0,Extreme Greed,75.0,0.0,141.0,3,0.0,51.405385096538765,423.0,0.0,1.0,infrequent,moderate,False,medium_leverage
0x6d6a4b953f202f8df5bed40692e7fd865318264a,2025-01-27,0.0,Greed,71.0,0.0,1272.7318181818182,11,0.0,0.7217942220487207,14000.05,0.0,1.0,infrequent,moderate,False,low_leverage
0x6d6a4b953f202f8df5bed40692e7fd865318264a,2025-01-30,1643.602279,Greed,70.0,1.0,1242.675,8,0.0,0.608636298599456,9941.4,205.450284875,1.0,infrequent,moderate,True,low_leverage
0x6d6a4b953f202f8df5bed40692e7fd865318264a,2025-02-01,0.0,Greed,68.0,0.0,1987.6240000000003,5,0.0,1.011769273520859,9938.12,0.0,1.0,infrequent,moderate,False,low_leverage
0x6d6a4b953f202f8df5bed40692e7fd865318264a,2025-02-14,844.8168900000001,Neutral,48.0,1.0,254.39857142857142,21,0.0,0.12039734139451004,5342.37,40.229375714285716,1.0,infrequent,moderate,True,low_leverage
0x6d6a4b953f202f8df5bed40692e7fd865318264a,2025-02-15,0.0,Neutral,50.0,0.0,485.4918181818182,11,0.0,0.23074810580198293,5340.41,0.0,1.0,infrequent,moderate,False,low_leverage
0x6d6a4b953f202f8df5bed40692e7fd865318264a,2025-03-26,413.304033,Neutral,47.0,0.1111111111111111,875.7783333333333,18,8.0,153.82039500274533,15764.01,22.961335166666668,0.9444444444444444,infrequent,moderate,True,medium_leverage
0x6d6a4b953f202f8df5bed40692e7fd865318264a,2025-03-27,154.257092,Fear,40.0,0.6521739130434783,550.3630434782609,23,0.5333333333333333,122.77135297358957,12658.35,6.706830086956522,1.0,infrequent,moderate,True,medium_leverage
0x6d6a4b953f202f8df5bed40692e7fd865318264a,2025-03-28,0.0,Fear,44.0,0.0,227.225,12,0.0,111.21017794412994,2726.7,0.0,1.0,infrequent,moderate,False,medium_leverage
0x6d6a4b953f202f8df5bed40692e7fd865318264a,2025-03-29,0.0,Fear,26.0,0.0,221.41285714285712,7,0.0,188.89297819133157,1549.8899999999999,0.0,1.0,infrequent,moderate,False,medium_leverage
0x6d6a4b953f202f8df5bed40692e7fd865318264a,2025-03-30,3.492534,Fear,32.0,0.16666666666666666,276.01,6,2.0,217.64263597938603,1656.06,0.582089,1.0,infrequent,moderate,True,medium_leverage
0x6d6a4b953f202f8df5bed40692e7fd865318264a,2025-03-31,0.0,Fear,34.0,0.0,149.99,1,0.0,149.99,149.99,0.0,1.0,infrequent,moderate,False,medium_leverage
0x6d6a4b953f202f8df5bed40692e7fd865318264a,2025-04-01,132.71954399999998,Fear,34.0,0.2857142857142857,1954.3107142857145,14,0.4,1386.6219375493856,27360.350000000002,9.479967428571427,0.8571428571428571,infrequent,moderate,True,high_leverage
0x6d6a4b953f202f8df5bed40692e7fd865318264a,2025-04-02,234.497751,Fear,44.0,0.2647058823529412,1120.655,34,0.7894736842105263,762.8035547233518,38102.27,6.896992676470588,0.6176470588235294,infrequent,moderate,True,high_leverage
0x6d6a4b953f202f8df5bed40692e7fd865318264a,2025-04-03,298.031364,Fear,25.0,0.25,922.9384999999999,20,19.0,710.6877356576252,18458.769999999997,14.9015682,0.95,infrequent,moderate,True,high_leverage
0x6d6a4b953f202f8df5bed40692e7fd865318264a,2025-04-04,392.35488599999996,Fear,28.0,0.15,626.296,60,1.5,380.8331593208671,37577.76,6.539248099999999,0.9833333333333333,infrequent,moderate,True,medium_leverage
0x6d6a4b953f202f8df5bed40692e7fd865318264a,2025-04-05,41.479757,Fear,30.0,0.6470588235294118,1026.9088235294118,17,2.4,896.221151965476,17457.45,2.439985705882353,1.0,infrequent,moderate,True,high_leverage
0x6d6a4b953f202f8df5bed40692e7fd865318264a,2025-04-06,207.98348199999998,Fear,34.0,0.45454545454545453,1384.9813636363635,22,10.0,1195.0820884662235,30469.59,9.453794636363636,1.0,infrequent,moderate,True,high_leverage
0x6d6a4b953f202f8df5bed40692e7fd865318264a,2025-04-07,232.000726,Extreme Fear,23.0,0.13725490196078433,990.5305882352941,51,1.6842105263157894,688.0219193234029,50517.06,4.549033843137255,0.9215686274509803,infrequent,moderate,True,high_leverage
0x6d6a4b953f202f8df5bed40692e7fd865318264a,2025-04-08,409.437344,Extreme Fear,24.0,0.375,1307.165,32,0.6,430.2641145450548,41829.28,12.794917,1.0,infrequent,moderate,True,high_leverage
0x6d6a4b953f202f8df5bed40692e7fd865318264a,2025-04-09,1395.820542,Extreme Fear,18.0,0.4166666666666667,902.617,60,0.2765957446808511,605.8046059450409,54157.02,23.2636757,1.0,infrequent,moderate,True,high_leverage
0x6d6a4b953f202f8df5bed40692e7fd865318264a,2025-04-10,463.813132,Fear,39.0,0.5,1599.0455555555554,18,3.5,614.7950349536454,28782.82,25.76739622222222,1.0,infrequent,moderate,True,high_leverage
0x6d6a4b953f202f8df5bed40692e7fd865318264a,2025-04-11,56.216535,Fear,25.0,0.2,2161.054,5,0.0,1712.5835860846594,10805.27,11.243307,1.0,infrequent,moderate,True,high_leverage
0x6d6a4b953f202f8df5bed40692e7fd865318264a,2025-04-12,-89.1781,Fear,43.0,0.0,1094.5383333333332,12,0.2,703.4126304081559,13134.46,-7.431508333333333,1.0,infrequent,moderate,False,high_leverage
0x6d6a4b953f202f8df5bed40692e7fd865318264a,2025-04-13,0.0,Neutral,45.0,0.0,999.44,1,0.0,309.63504554185516,999.44,0.0,1.0,infrequent,moderate,False,medium_leverage
0x6d6a4b953f202f8df5bed40692e7fd865318264a,2025-04-14,73.7414,Fear,31.0,0.2,2214.596,5,0.6666666666666666,1996.6038616791088,11072.98,14.74828,1.0,infrequent,moderate,True,high_leverage
0x6d6a4b953f202f8df5bed40692e7fd865318264a,2025-04-15,0.0,Fear,38.0,0.0,1124.95125,8,0.0,655.6191340513221,8999.61,0.0,1.0,infrequent,moderate,False,high_leverage
0x6d6a4b953f202f8df5bed40692e7fd865318264a,2025-04-16,70.94968,Fear,29.0,1.0,494.38,4,0.0,0.11164739748668184,1977.52,17.73742,1.0,infrequent,moderate,True,low_leverage
0x6d6a4b953f202f8df5bed40692e7fd865318264a,2025-04-19,0.0,Fear,32.0,0.0,414.2778823529412,85,0.0,3.843049612389803,35213.62,0.0,1.0,infrequent,moderate,False,low_leverage
0x6d6a4b953f202f8df5bed40692e7fd865318264a,2025-04-21,0.0,Fear,39.0,0.0,1166.0616666666667,6,0.0,779.6600159948706,6996.37,0.0,1.0,infrequent,moderate,False,high_leverage
0x6d6a4b953f202f8df5bed40692e7fd865318264a,2025-04-22,0.0,Neutral,47.0,0.0,999.832,10,0.0,799.3853139164804,9998.32,0.0,1.0,infrequent,moderate,False,high_leverage
0x6d6a4b953f202f8df5bed40692e7fd865318264a,2025-04-23,0.0,Greed,72.0,0.0,527.7555555555556,18,0.0,296.19896269564157,9499.6,0.0,1.0,infrequent,moderate,False,medium_leverage
0x6d6a4b953f202f8df5bed40692e7fd865318264a,2025-04-24,168.69881,Greed,63.0,0.65,441.69899999999996,20,1.8571428571428572,67.03483139123135,8833.98,8.4349405,1.0,infrequent,moderate,True,medium_leverage
0x6d6a4b953f202f8df5bed40692e7fd865318264a,2025-04-25,0.0,Greed,60.0,0.0,535.6742857142857,7,0.0,144.77835570613271,3749.7200000000003,0.0,1.0,infrequent,moderate,False,medium_leverage
0x6d6a4b953f202f8df5bed40692e7fd865318264a,2025-04-26,43.903059999999996,Greed,65.0,0.5714285714285714,1815.0585714285714,7,1.3333333333333333,613.6656918457498,12705.41,6.271865714285714,1.0,infrequent,moderate,True,high_leverage
0x72743ae2822edd658c0c50608fd7c5c501b2afbd,2024-12-17,0.0,Extreme Greed,87.0,0.0,18481.63244897959,98,0.0,584.310281967837,1811199.98,0.0,0.0,frequent,inconsistent,False,high_leverage
0x72743ae2822edd658c0c50608fd7c5c501b2afbd,2024-12-22,327545.999992,Greed,73.0,1.0,14265.865288461539,104,0.0,144.50137429822064,1483649.99,3149.4807691538463,0.0,frequent,inconsistent,True,medium_leverage
0x72743ae2822edd658c0c50608fd7c5c501b2afbd,2025-01-04,0.0,Greed,73.0,0.0,11569.857730496453,141,0.0,188.64972363616346,1631349.94,0.0,0.0,frequent,inconsistent,False,medium_leverage
0x72743ae2822edd658c0c50608fd7c5c501b2afbd,2025-01-08,122050.866984,Greed,70.0,1.0,31443.71166666667,48,0.0,102.15532298858875,1509298.1600000001,2542.7263955,0.125,frequent,inconsistent,True,medium_leverage
0x72743ae2822edd658c0c50608fd7c5c501b2afbd,2025-02-28,0.0,Extreme Fear,16.0,0.0,1457.8809090909092,77,0.3275862068965517,41.705252254187045,112256.83,0.0,0.37662337662337664,frequent,inconsistent,False,medium_leverage
0x72743ae2822edd658c0c50608fd7c5c501b2afbd,2025-03-08,0.0,Fear,28.0,0.0,2119.866666666667,15,2.0,0.6274320720883086,31798.0,0.0,0.0,frequent,inconsistent,False,low_leverage
0x72743ae2822edd658c0c50608fd7c5c501b2afbd,2025-03-09,0.0,Fear,27.0,0.0,1365.6884444444443,90,4.625,0.25582406588355594,122911.95999999999,0.0,0.011111111111111112,frequent,inconsistent,False,low_leverage
0x72743ae2822edd658c0c50608fd7c5c501b2afbd,2025-04-08,0.0,Extreme Fear,24.0,0.0,2481.818051948052,77,0.925,11.610821173682496,191099.99,0.0,0.025974025974025976,frequent,inconsistent,False,low_leverage
0x72743ae2822edd658c0c50608fd7c5c501b2afbd,2025-04-09,33980.0,Extreme Fear,18.0,0.8788732394366198,8095.553154929577,355,0.13782051282051283,419.059920091299,2873921.37,95.71830985915493,0.12112676056338029,frequent,inconsistent,True,medium_leverage
0x72743ae2822edd658c0c50608fd7c5c501b2afbd,2025-04-10,0.0,Fear,39.0,0.0,12530.401249999999,8,0.0,240.50506637391445,100243.20999999999,0.0,0.0,frequent,inconsistent,False,medium_leverage
0x72743ae2822edd658c0c50608fd7c5c501b2afbd,2025-04-11,0.0,Fear,25.0,0.0,51734.1,3,0.0,50.16324945446869,155202.3,0.0,0.0,frequent,inconsistent,False,medium_leverage
0x72743ae2822edd658c0c50608fd7c5c501b2afbd,2025-04-16,-14838.4,Fear,29.0,0.0,4603.773962264151,53,0.0,0.9073848868426876,244000.02,-279.96981132075473,0.0,frequent,inconsistent,False,low_leverage
0x72743ae2822edd658c0c50608fd7c5c501b2afbd,2025-04-18,-42923.271911,Fear,33.0,0.7692307692307693,8851.193692307692,65,0.3,3.401457087808715,575327.59,-660.3580294000001,0.06153846153846154,frequent,inconsistent,False,low_leverage
0x72743ae2822edd658c0c50608fd7c5c501b2afbd,2025-04-19,0.0,Fear,32.0,0.0,1287.706923076923,39,0.0,1.886852476810402,50220.57,0.0,0.05128205128205128,frequent,inconsistent,False,low_leverage
0x72743ae2822edd658c0c50608fd7c5c501b2afbd,2025-04-20,-458.08035,Fear,37.0,0.0,1333.6473684210525,38,0.0,0.07119991845782461,50678.6,-12.054746052631579,0.0,frequent,inconsistent,False,low_leverage
0x72743ae2822edd658c0c50608fd7c5c501b2afbd,2025-04-22,0.0,Neutral,47.0,0.0,1341.7722784810126,79,0.0,15.951838425555874,106000.01,0.0,0.0,frequent,inconsistent,False,medium_leverage
0x72743ae2822edd658c0c50608fd7c5c501b2afbd,2025-04-23,10148.4512,Greed,72.0,0.2155688622754491,1633.4878443113773,167,0.8764044943820225,11.736480276902164,272792.47000000003,60.76916886227544,0.2155688622754491,frequent,inconsistent,True,low_leverage
0x72743ae2822edd658c0c50608fd7c5c501b2afbd,2025-04-24,-3500.0,Greed,63.0,0.0,878.3780180180181,111,0.0,0.012118743199834659,97499.96,-31.53153153153153,0.0,frequent,inconsistent,False,low_leverage
0x72743ae2822edd658c0c50608fd7c5c501b2afbd,2025-04-25,-2650.0,Greed,60.0,0.0,2502.2713636363637,22,0.0,0.19824857318637748,55049.97,-120.45454545454545,0.0,frequent,inconsistent,False,low_leverage
0x72c6a4624e1dffa724e6d00d64ceae698af892a0,2024-09-20,0.0,Neutral,54.0,0.0,7075.4425,4,0.0,588.901179668445,28301.77,0.0,0.0,infrequent,moderate,False,high_leverage
0x72c6a4624e1dffa724e6d00d64ceae698af892a0,2024-09-24,0.0,Neutral,54.0,0.0,6113.57,1,0.0,0.8155199805776806,6113.57,0.0,0.0,infrequent,moderate,False,low_leverage
0x72c6a4624e1dffa724e6d00d64ceae698af892a0,2024-09-25,0.0,Greed,59.0,0.0,917.6733333333333,3,0.0,0.10038630641731755,2753.02,0.0,0.0,infrequent,moderate,False,low_leverage
0x72c6a4624e1dffa724e6d00d64ceae698af892a0,2024-09-26,0.0,Neutral,50.0,0.0,6654.302000000001,5,0.0,0.567808958233152,33271.51,0.0,0.0,infrequent,moderate,False,low_leverage
0x72c6a4624e1dffa724e6d00d64ceae698af892a0,2024-09-27,0.0,Greed,61.0,0.0,567.4939130434783,46,0.0,0.028047799639610706,26104.72,0.0,0.0,infrequent,moderate,False,low_leverage
0x72c6a4624e1dffa724e6d00d64ceae698af892a0,2024-09-28,0.0,Greed,64.0,0.0,7299.8025,4,0.0,0.2747152385351264,29199.21,0.0,0.0,infrequent,moderate,False,low_leverage
0x72c6a4624e1dffa724e6d00d64ceae698af892a0,2024-09-30,0.0,Greed,61.0,0.0,389.4682291666666,96,0.0,0.010869579818626343,37388.95,0.0,0.0,infrequent,moderate,False,low_leverage
0x72c6a4624e1dffa724e6d00d64ceae698af892a0,2024-10-25,8692.0,Greed,72.0,1.0,4659.2,5,0.0,0.11695965357466265,23296.0,1738.4,0.0,infrequent,moderate,True,low_leverage
0x72c6a4624e1dffa724e6d00d64ceae698af892a0,2024-10-26,42471.99413,,,1.0,14778.143333333333,6,0.0,1.086228569239043,88668.86,7078.6656883333335,0.0,infrequent,moderate,True,low_leverage
0x72c6a4624e1dffa724e6d00d64ceae698af892a0,2024-11-29,573.585288,Extreme Greed,78.0,1.0,573.59,1,0.0,3.33056555568459,573.59,573.585288,0.0,infrequent,moderate,True,low_leverage
0x72c6a4624e1dffa724e6d00d64ceae698af892a0,2024-12-12,0.0,Extreme Greed,83.0,0.0,1397.385294117647,17,0.0,185.82198795398,23755.55,0.0,0.0,infrequent,moderate,False,medium_leverage
0x72c6a4624e1dffa724e6d00d64ceae698af892a0,2024-12-13,0.0,Extreme Greed,76.0,0.0,2951.8799999999997,30,0.0,1.0154881851102544,88556.4,0.0,0.0,infrequent,moderate,False,low_leverage
0x72c6a4624e1dffa724e6d00d64ceae698af892a0,2024-12-14,0.0,Extreme Greed,83.0,0.0,2042.2541860465114,43,0.0,0.25040328363039427,87816.93,0.0,0.0,infrequent,moderate,False,low_leverage
0x72c6a4624e1dffa724e6d00d64ceae698af892a0,2024-12-15,0.0,Extreme Greed,80.0,0.0,2812.5,8,0.0,0.25672216236247164,22500.0,0.0,0.0,infrequent,moderate,False,low_leverage
0x72c6a4624e1dffa724e6d00d64ceae698af892a0,2024-12-16,0.0,Extreme Greed,83.0,0.0,1561.8182926829268,41,0.0,0.12278559873118268,64034.549999999996,0.0,0.0,infrequent,moderate,False,low_leverage
0x72c6a4624e1dffa724e6d00d64ceae698af892a0,2024-12-17,0.0,Extreme Greed,87.0,0.0,3150.0064285714284,14,0.0,0.21153953123744026,44100.09,0.0,0.0,infrequent,moderate,False,low_leverage
0x72c6a4624e1dffa724e6d00d64ceae698af892a0,2024-12-18,0.0,Extreme Greed,81.0,0.0,3206.451290322581,31,0.0,0.1825191889006329,99399.99,0.0,0.0,infrequent,moderate,False,low_leverage
0x72c6a4624e1dffa724e6d00d64ceae698af892a0,2024-12-19,0.0,Extreme Greed,75.0,0.0,24880.0,1,0.0,1.2557538560930308,24880.0,0.0,0.0,infrequent,moderate,False,low_leverage
0x72c6a4624e1dffa724e6d00d64ceae698af892a0,2024-12-20,0.0,Greed,74.0,0.0,4121.142857142857,28,0.0,0.18025063028425678,115392.0,0.0,0.0,infrequent,moderate,False,low_leverage
0x72c6a4624e1dffa724e6d00d64ceae698af892a0,2024-12-23,0.0,Greed,70.0,0.0,3422.0648571428574,35,0.0,0.12455929587156313,119772.27,0.0,0.0,infrequent,moderate,False,low_leverage
0x72c6a4624e1dffa724e6d00d64ceae698af892a0,2024-12-25,0.0,Greed,73.0,0.0,28677.0,1,0.0,0.9554923232754026,28677.0,0.0,0.0,infrequent,moderate,False,low_leverage
0x72c6a4624e1dffa724e6d00d64ceae698af892a0,2024-12-27,0.0,Greed,74.0,0.0,9450.001666666667,6,0.0,0.2998315840440656,56700.01,0.0,0.0,infrequent,moderate,False,low_leverage
0x72c6a4624e1dffa724e6d00d64ceae698af892a0,2024-12-28,0.0,Greed,72.0,0.0,2406.462941176471,34,0.0,0.0702248864154545,81819.74,0.0,0.0,infrequent,moderate,False,low_leverage
0x72c6a4624e1dffa724e6d00d64ceae698af892a0,2024-12-29,0.0,Greed,73.0,0.0,5006.2699999999995,14,0.0,0.13607247915879106,70087.78,0.0,0.0,infrequent,moderate,False,low_leverage
0x72c6a4624e1dffa724e6d00d64ceae698af892a0,2024-12-30,0.0,Greed,65.0,0.0,2392.239333333333,15,0.0,0.06140920012429296,35883.59,0.0,0.0,infrequent,moderate,False,low_leverage
0x72c6a4624e1dffa724e6d00d64ceae698af892a0,2025-01-02,0.0,Greed,70.0,0.0,8894.193333333335,3,0.0,0.22214041369065976,26682.58,0.0,0.0,infrequent,moderate,False,low_leverage
0x72c6a4624e1dffa724e6d00d64ceae698af892a0,2025-01-03,0.0,Greed,74.0,0.0,6065.75,6,0.0,0.1471957374095047,36394.5,0.0,0.0,infrequent,moderate,False,low_leverage
0x72c6a4624e1dffa724e6d00d64ceae698af892a0,2025-01-04,0.0,Greed,73.0,0.0,2128.95,1,0.0,0.05038600992123598,2128.95,0.0,0.0,infrequent,moderate,False,low_leverage
0x72c6a4624e1dffa724e6d00d64ceae698af892a0,2025-01-05,0.0,Greed,72.0,0.0,2863.6875,8,0.0,0.06745178084114557,22909.5,0.0,0.0,infrequent,moderate,False,low_leverage
0x72c6a4624e1dffa724e6d00d64ceae698af892a0,2025-01-06,0.0,Extreme Greed,76.0,0.0,2910.8484000000003,25,0.0,0.0655488676626364,72771.21,0.0,0.0,infrequent,moderate,False,low_leverage
0x72c6a4624e1dffa724e6d00d64ceae698af892a0,2025-01-09,10647.977,Greed,69.0,1.0,38563.98,1,0.0,0.8364780447174576,38563.98,10647.977,0.0,infrequent,moderate,True,low_leverage
0x72c6a4624e1dffa724e6d00d64ceae698af892a0,2025-01-24,0.0,Extreme Greed,75.0,0.0,2258.9,2,0.0,1270.1025831686732,4517.8,0.0,0.0,infrequent,moderate,False,high_leverage
0x72c6a4624e1dffa724e6d00d64ceae698af892a0,2025-01-25,0.0,Extreme Greed,75.0,0.0,3981.5714285714284,14,0.0,138.61941678142836,55742.0,0.0,0.0,infrequent,moderate,False,medium_leverage
0x72c6a4624e1dffa724e6d00d64ceae698af892a0,2025-01-26,262.95,Greed,73.0,0.2909090909090909,1671.9961818181819,55,0.41025641025641024,274.4289674653747,91959.79000000001,4.78090909090909,0.0,infrequent,moderate,True,medium_leverage
0x72c6a4624e1dffa724e6d00d64ceae698af892a0,2025-01-27,0.0,Greed,71.0,0.0,11300.0,1,0.0,111.88118811881188,11300.0,0.0,0.0,infrequent,moderate,False,medium_leverage
0x72c6a4624e1dffa724e6d00d64ceae698af892a0,2025-01-28,1474.79,Greed,72.0,0.5428571428571428,1620.264857142857,70,1.1875,263.2210615691685,113418.54,21.06842857142857,0.0,infrequent,moderate,True,medium_leverage
0x72c6a4624e1dffa724e6d00d64ceae698af892a0,2025-02-02,0.0,Greed,60.0,0.0,837.1502702702703,37,0.0,25.03811009333673,30974.56,0.0,0.0,infrequent,moderate,False,medium_leverage
0x72c6a4624e1dffa724e6d00d64ceae698af892a0,2025-02-04,0.0,Greed,72.0,0.0,15000.0,1,0.0,15000.0,15000.0,0.0,0.0,infrequent,moderate,False,high_leverage
0x72c6a4624e1dffa724e6d00d64ceae698af892a0,2025-02-07,0.0,Fear,44.0,0.0,772.9157407407408,54,0.8620689655172413,28.58205991911137,41737.450000000004,0.0,0.0,infrequent,moderate,False,medium_leverage
0x72c6a4624e1dffa724e6d00d64ceae698af892a0,2025-02-10,0.0,Fear,43.0,0.0,2206.1225,24,0.0,14.21804983213753,52946.94,0.0,0.0,infrequent,moderate,False,low_leverage
0x72c6a4624e1dffa724e6d00d64ceae698af892a0,2025-02-14,0.0,Neutral,48.0,0.0,3058.91,5,0.25,1985.3397083644152,15294.55,0.0,0.0,infrequent,moderate,False,high_leverage
0x72c6a4624e1dffa724e6d00d64ceae698af892a0,2025-02-15,0.0,Neutral,50.0,0.0,1628.5714285714287,7,0.0,83.01481111134709,11400.0,0.0,0.0,infrequent,moderate,False,medium_leverage
0x72c6a4624e1dffa724e6d00d64ceae698af892a0,2025-02-16,0.0,Neutral,54.0,0.0,1650.0,6,0.0,113.97490029330828,9900.0,0.0,0.0,infrequent,moderate,False,medium_leverage
0x72c6a4624e1dffa724e6d00d64ceae698af892a0,2025-02-18,0.0,Neutral,47.0,0.0,701.2211111111111,9,0.0,56.05328158810167,6310.99,0.0,0.0,infrequent,moderate,False,medium_leverage
0x72c6a4624e1dffa724e6d00d64ceae698af892a0,2025-02-21,0.0,Greed,55.0,0.0,374.33,18,0.0,154.9058352831035,6737.94,0.0,0.0,infrequent,moderate,False,medium_leverage
0x72c6a4624e1dffa724e6d00d64ceae698af892a0,2025-02-22,0.0,Neutral,49.0,0.0,1038.095,14,13.0,113.16148823223436,14533.33,0.0,0.0,infrequent,moderate,False,medium_leverage
0x72c6a4624e1dffa724e6d00d64ceae698af892a0,2025-02-25,81776.7151,Fear,25.0,0.9927007299270073,1940.033503649635,137,0.0,0.05305117327119501,265784.58999999997,596.9103291970803,0.0,infrequent,moderate,True,low_leverage
0x72c6a4624e1dffa724e6d00d64ceae698af892a0,2025-02-26,8230.0,Extreme Fear,21.0,1.0,23710.0,1,0.0,2155.4545454545455,23710.0,8230.0,0.0,infrequent,moderate,True,high_leverage
0x72c6a4624e1dffa724e6d00d64ceae698af892a0,2025-02-27,8517.7655,Extreme Fear,10.0,1.0,2059.193846153846,13,0.0,0.07005467240452891,26769.52,655.2127307692307,0.0,infrequent,moderate,True,low_leverage
0x72c6a4624e1dffa724e6d00d64ceae698af892a0,2025-02-28,15700.5,Extreme Fear,16.0,0.6666666666666666,7567.57,3,0.0,959.3458005163772,22702.71,5233.5,0.3333333333333333,infrequent,moderate,True,high_leverage
0x72c6a4624e1dffa724e6d00d64ceae698af892a0,2025-03-01,0.0,Extreme Fear,20.0,0.0,791.3578571428571,14,2.5,52.50395769540701,11079.01,0.0,0.0,infrequent,moderate,False,medium_leverage
0x72c6a4624e1dffa724e6d00d64ceae698af892a0,2025-03-02,10915.212,Fear,26.0,1.0,1366.0404,25,0.0,0.04899094054061694,34151.01,436.60848,0.0,infrequent,moderate,True,low_leverage
0x72c6a4624e1dffa724e6d00d64ceae698af892a0,2025-03-03,17247.427499999998,Fear,33.0,0.625,3784.509375,16,0.0,0.26094782771641556,60552.15,1077.9642187499999,0.0,infrequent,moderate,True,low_leverage
0x72c6a4624e1dffa724e6d00d64ceae698af892a0,2025-03-04,169132.29611,Extreme Fear,15.0,0.4967741935483871,3030.0763225806454,155,0.0,0.6157042976135156,469661.83,1091.1761039354838,0.0,infrequent,moderate,True,low_leverage
0x72c6a4624e1dffa724e6d00d64ceae698af892a0,2025-03-07,0.0,Fear,34.0,0.0,496.50100000000003,10,0.0,0.17450265844395246,4965.01,0.0,0.0,infrequent,moderate,False,low_leverage
0x72c6a4624e1dffa724e6d00d64ceae698af892a0,2025-03-08,0.0,Fear,28.0,0.0,480.2857142857143,7,0.0,0.05539452905028136,3362.0,0.0,0.0,infrequent,moderate,False,low_leverage
0x72c6a4624e1dffa724e6d00d64ceae698af892a0,2025-03-09,0.0,Fear,27.0,0.0,232.88047619047617,21,9.5,7.832175879968859,4890.49,0.0,0.0,infrequent,moderate,False,low_leverage
0x72c6a4624e1dffa724e6d00d64ceae698af892a0,2025-03-10,-2680.0,Extreme Fear,20.0,0.0,678.8711428571429,35,0.20689655172413793,156.7526208695975,23760.49,-76.57142857142857,0.0,infrequent,moderate,False,medium_leverage
0x72c6a4624e1dffa724e6d00d64ceae698af892a0,2025-03-15,0.0,Neutral,46.0,0.0,5925.5,1,0.0,5925.5,5925.5,0.0,0.0,infrequent,moderate,False,high_leverage
0x72c6a4624e1dffa724e6d00d64ceae698af892a0,2025-04-12,-3546.9,Fear,43.0,0.0,1581.1591666666666,12,0.0,0.85533203949583,18973.91,-295.575,0.25,infrequent,moderate,False,low_leverage
0x72c6a4624e1dffa724e6d00d64ceae698af892a0,2025-04-13,-4526.698469,Neutral,45.0,0.0,2040.0,5,0.0,0.24559489916872357,10200.0,-905.3396938,0.0,infrequent,moderate,False,low_leverage
0x72c6a4624e1dffa724e6d00d64ceae698af892a0,2025-04-14,7848.0,Fear,31.0,1.0,2675.8333333333335,3,0.0,0.10310189182193147,8027.5,2616.0,0.0,infrequent,moderate,True,low_leverage
0x72c6a4624e1dffa724e6d00d64ceae698af892a0,2025-04-15,6335.6,Fear,38.0,1.0,1444.0666666666666,6,0.0,0.6780807802610891,8664.4,1055.9333333333334,0.0,infrequent,moderate,True,low_leverage
0x72c6a4624e1dffa724e6d00d64ceae698af892a0,2025-04-16,14609.800000000001,Fear,29.0,1.0,825.0,44,2.3846153846153846,0.3145651865338469,36300.0,332.0409090909091,0.0,infrequent,moderate,True,low_leverage
0x72c6a4624e1dffa724e6d00d64ceae698af892a0,2025-04-20,18374.63,Fear,37.0,0.8545454545454545,1135.2727272727273,55,5.875,53.77461961886892,62440.0,334.08418181818183,0.0,infrequent,moderate,True,medium_leverage
0x72c6a4624e1dffa724e6d00d64ceae698af892a0,2025-04-21,-9046.14,Fear,39.0,0.4117647058823529,1703.0882352941176,17,0.7,41.29249006990079,28952.5,-532.1258823529412,0.0,infrequent,moderate,False,medium_leverage
0x75f7eeb85dc639d5e99c78f95393aa9a5f1170d4,2024-01-19,-0.20400000000000001,Neutral,51.0,0.1111111111111111,169.64555555555555,9,0.8,158.38675235639195,1526.81,-0.02266666666666667,1.0,moderate,consistent,False,medium_leverage
0x75f7eeb85dc639d5e99c78f95393aa9a5f1170d4,2024-01-22,1166.248788,Greed,55.0,0.2916666666666667,1125.4704166666668,48,1.4,351.3404060114065,54022.58,24.296849750000003,0.75,moderate,consistent,True,medium_leverage
0x75f7eeb85dc639d5e99c78f95393aa9a5f1170d4,2024-01-26,90.2,Neutral,49.0,0.5,4627.9,2,1.0,2291.516819159042,9255.8,45.1,0.0,moderate,consistent,True,high_leverage
0x75f7eeb85dc639d5e99c78f95393aa9a5f1170d4,2024-01-29,1.71544,Greed,55.0,0.5,1034.4299999999998,2,1.0,516.9086905615293,2068.8599999999997,0.85772,0.5,moderate,consistent,True,high_leverage
0x75f7eeb85dc639d5e99c78f95393aa9a5f1170d4,2024-02-14,3639.3031690000003,Greed,74.0,0.8977272727272727,2478.8488636363636,88,0.4426229508196721,1228.7805501024955,218138.7,41.355717829545455,0.48863636363636365,moderate,consistent,True,high_leverage
0x75f7eeb85dc639d5e99c78f95393aa9a5f1170d4,2024-02-15,1024.70728,Greed,72.0,0.9423076923076923,1469.9592307692308,52,16.333333333333332,745.3379251314212,76437.88,19.705909230769233,0.3076923076923077,moderate,consistent,True,high_leverage
0x75f7eeb85dc639d5e99c78f95393aa9a5f1170d4,2024-02-16,5491.768834,Greed,72.0,0.8588235294117647,2730.2580588235296,170,1.6153846153846154,924.2091839128542,464143.87,32.30452255294118,0.18235294117647058,moderate,consistent,True,high_leverage
0x75f7eeb85dc639d5e99c78f95393aa9a5f1170d4,2024-02-17,1670.012358,Extreme Greed,76.0,0.84375,3161.86234375,64,0.6410256410256411,1312.0289676072123,202359.19,26.09394309375,0.40625,moderate,consistent,True,high_leverage
0x75f7eeb85dc639d5e99c78f95393aa9a5f1170d4,2024-02-18,477.6248299999999,Greed,72.0,0.6288659793814433,1619.0532989690723,97,0.6440677966101694,308.337307459793,157048.17,4.923967319587628,0.0,moderate,consistent,True,medium_leverage
0x75f7eeb85dc639d5e99c78f95393aa9a5f1170d4,2024-02-19,4325.827543,Extreme Greed,75.0,0.8,2488.1485263157892,95,0.6666666666666666,715.6721834459177,236374.11,45.535026768421055,0.24210526315789474,moderate,consistent,True,high_leverage
0x75f7eeb85dc639d5e99c78f95393aa9a5f1170d4,2024-02-20,3053.31353,Greed,72.0,0.7714285714285715,3363.1262857142856,35,0.5909090909090909,1210.093764476067,117709.42,87.23752942857142,0.2857142857142857,moderate,consistent,True,high_leverage
0x75f7eeb85dc639d5e99c78f95393aa9a5f1170d4,2024-02-21,1858.7985700000002,Extreme Greed,78.0,0.7142857142857143,4668.662857142857,21,0.4,2264.7828007355615,98041.92,88.51421761904763,0.23809523809523808,moderate,consistent,True,high_leverage
0x75f7eeb85dc639d5e99c78f95393aa9a5f1170d4,2024-02-22,3894.1050699999996,Greed,74.0,0.46511627906976744,4279.456162790698,86,0.6226415094339622,491.6322568961923,368033.23,45.2802915116279,0.4883720930232558,moderate,consistent,True,high_leverage
0x75f7eeb85dc639d5e99c78f95393aa9a5f1170d4,2024-02-23,1418.55293,Extreme Greed,76.0,0.958041958041958,776.966013986014,143,10.916666666666666,92.5146535912884,111106.14,9.91995055944056,0.02097902097902098,moderate,consistent,True,medium_leverage
0x75f7eeb85dc639d5e99c78f95393aa9a5f1170d4,2024-02-25,-30.7705,Greed,74.0,0.0,896.0260000000001,5,0.6666666666666666,22.085135669307416,4480.13,-6.1541,0.0,moderate,consistent,False,medium_leverage
0x75f7eeb85dc639d5e99c78f95393aa9a5f1170d4,2024-02-26,4416.8473,Greed,72.0,0.918918918918919,5180.734324324325,37,2.7,1870.3504237618743,191687.17,119.37425135135136,0.2972972972972973,moderate,consistent,True,high_leverage
0x75f7eeb85dc639d5e99c78f95393aa9a5f1170d4,2024-02-27,312.130593,Extreme Greed,79.0,0.34545454545454546,3759.7450909090912,55,1.5,1581.912797498722,206785.98,5.675101690909091,0.0,moderate,consistent,True,high_leverage
0x75f7eeb85dc639d5e99c78f95393aa9a5f1170d4,2024-02-28,2503.747235,Extreme Greed,82.0,0.8666666666666667,3802.380666666667,45,2.2142857142857144,1902.8110859822903,171107.13,55.63882744444444,0.13333333333333333,moderate,consistent,True,high_leverage
0x75f7eeb85dc639d5e99c78f95393aa9a5f1170d4,2024-02-29,8493.192736,Extreme Greed,80.0,0.8899082568807339,3402.198532110092,109,1.2244897959183674,1499.151569781374,370839.64,77.91919941284405,0.11926605504587157,moderate,consistent,True,high_leverage
0x75f7eeb85dc639d5e99c78f95393aa9a5f1170d4,2024-03-01,8244.241409,Extreme Greed,80.0,0.9343065693430657,3452.370072992701,137,0.37,1592.5361767577058,472974.7,60.176944591240876,0.051094890510948905,moderate,consistent,True,high_leverage
0x75f7eeb85dc639d5e99c78f95393aa9a5f1170d4,2024-03-02,1674.715167,Extreme Greed,80.0,0.875,2510.5745833333335,24,7.0,1288.9957146718887,60253.79,69.779798625,0.0,moderate,consistent,True,high_leverage
0x75f7eeb85dc639d5e99c78f95393aa9a5f1170d4,2024-03-03,8361.086245,Extreme Greed,83.0,0.6835443037974683,4946.1478481012655,79,0.8372093023255814,1811.235574070877,390745.68,105.83653474683545,0.05063291139240506,moderate,consistent,True,high_leverage
0x75f7eeb85dc639d5e99c78f95393aa9a5f1170d4,2024-03-04,26773.771643,Extreme Greed,82.0,0.8815331010452961,5485.087665505226,287,1.2777777777777777,2606.7981040331797,1574220.16,93.28840293728223,0.2613240418118467,moderate,consistent,True,high_leverage
0x75f7eeb85dc639d5e99c78f95393aa9a5f1170d4,2024-03-05,19791.026041,Extreme Greed,90.0,0.9055555555555556,4676.724,180,0.44,2212.7702660905043,841810.32,109.95014467222222,0.2111111111111111,moderate,consistent,True,high_leverage
0x75f7eeb85dc639d5e99c78f95393aa9a5f1170d4,2024-03-06,6814.825139,Extreme Greed,75.0,0.8780487804878049,3990.4636585365856,82,1.4848484848484849,1830.7020752018016,327218.02,83.10762364634145,0.13414634146341464,moderate,consistent,True,high_leverage
0x75f7eeb85dc639d5e99c78f95393aa9a5f1170d4,2024-03-08,4271.886236,Extreme Greed,81.0,0.8805970149253731,2740.047462686567,67,0.3958333333333333,1349.617473298438,183583.18,63.7594960597015,0.0,moderate,consistent,True,high_leverage
0x75f7eeb85dc639d5e99c78f95393aa9a5f1170d4,2024-03-09,9949.501624,Extreme Greed,84.0,0.8290598290598291,5625.459401709401,117,2.4411764705882355,2845.558420200631,658178.75,85.03847541880343,0.24786324786324787,moderate,consistent,True,high_leverage
0x75f7eeb85dc639d5e99c78f95393aa9a5f1170d4,2024-03-10,2482.9272,Extreme Greed,79.0,0.6904761904761905,5237.472619047619,42,9.5,2040.4123702901904,219973.85,59.117314285714286,0.07142857142857142,moderate,consistent,True,high_leverage
0x75f7eeb85dc639d5e99c78f95393aa9a5f1170d4,2024-03-11,3588.179495,Extreme Greed,82.0,0.9285714285714286,4202.844047619047,42,0.4,1952.737563158848,176519.44999999998,85.43284511904761,0.0,moderate,consistent,True,high_leverage
0x75f7eeb85dc639d5e99c78f95393aa9a5f1170d4,2024-03-12,3039.166,Extreme Greed,81.0,0.875,12880.10625,8,0.14285714285714285,6252.344188466394,103040.85,379.89575,0.0,moderate,consistent,True,high_leverage
0x75f7eeb85dc639d5e99c78f95393aa9a5f1170d4,2024-03-14,3400.385378,Extreme Greed,88.0,0.8823529411764706,11756.876470588235,17,0.13333333333333333,5785.932067187062,199866.9,200.02266929411763,0.0,moderate,consistent,True,high_leverage
0x75f7eeb85dc639d5e99c78f95393aa9a5f1170d4,2024-03-15,5509.2545,Extreme Greed,83.0,0.9142857142857143,7132.707714285714,35,0.5909090909090909,2857.9452955020356,249644.77,157.40727142857142,0.08571428571428572,moderate,consistent,True,high_leverage
0x75f7eeb85dc639d5e99c78f95393aa9a5f1170d4,2024-03-17,73.61088,Extreme Greed,79.0,0.8571428571428571,705.8557142857143,7,6.0,371.3643420228399,4940.99,10.515839999999999,0.2857142857142857,moderate,consistent,True,medium_leverage
0x75f7eeb85dc639d5e99c78f95393aa9a5f1170d4,2024-03-18,1244.6384,Extreme Greed,77.0,0.8333333333333334,8540.285,6,0.2,4167.641879225304,51241.71,207.43973333333335,0.8333333333333334,moderate,consistent,True,high_leverage
0x75f7eeb85dc639d5e99c78f95393aa9a5f1170d4,2024-03-19,842.799493,Extreme Greed,79.0,0.5,18098.891,10,1.0,1442.5977061349076,180988.91,84.2799493,0.0,moderate,consistent,True,high_leverage
0x75f7eeb85dc639d5e99c78f95393aa9a5f1170d4,2024-03-20,2593.147623,Greed,74.0,0.9491525423728814,2446.8210169491526,59,0.6388888888888888,1224.6449072959597,144362.44,43.95165462711864,0.3050847457627119,moderate,consistent,True,high_leverage
0x75f7eeb85dc639d5e99c78f95393aa9a5f1170d4,2024-03-21,2097.182,Extreme Greed,78.0,0.9565217391304348,4256.877391304348,23,22.0,2174.148710001512,97908.18,91.18182608695652,0.0,moderate,consistent,True,high_leverage
0x75f7eeb85dc639d5e99c78f95393aa9a5f1170d4,2024-03-24,1297.018477,Greed,74.0,0.7894736842105263,4873.274210526315,19,3.75,32.60291500106724,92592.20999999999,68.26413036842105,0.0,moderate,consistent,True,medium_leverage
0x75f7eeb85dc639d5e99c78f95393aa9a5f1170d4,2024-03-26,3195.3074,Extreme Greed,81.0,0.9819819819819819,1572.7824324324324,111,0.01834862385321101,772.411397026711,174578.85,28.786553153153154,0.07207207207207207,moderate,consistent,True,high_leverage
0x75f7eeb85dc639d5e99c78f95393aa9a5f1170d4,2024-03-27,-38.78086,Extreme Greed,83.0,0.0,1163.5172727272727,11,1.75,583.226043024447,12798.689999999999,-3.525532727272727,0.5454545454545454,moderate,consistent,False,high_leverage
0x75f7eeb85dc639d5e99c78f95393aa9a5f1170d4,2024-03-28,227.85100799999998,Extreme Greed,80.0,0.9,1530.983,10,9.0,776.892747735575,15309.83,22.7851008,0.1,moderate,consistent,True,high_leverage
0x75f7eeb85dc639d5e99c78f95393aa9a5f1170d4,2024-03-30,1100.57514,Extreme Greed,75.0,0.9777777777777777,2246.753777777778,45,0.022727272727272728,1111.1660523245926,101103.92,24.45722533333333,0.06666666666666667,moderate,consistent,True,high_leverage
0x75f7eeb85dc639d5e99c78f95393aa9a5f1170d4,2024-04-01,2507.122467,Extreme Greed,79.0,0.8333333333333334,4260.021458333334,48,0.17073170731707318,1394.421216753185,204481.03,52.2317180625,0.4375,moderate,consistent,True,high_leverage
0x75f7eeb85dc639d5e99c78f95393aa9a5f1170d4,2024-04-03,126.7884,Greed,71.0,0.5,3443.955,2,1.0,1692.6530378890393,6887.91,63.3942,0.0,moderate,consistent,True,high_leverage
0x75f7eeb85dc639d5e99c78f95393aa9a5f1170d4,2024-04-05,5296.433789,Extreme Greed,79.0,0.9146341463414634,3723.111585365854,82,0.09333333333333334,1661.4792405075693,305295.15,64.59065596341463,0.07317073170731707,moderate,consistent,True,high_leverage
0x75f7eeb85dc639d5e99c78f95393aa9a5f1170d4,2024-04-08,1218.4267,Extreme Greed,76.0,0.5,24387.135,2,1.0,12500.252037037037,48774.27,609.21335,0.0,moderate,consistent,True,high_leverage
0x75f7eeb85dc639d5e99c78f95393aa9a5f1170d4,2024-04-12,2237.798674,Extreme Greed,79.0,0.7634408602150538,2815.611935483871,93,0.08139534883720931,896.3048564235618,261851.91,24.062351333333336,0.3225806451612903,moderate,consistent,True,high_leverage
0x75f7eeb85dc639d5e99c78f95393aa9a5f1170d4,2024-04-13,6621.451755,Greed,72.0,0.8591549295774648,4651.021830985916,71,0.6511627906976745,2089.960305888097,330222.55,93.25988387323943,0.4788732394366197,moderate,consistent,True,high_leverage
0x75f7eeb85dc639d5e99c78f95393aa9a5f1170d4,2024-04-14,461.97292000000004,Greed,72.0,0.6976744186046512,1637.1216279069768,43,1.15,617.1130404075764,70396.23,10.743556279069768,0.18604651162790697,moderate,consistent,True,high_leverage
0x75f7eeb85dc639d5e99c78f95393aa9a5f1170d4,2024-04-15,3774.08872,Greed,74.0,0.9210526315789473,6344.664210526315,38,0.6521739130434783,3158.112580332654,241097.24,99.31812421052632,0.05263157894736842,moderate,consistent,True,high_leverage
0x75f7eeb85dc639d5e99c78f95393aa9a5f1170d4,2024-04-16,2467.702221,Greed,65.0,0.9347826086956522,3952.523695652174,46,2.066666666666667,1956.744849011048,181816.09,53.64570045652174,0.08695652173913043,moderate,consistent,True,high_leverage
0x75f7eeb85dc639d5e99c78f95393aa9a5f1170d4,2024-04-17,2441.4683999999997,Greed,67.0,0.9285714285714286,6968.785000000001,14,13.0,3572.4611996679096,97562.99,174.39059999999998,0.5,moderate,consistent,True,high_leverage
0x75f7eeb85dc639d5e99c78f95393aa9a5f1170d4,2024-04-23,360.32138,Greed,71.0,0.3333333333333333,3366.369166666667,12,0.2,61.06299756098263,40396.43,30.026781666666665,0.0,moderate,consistent,True,medium_leverage
0x75f7eeb85dc639d5e99c78f95393aa9a5f1170d4,2024-05-03,-13.844579999999999,Neutral,48.0,0.14285714285714285,47.215714285714284,7,0.75,9.382750698825523,330.51,-1.9777971428571426,0.7142857142857143,moderate,consistent,False,low_leverage
0x75f7eeb85dc639d5e99c78f95393aa9a5f1170d4,2024-05-05,0.916,Greed,69.0,0.5,41.15,2,1.0,24.874,82.3,0.458,0.5,moderate,consistent,True,medium_leverage
0x75f7eeb85dc639d5e99c78f95393aa9a5f1170d4,2024-05-07,0.0,Greed,68.0,0.0,47.59,1,0.0,47.59,47.59,0.0,0.0,moderate,consistent,False,medium_leverage
0x75f7eeb85dc639d5e99c78f95393aa9a5f1170d4,2024-05-08,1.56576,Greed,64.0,0.3333333333333333,46.46,3,2.0,18.80256341789052,139.38,0.52192,0.6666666666666666,moderate,consistent,True,medium_leverage
0x75f7eeb85dc639d5e99c78f95393aa9a5f1170d4,2024-05-23,0.0,Extreme Greed,76.0,0.0,10.56,1,0.0,10.56,10.56,0.0,1.0,moderate,consistent,False,low_leverage
0x75f7eeb85dc639d5e99c78f95393aa9a5f1170d4,2024-06-13,-1.40304,Greed,70.0,0.0,11.97,1,0.0,4.603846153846154,11.97,-1.40304,1.0,moderate,consistent,False,low_leverage
0x75f7eeb85dc639d5e99c78f95393aa9a5f1170d4,2024-12-09,0.01574,Extreme Greed,78.0,0.42857142857142855,16.731428571428573,7,0.75,14.521010422670187,117.12,0.0022485714285714288,1.0,moderate,consistent,True,low_leverage
0x75f7eeb85dc639d5e99c78f95393aa9a5f1170d4,2024-12-10,3634.56814,Extreme Greed,78.0,0.9607843137254902,1401.238888888889,153,0.35398230088495575,720.3895465149842,214389.55000000002,23.755347320261436,0.1830065359477124,moderate,consistent,True,high_leverage
0x75f7eeb85dc639d5e99c78f95393aa9a5f1170d4,2024-12-11,1567.4026840000001,Greed,74.0,0.34782608695652173,7024.881304347826,23,1.0909090909090908,953.9030394626521,161572.27,68.1479427826087,0.43478260869565216,moderate,consistent,True,high_leverage
0x75f7eeb85dc639d5e99c78f95393aa9a5f1170d4,2024-12-12,323.34897900000016,Extreme Greed,83.0,0.07692307692307693,3563.27,52,1.2608695652173914,1160.2032946692616,185290.04,6.218249596153849,0.6923076923076923,moderate,consistent,True,high_leverage
0x75f7eeb85dc639d5e99c78f95393aa9a5f1170d4,2024-12-13,8276.625256,Extreme Greed,76.0,0.9615384615384616,4533.178461538461,26,0.4444444444444444,1153.9179205470405,117862.64,318.3317406153846,0.6538461538461539,moderate,consistent,True,high_leverage
0x75f7eeb85dc639d5e99c78f95393aa9a5f1170d4,2024-12-14,-33.03286,Extreme Greed,83.0,0.027777777777777776,1667.6102777777778,36,0.44,17.20860425138936,60033.97,-0.9175794444444444,0.0,moderate,consistent,False,medium_leverage
0x75f7eeb85dc639d5e99c78f95393aa9a5f1170d4,2024-12-15,126.32543000000001,Extreme Greed,80.0,0.9285714285714286,469.7357142857143,14,0.07692307692307693,230.4881823623645,6576.3,9.023245000000001,0.14285714285714285,moderate,consistent,True,medium_leverage
0x75f7eeb85dc639d5e99c78f95393aa9a5f1170d4,2024-12-16,758.93225,Extreme Greed,83.0,0.4,5082.063,10,1.0,2500.447762500482,50820.630000000005,75.893225,0.1,moderate,consistent,True,high_leverage
0x75f7eeb85dc639d5e99c78f95393aa9a5f1170d4,2024-12-17,3146.294798,Extreme Greed,87.0,0.9552238805970149,1978.6264179104478,67,1.3103448275862069,986.3545994567518,132567.97,46.95962385074627,0.3880597014925373,moderate,consistent,True,high_leverage
0x75f7eeb85dc639d5e99c78f95393aa9a5f1170d4,2024-12-18,2507.193252,Extreme Greed,81.0,0.9478260869565217,1492.9519130434783,115,6.666666666666667,673.1130515470742,171689.47,21.801680452173912,0.13043478260869565,moderate,consistent,True,high_leverage
0x75f7eeb85dc639d5e99c78f95393aa9a5f1170d4,2024-12-19,13027.2866,Extreme Greed,75.0,0.8723404255319149,2927.3372765957447,235,0.21761658031088082,1125.1216115191125,687924.26,55.43526212765957,0.2680851063829787,moderate,consistent,True,high_leverage
0x75f7eeb85dc639d5e99c78f95393aa9a5f1170d4,2024-12-20,3509.273443,Greed,74.0,0.8995433789954338,1042.2276712328767,219,11.882352941176471,350.97532005933454,228247.86000000002,16.024079648401827,0.1232876712328767,moderate,consistent,True,medium_leverage
0x75f7eeb85dc639d5e99c78f95393aa9a5f1170d4,2024-12-21,24.404600000000002,Greed,73.0,0.5,1607.23625,8,1.0,110.62544579862102,12857.89,3.0505750000000003,0.125,moderate,consistent,True,medium_leverage
0x75f7eeb85dc639d5e99c78f95393aa9a5f1170d4,2024-12-23,657.693565,Greed,70.0,0.9803921568627451,1163.6007843137254,51,50.0,588.285080447202,59343.64,12.895952254901962,0.0196078431372549,moderate,consistent,True,high_leverage
0x75f7eeb85dc639d5e99c78f95393aa9a5f1170d4,2025-01-02,3429.9583199999997,Greed,70.0,0.9433962264150944,3870.1449056603774,53,0.4722222222222222,1911.2726329672716,205117.68,64.71619471698112,0.1509433962264151,moderate,consistent,True,high_leverage
0x75f7eeb85dc639d5e99c78f95393aa9a5f1170d4,2025-01-07,11206.706221,Extreme Greed,78.0,0.9525862068965517,2729.2947413793104,232,16.846153846153847,966.2588825080943,633196.38,48.30476819396552,0.09051724137931035,moderate,consistent,True,high_leverage
0x75f7eeb85dc639d5e99c78f95393aa9a5f1170d4,2025-01-08,3710.36178,Greed,70.0,0.9183673469387755,4625.799183673469,49,1.2272727272727273,1630.3154668627674,226664.16,75.72166897959184,0.16326530612244897,moderate,consistent,True,high_leverage
0x75f7eeb85dc639d5e99c78f95393aa9a5f1170d4,2025-01-13,3944.7294389999997,Greed,61.0,0.94,4342.4238000000005,50,0.06382978723404255,1700.0957033578723,217121.19,78.89458877999999,0.66,moderate,consistent,True,high_leverage
0x75f7eeb85dc639d5e99c78f95393aa9a5f1170d4,2025-01-14,104.68064,Greed,63.0,0.4444444444444444,4696.798888888889,9,0.8,32.28760789943607,42271.19,11.631182222222222,0.2222222222222222,moderate,consistent,True,medium_leverage
0x75f7eeb85dc639d5e99c78f95393aa9a5f1170d4,2025-01-18,-3249.381438,Extreme Greed,77.0,0.21212121212121213,7728.827272727272,33,2.3,2474.8907830660187,255051.3,-98.46610418181818,0.3333333333333333,moderate,consistent,False,high_leverage
0x75f7eeb85dc639d5e99c78f95393aa9a5f1170d4,2025-01-20,16210.341667,Extreme Greed,76.0,0.9657701711491442,1671.0059413202935,409,0.867579908675799,741.5712888225607,683441.43,39.634087205378975,0.2469437652811736,moderate,consistent,True,high_leverage
0x75f7eeb85dc639d5e99c78f95393aa9a5f1170d4,2025-01-22,548.62199,Extreme Greed,84.0,0.9714285714285714,2301.3917142857144,35,0.029411764705882353,1142.9338545851047,80548.71,15.674914,0.42857142857142855,moderate,consistent,True,high_leverage
0x75f7eeb85dc639d5e99c78f95393aa9a5f1170d4,2025-01-24,3540.716915,Extreme Greed,75.0,0.9416058394160584,1282.6185401459854,137,0.6309523809523809,283.12222978834035,175718.74,25.84464901459854,0.2116788321167883,moderate,consistent,True,medium_leverage
0x75f7eeb85dc639d5e99c78f95393aa9a5f1170d4,2025-01-27,2582.715893,Greed,71.0,0.953125,1981.91671875,128,3.413793103448276,562.7871228164615,253685.34,20.1774679140625,0.3046875,moderate,consistent,True,high_leverage
0x75f7eeb85dc639d5e99c78f95393aa9a5f1170d4,2025-01-28,1150.332823,Greed,72.0,0.918918918918919,3275.1991891891894,37,0.08823529411764706,810.9951499756605,121182.37000000001,31.090076297297298,0.08108108108108109,moderate,consistent,True,high_leverage
0x75f7eeb85dc639d5e99c78f95393aa9a5f1170d4,2025-01-29,45.381082,Greed,72.0,0.7777777777777778,1330.8616666666667,36,0.2857142857142857,6.345798522347233,47911.02,1.2605856111111111,0.6388888888888888,moderate,consistent,True,low_leverage
0x75f7eeb85dc639d5e99c78f95393aa9a5f1170d4,2025-01-30,5049.257348,Greed,70.0,0.8208955223880597,2169.4271641791042,134,0.8611111111111112,615.0775132455695,290703.24,37.68102498507463,0.27611940298507465,moderate,consistent,True,high_leverage
0x75f7eeb85dc639d5e99c78f95393aa9a5f1170d4,2025-01-31,6216.099195999999,Extreme Greed,76.0,0.6976744186046512,2295.991569767442,172,1.15,932.797782649536,394910.55,36.14011160465116,0.22093023255813954,moderate,consistent,True,high_leverage
0x75f7eeb85dc639d5e99c78f95393aa9a5f1170d4,2025-02-01,9609.447365,Greed,68.0,0.7702702702702703,4026.3325675675674,148,3.3529411764705883,1182.4767166529696,595897.22,64.92869841216216,0.25675675675675674,moderate,consistent,True,high_leverage
0x75f7eeb85dc639d5e99c78f95393aa9a5f1170d4,2025-02-03,14982.681725,Fear,44.0,0.7492877492877493,2940.937606837607,351,0.398406374501992,1387.781368229908,1032269.1,42.68570292022792,0.34472934472934474,moderate,consistent,True,high_leverage
0x75f7eeb85dc639d5e99c78f95393aa9a5f1170d4,2025-02-04,1985.815595,Greed,72.0,0.9736842105263158,1605.050657894737,76,0.02702702702702703,789.6592391356305,121983.85,26.129152565789475,0.2631578947368421,moderate,consistent,True,high_leverage
0x75f7eeb85dc639d5e99c78f95393aa9a5f1170d4,2025-02-05,14.590934,Neutral,54.0,0.75,2107.2529999999997,20,0.3333333333333333,943.8076818496678,42145.06,0.7295467,0.1,moderate,consistent,True,high_leverage
0x75f7eeb85dc639d5e99c78f95393aa9a5f1170d4,2025-02-06,2055.538866,Neutral,49.0,0.273972602739726,4675.59698630137,73,1.2121212121212122,83.98179186900127,341318.58,28.158066657534246,0.9726027397260274,moderate,consistent,True,medium_leverage
0x75f7eeb85dc639d5e99c78f95393aa9a5f1170d4,2025-02-07,2648.450789,Fear,44.0,0.7068965517241379,3997.0581034482757,58,0.11538461538461539,955.6134408706059,231829.37,45.662944637931034,0.39655172413793105,moderate,consistent,True,high_leverage
0x75f7eeb85dc639d5e99c78f95393aa9a5f1170d4,2025-02-08,235.47104,Fear,44.0,0.5,6882.275,2,1.0,3382.2766589898138,13764.55,117.73552,0.0,moderate,consistent,True,high_leverage
0x75f7eeb85dc639d5e99c78f95393aa9a5f1170d4,2025-02-09,627.556755,Neutral,46.0,0.9295774647887324,1530.2932394366196,71,13.2,528.6780474182176,108650.81999999999,8.838827535211268,0.2535211267605634,moderate,consistent,True,high_leverage
0x75f7eeb85dc639d5e99c78f95393aa9a5f1170d4,2025-02-10,990.674468,Fear,43.0,0.603448275862069,2647.6505172413795,58,0.7058823529411765,595.0730213372937,153563.73,17.08059427586207,0.2413793103448276,moderate,consistent,True,high_leverage
0x75f7eeb85dc639d5e99c78f95393aa9a5f1170d4,2025-02-11,1053.5230999999999,Neutral,47.0,0.6,7386.992,5,0.6666666666666666,3586.720712100032,36934.96,210.70461999999998,0.2,moderate,consistent,True,high_leverage
0x75f7eeb85dc639d5e99c78f95393aa9a5f1170d4,2025-02-12,-22303.603584,Neutral,46.0,0.23728813559322035,2953.0322881355933,118,0.3563218390804598,1351.5941352929929,348457.81,-189.01358969491525,0.2711864406779661,moderate,consistent,False,high_leverage
0x75f7eeb85dc639d5e99c78f95393aa9a5f1170d4,2025-02-13,2390.12335,Neutral,50.0,0.8316831683168316,1278.79198019802,101,4.9411764705882355,315.6588660846109,129157.99,23.664587623762376,0.13861386138613863,moderate,consistent,True,medium_leverage
0x75f7eeb85dc639d5e99c78f95393aa9a5f1170d4,2025-02-15,462.740727,Neutral,50.0,0.6785714285714286,3875.14,28,0.47368421052631576,1081.2720053484973,108503.92,16.526454535714286,0.42857142857142855,moderate,consistent,True,high_leverage
0x75f7eeb85dc639d5e99c78f95393aa9a5f1170d4,2025-02-16,14.54605,Neutral,54.0,0.2,341.232,5,4.0,77.97032108961851,1706.16,2.90921,0.2,moderate,consistent,True,medium_leverage
0x75f7eeb85dc639d5e99c78f95393aa9a5f1170d4,2025-02-18,3112.721339,Neutral,47.0,0.8091603053435115,2398.0035877862597,131,0.1592920353982301,1194.5459879326254,314138.47000000003,23.761231595419847,0.5725190839694656,moderate,consistent,True,high_leverage
0x75f7eeb85dc639d5e99c78f95393aa9a5f1170d4,2025-02-19,770.462266,Fear,44.0,0.6968325791855203,1613.0980995475113,221,12.0,512.7065200584295,356494.68,3.486254597285068,0.7918552036199095,moderate,consistent,True,high_leverage
0x75f7eeb85dc639d5e99c78f95393aa9a5f1170d4,2025-02-20,1727.154021,Neutral,49.0,0.9420289855072463,2101.7873913043477,69,3.0588235294117645,449.587518582625,145023.33,25.031217695652174,0.5072463768115942,moderate,consistent,True,high_leverage
0x75f7eeb85dc639d5e99c78f95393aa9a5f1170d4,2025-02-21,2720.828056,Greed,55.0,0.6436170212765957,1504.8432978723404,188,0.48031496062992124,544.4452784040036,282910.54,14.472489659574467,0.2765957446808511,moderate,consistent,True,high_leverage
0x75f7eeb85dc639d5e99c78f95393aa9a5f1170d4,2025-02-22,1437.17482,Neutral,49.0,0.6611570247933884,2194.715289256198,121,0.5125,748.180806574869,265560.55,11.87747785123967,0.2975206611570248,moderate,consistent,True,high_leverage
0x75f7eeb85dc639d5e99c78f95393aa9a5f1170d4,2025-02-23,1001.2053860000001,Neutral,50.0,0.784,2364.3752000000004,125,0.26262626262626265,705.873004974007,295546.9,8.009643088,0.168,moderate,consistent,True,high_leverage
0x75f7eeb85dc639d5e99c78f95393aa9a5f1170d4,2025-02-25,3622.6256409999996,Fear,25.0,0.9620253164556962,2395.0187341772153,79,0.27419354838709675,1178.2257392638762,189206.48,45.85602077215189,0.189873417721519,moderate,consistent,True,high_leverage
0x75f7eeb85dc639d5e99c78f95393aa9a5f1170d4,2025-02-26,5303.037252,Extreme Fear,21.0,0.9302325581395349,3985.245697674419,86,16.2,2023.847345304446,342731.13,61.663223860465116,0.45348837209302323,moderate,consistent,True,high_leverage
0x75f7eeb85dc639d5e99c78f95393aa9a5f1170d4,2025-03-02,948.6016900000001,Fear,26.0,0.9166666666666666,3923.564166666667,12,11.0,2001.349700265908,47082.770000000004,79.05014083333334,0.4166666666666667,moderate,consistent,True,high_leverage
0x75f7eeb85dc639d5e99c78f95393aa9a5f1170d4,2025-03-03,-370.250064,Fear,33.0,0.6039603960396039,1018.7064356435644,101,0.4852941176470588,299.8860698432338,102889.35,-3.6658422178217824,0.0,moderate,consistent,False,medium_leverage
0x75f7eeb85dc639d5e99c78f95393aa9a5f1170d4,2025-03-05,-5843.04,Extreme Fear,20.0,0.0,42921.479999999996,2,1.0,20000.864965831435,85842.95999999999,-2921.52,0.5,moderate,consistent,False,high_leverage
0x75f7eeb85dc639d5e99c78f95393aa9a5f1170d4,2025-03-08,556.480533,Fear,28.0,0.9444444444444444,1573.7972222222222,18,17.0,802.3575647445468,28328.35,30.91558516666667,0.2222222222222222,moderate,consistent,True,high_leverage
0x75f7eeb85dc639d5e99c78f95393aa9a5f1170d4,2025-03-11,23670.188163,Extreme Fear,24.0,0.9470588235294117,3202.6863529411767,170,1.0238095238095237,356.42740374319607,544456.68,139.2364009588235,0.8352941176470589,moderate,consistent,True,medium_leverage
0x75f7eeb85dc639d5e99c78f95393aa9a5f1170d4,2025-03-12,788.209533,Fear,34.0,0.875,2053.1325,24,0.14285714285714285,126.61483187557998,49275.18,32.842063875,0.875,moderate,consistent,True,medium_leverage
0x75f7eeb85dc639d5e99c78f95393aa9a5f1170d4,2025-03-13,216.69714,Neutral,45.0,0.05,3998.917,20,0.05263157894736842,245.08303552814846,79978.34,10.834857,0.95,moderate,consistent,True,medium_leverage
0x75f7eeb85dc639d5e99c78f95393aa9a5f1170d4,2025-03-15,500.116094,Neutral,46.0,0.21212121212121213,1352.128787878788,33,10.0,682.043450055175,44620.25,15.15503315151515,0.9090909090909091,moderate,consistent,True,high_leverage
0x75f7eeb85dc639d5e99c78f95393aa9a5f1170d4,2025-03-16,941.32505,Fear,30.0,0.9333333333333333,2071.034666666667,15,0.07142857142857142,1004.1896666767445,31065.52,62.755003333333335,0.3333333333333333,moderate,consistent,True,high_leverage
0x75f7eeb85dc639d5e99c78f95393aa9a5f1170d4,2025-03-17,5845.632627,Fear,32.0,0.9605263157894737,1292.3644736842105,152,1.7142857142857142,638.2096289752287,196439.4,38.458109388157894,0.6644736842105263,moderate,consistent,True,high_leverage
0x75f7eeb85dc639d5e99c78f95393aa9a5f1170d4,2025-03-18,82.269533,Fear,34.0,0.7142857142857143,610.3228571428572,14,2.5,170.81439485062742,8544.52,5.876395214285714,0.7142857142857143,moderate,consistent,True,medium_leverage
0x75f7eeb85dc639d5e99c78f95393aa9a5f1170d4,2025-03-19,106.886191,Fear,32.0,0.9069767441860465,1166.1046511627908,43,0.023809523809523808,581.883543297306,50142.5,2.485725372093023,0.16279069767441862,moderate,consistent,True,high_leverage
0x75f7eeb85dc639d5e99c78f95393aa9a5f1170d4,2025-03-20,646.76766,Neutral,49.0,0.96875,965.8490625,32,0.03225806451612903,472.83160351600554,30907.17,20.211489375,0.0625,moderate,consistent,True,high_leverage
0x75f7eeb85dc639d5e99c78f95393aa9a5f1170d4,2025-03-22,4462.921835,Fear,32.0,0.9682539682539683,968.4492063492064,63,9.5,516.6920194841387,61012.3,70.84002912698413,0.9523809523809523,moderate,consistent,True,high_leverage
0x75f7eeb85dc639d5e99c78f95393aa9a5f1170d4,2025-03-24,80.95313,Neutral,45.0,0.8461538461538461,179.39076923076925,26,7.666666666666667,91.31613850731748,4664.160000000001,3.1135819230769233,0.9230769230769231,moderate,consistent,True,medium_leverage
0x75f7eeb85dc639d5e99c78f95393aa9a5f1170d4,2025-03-25,520.971268,Neutral,46.0,0.896551724137931,2614.2506896551727,29,1.0714285714285714,1303.3935513001513,75813.27,17.96452648275862,0.7586206896551724,moderate,consistent,True,high_leverage
0x75f7eeb85dc639d5e99c78f95393aa9a5f1170d4,2025-03-26,96.945218,Neutral,47.0,0.31645569620253167,1384.9248101265823,79,0.5490196078431373,316.0863741766475,109409.06,1.227154658227848,0.0,moderate,consistent,True,medium_leverage
0x75f7eeb85dc639d5e99c78f95393aa9a5f1170d4,2025-03-29,133.123947,Fear,26.0,0.7951807228915663,507.97253012048196,83,0.024691358024691357,253.18728355002395,42161.72,1.6039029759036143,0.9759036144578314,moderate,consistent,True,medium_leverage
0x75f7eeb85dc639d5e99c78f95393aa9a5f1170d4,2025-03-31,1239.24045,Fear,34.0,0.9807692307692307,952.425,52,0.0196078431372549,464.6362017941276,49526.1,23.831547115384616,0.019230769230769232,moderate,consistent,True,high_leverage
0x75f7eeb85dc639d5e99c78f95393aa9a5f1170d4,2025-04-02,90.98474,Fear,44.0,0.8181818181818182,2925.4536363636366,11,4.5,435.7389681140931,32179.99,8.27134,0.0,moderate,consistent,True,high_leverage
0x75f7eeb85dc639d5e99c78f95393aa9a5f1170d4,2025-04-06,3370.85855,Fear,34.0,0.9230769230769231,3952.829230769231,39,0.08333333333333333,1933.5418367627378,154160.34,86.43227051282051,0.3333333333333333,moderate,consistent,True,high_leverage
0x75f7eeb85dc639d5e99c78f95393aa9a5f1170d4,2025-04-08,948.85929,Extreme Fear,24.0,0.9767441860465116,1116.5534883720932,43,0.023809523809523808,547.4265889145106,48011.8,22.066495116279068,0.4186046511627907,moderate,consistent,True,high_leverage
0x75f7eeb85dc639d5e99c78f95393aa9a5f1170d4,2025-04-09,1593.7933500000001,Extreme Fear,18.0,0.4,3893.6853333333333,15,0.6666666666666666,23.588432056965182,58405.28,106.25289000000001,0.4,moderate,consistent,True,medium_leverage
0x75f7eeb85dc639d5e99c78f95393aa9a5f1170d4,2025-04-12,1442.90516,Fear,43.0,0.9545454545454546,1396.4452272727274,44,0.047619047619047616,562.027332404364,61443.590000000004,32.793299090909095,0.1590909090909091,moderate,consistent,True,high_leverage
0x75f7eeb85dc639d5e99c78f95393aa9a5f1170d4,2025-04-14,1828.36966,Fear,31.0,0.825,3124.96325,40,2.076923076923077,802.7067476558121,124998.53,45.709241500000005,0.475,moderate,consistent,True,high_leverage
0x75f7eeb85dc639d5e99c78f95393aa9a5f1170d4,2025-04-15,1208.695445,Fear,38.0,0.9722222222222222,1633.111111111111,36,35.0,833.3879021535154,58792.0,33.57487347222222,0.05555555555555555,moderate,consistent,True,high_leverage
0x75f7eeb85dc639d5e99c78f95393aa9a5f1170d4,2025-04-16,1674.357543,Fear,29.0,0.9428571428571428,2679.161714285714,35,3.375,1332.8648054667917,93770.65999999999,47.83878694285715,0.34285714285714286,moderate,consistent,True,high_leverage
0x75f7eeb85dc639d5e99c78f95393aa9a5f1170d4,2025-04-18,471.89234,Fear,33.0,0.8333333333333334,4048.5616666666665,6,5.0,2064.6660514779855,24291.37,78.64872333333334,0.8333333333333334,moderate,consistent,True,high_leverage
0x75f7eeb85dc639d5e99c78f95393aa9a5f1170d4,2025-04-19,1403.177311,Fear,32.0,0.4727272727272727,1152.206909090909,55,1.037037037037037,9.86760431591913,63371.38,25.512314745454542,0.12727272727272726,moderate,consistent,True,low_leverage
0x75f7eeb85dc639d5e99c78f95393aa9a5f1170d4,2025-04-20,-111.77234,Fear,37.0,0.21153846153846154,1156.014423076923,52,25.0,396.1875110707957,60112.75,-2.149468076923077,0.9230769230769231,moderate,consistent,False,medium_leverage
0x75f7eeb85dc639d5e99c78f95393aa9a5f1170d4,2025-04-22,2933.203058,Neutral,47.0,0.9938837920489296,358.02122324159023,327,162.5,183.49758995017467,117072.94,8.970039932721713,0.8226299694189603,moderate,consistent,True,medium_leverage
0x75f7eeb85dc639d5e99c78f95393aa9a5f1170d4,2025-04-23,6439.07977,Greed,72.0,0.948051948051948,2393.760844155844,154,1.7017543859649122,1211.0835768988354,368639.17,41.8122062987013,0.38311688311688313,moderate,consistent,True,high_leverage
0x75f7eeb85dc639d5e99c78f95393aa9a5f1170d4,2025-04-24,1250.2581989999999,Greed,63.0,0.1724137931034483,2504.40724137931,29,1.4166666666666667,1039.3844190148327,72627.81,43.11235168965517,0.13793103448275862,moderate,consistent,True,high_leverage
0x75f7eeb85dc639d5e99c78f95393aa9a5f1170d4,2025-04-25,1113.013801,Greed,60.0,0.8282828282828283,777.5432323232324,99,0.1927710843373494,137.83333148597575,76976.78,11.242563646464648,0.6767676767676768,moderate,consistent,True,medium_leverage
0x75f7eeb85dc639d5e99c78f95393aa9a5f1170d4,2025-04-26,3291.144446,Greed,65.0,0.9734513274336283,1400.3834513274335,113,36.666666666666664,714.769493944105,158243.33,29.125172088495574,0.1592920353982301,moderate,consistent,True,high_leverage
0x75f7eeb85dc639d5e99c78f95393aa9a5f1170d4,2025-04-27,471.712989,Greed,61.0,0.6385542168674698,1451.5227710843374,83,0.024691358024691357,722.9279457378203,120476.39,5.683289024096386,0.1566265060240964,moderate,consistent,True,high_leverage
0x75f7eeb85dc639d5e99c78f95393aa9a5f1170d4,2025-04-28,728.966777,Neutral,54.0,0.6666666666666666,1052.2554545454545,33,0.2222222222222222,420.91491642095815,34724.43,22.08990233333333,0.36363636363636365,moderate,consistent,True,high_leverage
0x7f4f299f74eec87806a830e3caa9afa5f2b9db8f,2024-12-25,14.21524,Greed,73.0,0.75,1688.5525,4,0.3333333333333333,842.6857687686489,6754.21,3.55381,0.75,moderate,consistent,True,high_leverage
0x7f4f299f74eec87806a830e3caa9afa5f2b9db8f,2024-12-29,0.0,Greed,73.0,0.0,10819.605,4,0.0,951.4632169094108,43278.42,0.0,0.0,moderate,consistent,False,high_leverage
0x7f4f299f74eec87806a830e3caa9afa5f2b9db8f,2024-12-30,838.9844760000001,Greed,65.0,0.5833333333333334,4069.070833333333,12,0.7142857142857143,3.726565396057683,48828.85,69.915373,0.0,moderate,consistent,True,low_leverage
0x7f4f299f74eec87806a830e3caa9afa5f2b9db8f,2024-12-31,0.0,Greed,64.0,0.0,8056.83,1,0.0,7.572627247785907,8056.83,0.0,0.0,moderate,consistent,False,low_leverage
0x7f4f299f74eec87806a830e3caa9afa5f2b9db8f,2025-01-01,0.0,Greed,66.0,0.0,7555.826666666667,3,0.0,4.595405633313505,22667.48,0.0,0.0,moderate,consistent,False,low_leverage
0x7f4f299f74eec87806a830e3caa9afa5f2b9db8f,2025-01-02,1008.518954,Greed,70.0,0.5555555555555556,6758.5633333333335,9,0.8,227.9780511884474,60827.07,112.05766155555555,0.0,moderate,consistent,True,medium_leverage
0x7f4f299f74eec87806a830e3caa9afa5f2b9db8f,2025-01-03,937.789615,Greed,74.0,0.6538461538461539,1975.7373076923077,26,0.5294117647058824,1.3206082907009755,51369.17,36.06883134615385,0.0,moderate,consistent,True,low_leverage
0x7f4f299f74eec87806a830e3caa9afa5f2b9db8f,2025-01-05,1093.05677,Greed,72.0,1.0,1828.1614285714284,7,0.0,2.2666975717504583,12797.13,156.15096714285713,0.0,moderate,consistent,True,low_leverage
0x7f4f299f74eec87806a830e3caa9afa5f2b9db8f,2025-01-06,1260.832586,Extreme Greed,76.0,1.0,12912.0,1,0.0,25.772349191700506,12912.0,1260.832586,0.0,moderate,consistent,True,medium_leverage
0x7f4f299f74eec87806a830e3caa9afa5f2b9db8f,2025-01-07,0.0,Extreme Greed,78.0,0.0,5768.6,1,0.0,5756.749156187074,5768.6,0.0,0.0,moderate,consistent,False,high_leverage
0x7f4f299f74eec87806a830e3caa9afa5f2b9db8f,2025-01-08,0.0,Greed,70.0,0.0,2146.8445454545454,11,0.0,4.593851644688205,23615.29,0.0,0.0,moderate,consistent,False,low_leverage
0x7f4f299f74eec87806a830e3caa9afa5f2b9db8f,2025-01-09,0.0,Greed,69.0,0.0,9563.74,1,0.0,7.184467029844037,9563.74,0.0,0.0,moderate,consistent,False,low_leverage
0x7f4f299f74eec87806a830e3caa9afa5f2b9db8f,2025-01-13,1621.278931,Greed,61.0,1.0,7545.6675,4,0.0,5.19958143530697,30182.67,405.31973275,0.0,moderate,consistent,True,low_leverage
0x7f4f299f74eec87806a830e3caa9afa5f2b9db8f,2025-01-15,1261.448002,Greed,70.0,1.0,11647.74,1,0.0,24.030294994099776,11647.74,1261.448002,0.0,moderate,consistent,True,medium_leverage
0x7f4f299f74eec87806a830e3caa9afa5f2b9db8f,2025-01-19,0.0,Extreme Greed,77.0,0.0,99.88,1,0.0,99.81473114730277,99.88,0.0,1.0,moderate,consistent,False,medium_leverage
0x7f4f299f74eec87806a830e3caa9afa5f2b9db8f,2025-03-24,-869.145978,Neutral,45.0,0.0,8449.470000000001,2,0.0,15.784788195485152,16898.940000000002,-434.572989,0.0,moderate,consistent,False,medium_leverage
0x7f4f299f74eec87806a830e3caa9afa5f2b9db8f,2025-03-26,0.0,Neutral,47.0,0.0,5632.456666666668,3,0.0,2150.837798116616,16897.370000000003,0.0,0.0,moderate,consistent,False,high_leverage
0x7f4f299f74eec87806a830e3caa9afa5f2b9db8f,2025-03-28,1130.350383,Fear,44.0,1.0,3004.626666666667,6,0.0,5.105229558772266,18027.760000000002,188.3917305,0.0,moderate,consistent,True,low_leverage
0x7f4f299f74eec87806a830e3caa9afa5f2b9db8f,2025-04-08,246.8944,Extreme Fear,24.0,0.6153846153846154,2155.8880769230773,26,0.625,27.198983422000854,56053.090000000004,9.495938461538461,0.0,moderate,consistent,True,medium_leverage
0x7f4f299f74eec87806a830e3caa9afa5f2b9db8f,2025-04-09,2975.927732,Extreme Fear,18.0,0.4693366708385482,3494.2455444305383,799,0.8242009132420092,603.1249172164675,2791902.19,3.7245653717146436,0.056320400500625784,moderate,consistent,True,high_leverage
0x7f4f299f74eec87806a830e3caa9afa5f2b9db8f,2025-04-10,-372.76464,Fear,39.0,0.26666666666666666,6134.571428571428,105,0.5671641791044776,1274.615058638449,644130.0,-3.5501394285714283,0.23809523809523808,moderate,consistent,False,high_leverage
0x7f4f299f74eec87806a830e3caa9afa5f2b9db8f,2025-04-11,2550.108815,Fear,25.0,0.4874551971326165,2348.0045519713262,279,0.2857142857142857,248.8796423499404,655093.27,9.140174964157707,0.11827956989247312,moderate,consistent,True,medium_leverage
0x7f4f299f74eec87806a830e3caa9afa5f2b9db8f,2025-04-12,303.170149,Fear,43.0,0.575,3633.2355833333336,120,1.7272727272727273,487.38182732347144,435988.27,2.5264179083333334,0.1,moderate,consistent,True,high_leverage
0x7f4f299f74eec87806a830e3caa9afa5f2b9db8f,2025-04-13,355.09,Neutral,45.0,0.10638297872340426,4544.766489361702,94,5.714285714285714,1172.2828329815043,427208.05,3.7775531914893614,0.14893617021276595,moderate,consistent,True,high_leverage
0x7f4f299f74eec87806a830e3caa9afa5f2b9db8f,2025-04-17,425.687612,Fear,30.0,0.47058823529411764,7388.688823529412,34,0.8888888888888888,1689.9378266961419,251215.42,12.52022388235294,0.47058823529411764,moderate,consistent,True,high_leverage
0x7f4f299f74eec87806a830e3caa9afa5f2b9db8f,2025-04-22,119.0,Neutral,47.0,0.8,36540.202000000005,5,4.0,29246.61334515137,182701.01,23.8,0.0,moderate,consistent,True,high_leverage
0x8170715b3b381dffb7062c0298972d4727a0a63b,2024-12-17,0.0,Extreme Greed,87.0,0.0,2142.7757142857145,14,0.0,361.1380939112394,29998.86,0.0,0.0,moderate,inconsistent,False,medium_leverage
0x8170715b3b381dffb7062c0298972d4727a0a63b,2024-12-18,0.0,Extreme Greed,81.0,0.0,4999.94,1,0.0,4.539292831298141,4999.94,0.0,0.0,moderate,inconsistent,False,low_leverage
0x8170715b3b381dffb7062c0298972d4727a0a63b,2024-12-27,453.853206,Greed,74.0,0.1724137931034483,862.0348275862068,29,0.0,5.197175807524402,24999.01,15.650110551724138,0.0,moderate,inconsistent,True,low_leverage
0x8170715b3b381dffb7062c0298972d4727a0a63b,2024-12-28,343.092145,Greed,72.0,1.0,4999.89,1,0.0,5.300084619270796,4999.89,343.092145,0.0,moderate,inconsistent,True,low_leverage
0x8170715b3b381dffb7062c0298972d4727a0a63b,2024-12-29,768.814445,Greed,73.0,1.0,1918.2925,4,3.0,1.810364689561025,7673.17,192.20361125,0.0,moderate,inconsistent,True,low_leverage
0x8170715b3b381dffb7062c0298972d4727a0a63b,2024-12-30,1211.511836,Greed,65.0,1.0,946.8850000000001,6,0.0,0.42329874167069664,5681.31,201.91863933333332,0.0,moderate,inconsistent,True,low_leverage
0x8170715b3b381dffb7062c0298972d4727a0a63b,2024-12-31,306.563532,Greed,64.0,1.0,342.82,3,0.0,0.2898911572882081,1028.46,102.187844,0.0,moderate,inconsistent,True,low_leverage
0x8170715b3b381dffb7062c0298972d4727a0a63b,2025-01-02,739.18423,Greed,70.0,1.0,1004.1633333333334,3,0.0,1.861085264394361,3012.4900000000002,246.3947433333333,1.0,moderate,inconsistent,True,low_leverage
0x8170715b3b381dffb7062c0298972d4727a0a63b,2025-01-22,-179.521683,Extreme Greed,84.0,0.0,1873.8216666666667,6,0.0,4.662214387880833,11242.93,-29.9202805,0.5,moderate,inconsistent,False,low_leverage
0x8170715b3b381dffb7062c0298972d4727a0a63b,2025-01-25,-18956.391598000002,Extreme Greed,75.0,0.1724137931034483,4484.771379310345,29,8.666666666666666,2.8412483301518905,130058.37,-653.6686757931035,0.7931034482758621,moderate,inconsistent,False,low_leverage
0x8170715b3b381dffb7062c0298972d4727a0a63b,2025-01-26,0.0,Greed,73.0,0.0,961.5796153846154,26,0.0,97.81794947245292,25001.07,0.0,0.07692307692307693,moderate,inconsistent,False,medium_leverage
0x8170715b3b381dffb7062c0298972d4727a0a63b,2025-01-27,0.0,Greed,71.0,0.0,681.8109090909091,22,0.0,0.09826071825577333,14999.84,0.0,0.0,moderate,inconsistent,False,low_leverage
0x8170715b3b381dffb7062c0298972d4727a0a63b,2025-01-28,0.0,Greed,72.0,0.0,588.2223529411765,17,0.0,0.03937611907930415,9999.78,0.0,0.0,moderate,inconsistent,False,low_leverage
0x8170715b3b381dffb7062c0298972d4727a0a63b,2025-01-29,0.0,Greed,72.0,0.0,999.9485714285714,7,0.0,0.08375491159957127,6999.64,0.0,0.0,moderate,inconsistent,False,low_leverage
0x8170715b3b381dffb7062c0298972d4727a0a63b,2025-01-30,0.0,Greed,70.0,0.0,486.4764864864865,37,0.0,0.02797717224769671,17999.63,0.0,0.0,moderate,inconsistent,False,low_leverage
0x8170715b3b381dffb7062c0298972d4727a0a63b,2025-01-31,0.0,Extreme Greed,76.0,0.0,625.6752083333333,48,0.0,0.03820230131812265,30032.41,0.0,0.0,moderate,inconsistent,False,low_leverage
0x8170715b3b381dffb7062c0298972d4727a0a63b,2025-02-01,0.0,Greed,68.0,0.0,773.4088888888889,18,0.0,0.042526888159751475,13921.36,0.0,0.0,moderate,inconsistent,False,low_leverage
0x8170715b3b381dffb7062c0298972d4727a0a63b,2025-02-02,0.0,Greed,60.0,0.0,1333.3373333333334,30,0.0,0.041420776901091624,40000.12,0.0,0.13333333333333333,moderate,inconsistent,False,low_leverage
0x8170715b3b381dffb7062c0298972d4727a0a63b,2025-02-03,13770.715332,Fear,44.0,0.8067226890756303,355.00016806722687,119,4.173913043478261,0.010240296115006696,42245.02,115.72029690756303,0.0,moderate,inconsistent,True,low_leverage
0x8170715b3b381dffb7062c0298972d4727a0a63b,2025-02-04,0.0,Greed,72.0,0.0,676.7046666666666,45,0.0,0.01930314927426272,30451.71,0.0,0.0,moderate,inconsistent,False,low_leverage
0x8170715b3b381dffb7062c0298972d4727a0a63b,2025-02-05,0.0,Neutral,54.0,0.0,599.9928,25,0.0,0.008764241229248505,14999.82,0.0,0.0,moderate,inconsistent,False,low_leverage
0x8170715b3b381dffb7062c0298972d4727a0a63b,2025-02-06,0.0,Neutral,49.0,0.0,470.57411764705876,17,0.0,0.006205699524097601,7999.759999999999,0.0,0.0,moderate,inconsistent,False,low_leverage
0x8170715b3b381dffb7062c0298972d4727a0a63b,2025-02-07,0.0,Fear,44.0,0.0,666.651111111111,9,0.0,0.008332927543368215,5999.86,0.0,0.0,moderate,inconsistent,False,low_leverage
0x8170715b3b381dffb7062c0298972d4727a0a63b,2025-02-08,0.0,Fear,44.0,0.0,999.984,5,0.0,0.01194371341830489,4999.92,0.0,0.0,moderate,inconsistent,False,low_leverage
0x8170715b3b381dffb7062c0298972d4727a0a63b,2025-02-09,0.0,Neutral,46.0,0.0,137.93471264367815,87,0.0,0.0031596786538579075,12000.32,0.0,0.011494252873563218,moderate,inconsistent,False,low_leverage
0x8170715b3b381dffb7062c0298972d4727a0a63b,2025-02-10,24.634532000000036,Fear,43.0,0.3411764705882353,698.8723529411765,85,3.25,0.02848407206037058,59404.15,0.28981802352941216,0.0,moderate,inconsistent,True,low_leverage
0x8170715b3b381dffb7062c0298972d4727a0a63b,2025-02-11,0.0,Neutral,47.0,0.0,769.2253846153847,13,0.0,0.007511479781541476,9999.93,0.0,0.0,moderate,inconsistent,False,low_leverage
0x8170715b3b381dffb7062c0298972d4727a0a63b,2025-02-12,0.0,Neutral,46.0,0.0,1086.9421739130435,23,0.0,0.009519986679439828,24999.670000000002,0.0,0.0,moderate,inconsistent,False,low_leverage
0x8170715b3b381dffb7062c0298972d4727a0a63b,2025-02-13,-3556.3882559999997,Neutral,50.0,0.0,947.7369565217392,46,0.5333333333333333,0.12090211355090486,43595.9,-77.31278817391303,0.34782608695652173,moderate,inconsistent,False,low_leverage
0x8170715b3b381dffb7062c0298972d4727a0a63b,2025-02-14,8781.96,Neutral,48.0,0.26366559485530544,2726.2494855305467,311,0.6631016042780749,67.69289800058081,847863.59,28.237813504823148,0.16720257234726688,moderate,inconsistent,True,medium_leverage
0x8170715b3b381dffb7062c0298972d4727a0a63b,2025-02-15,35346.87108,Neutral,50.0,0.8603351955307262,2418.771340782123,179,0.3875968992248062,0.8539832490899774,432960.07,197.46855351955307,0.3463687150837989,moderate,inconsistent,True,low_leverage
0x8170715b3b381dffb7062c0298972d4727a0a63b,2025-02-16,0.0,Neutral,54.0,0.0,3333.296666666667,3,0.0,0.015208716423785143,9999.890000000001,0.0,0.0,moderate,inconsistent,False,low_leverage
0x8170715b3b381dffb7062c0298972d4727a0a63b,2025-02-17,0.0,Neutral,51.0,0.0,2503.1749999999997,6,0.0,0.010848594658852427,15019.05,0.0,0.6666666666666666,moderate,inconsistent,False,low_leverage
0x8170715b3b381dffb7062c0298972d4727a0a63b,2025-02-18,0.0,Neutral,47.0,0.0,1923.0538461538463,13,0.0,0.007796094761828159,24999.7,0.0,0.0,moderate,inconsistent,False,low_leverage
0x8170715b3b381dffb7062c0298972d4727a0a63b,2025-02-19,0.0,Fear,44.0,0.0,882.3423529411765,17,0.0,0.003348083528804213,14999.82,0.0,0.0,moderate,inconsistent,False,low_leverage
0x8170715b3b381dffb7062c0298972d4727a0a63b,2025-02-20,0.0,Neutral,49.0,0.0,1129.0251612903226,31,0.0,0.003986735487793086,34999.78,0.0,0.0,moderate,inconsistent,False,low_leverage
0x8170715b3b381dffb7062c0298972d4727a0a63b,2025-02-21,0.0,Greed,55.0,0.0,657.8865789473684,38,0.0,0.0021353168609271438,24999.690000000002,0.0,0.0,moderate,inconsistent,False,low_leverage
0x8170715b3b381dffb7062c0298972d4727a0a63b,2025-02-23,0.0,Neutral,50.0,0.0,1249.98,4,0.0,0.003906982105267051,4999.92,0.0,0.0,moderate,inconsistent,False,low_leverage
0x8170715b3b381dffb7062c0298972d4727a0a63b,2025-02-25,8698.883848,Fear,25.0,1.0,641.0223076923077,39,0.0,0.0020637325772341706,24999.87,223.04830379487177,0.0,moderate,inconsistent,True,low_leverage
0x8170715b3b381dffb7062c0298972d4727a0a63b,2025-02-26,2225.835732,Extreme Fear,21.0,1.0,4999.92,1,0.0,0.016829500297213734,4999.92,2225.835732,0.0,moderate,inconsistent,True,low_leverage
0x8170715b3b381dffb7062c0298972d4727a0a63b,2025-02-28,3309.75,Extreme Fear,16.0,1.0,714.2857142857143,7,0.0,0.0024712549769168343,5000.0,472.82142857142856,0.0,moderate,inconsistent,True,low_leverage
0x8170715b3b381dffb7062c0298972d4727a0a63b,2025-03-02,0.0,Fear,26.0,0.0,2499.975,2,0.0,0.008759254493609649,4999.95,0.0,0.0,moderate,inconsistent,False,low_leverage
0x8170715b3b381dffb7062c0298972d4727a0a63b,2025-03-03,0.0,Fear,33.0,0.0,624.99375,8,0.0,0.0021291633353826356,4999.95,0.0,0.0,moderate,inconsistent,False,low_leverage
0x8170715b3b381dffb7062c0298972d4727a0a63b,2025-03-04,6939.47356,Extreme Fear,15.0,0.8125,937.494375,16,4.333333333333333,0.003233326687107532,14999.91,433.7170975,0.0,moderate,inconsistent,True,low_leverage
0x8170715b3b381dffb7062c0298972d4727a0a63b,2025-03-07,0.0,Fear,34.0,0.0,12499.980833333333,12,0.0,255.55924975068322,149999.77,0.0,0.0,moderate,inconsistent,False,medium_leverage
0x8170715b3b381dffb7062c0298972d4727a0a63b,2025-03-08,0.0,Fear,28.0,0.0,2631.5215789473687,38,0.0,1.9558110989857547,99997.82,0.0,0.0,moderate,inconsistent,False,low_leverage
0x8170715b3b381dffb7062c0298972d4727a0a63b,2025-03-09,3677.4965580000003,Fear,27.0,1.0,999.99,5,0.0,0.0034645453277931705,4999.95,735.4993116,0.0,moderate,inconsistent,True,low_leverage
0x8170715b3b381dffb7062c0298972d4727a0a63b,2025-03-10,4297.3227640000005,Extreme Fear,20.0,0.35714285714285715,3928.565714285714,14,0.0,1.8398429571437975,54999.92,306.95162600000003,0.0,moderate,inconsistent,True,low_leverage
0x8170715b3b381dffb7062c0298972d4727a0a63b,2025-03-11,0.0,Extreme Fear,24.0,0.0,624.9925000000001,8,0.0,0.0022443008870085494,4999.9400000000005,0.0,0.0,moderate,inconsistent,False,low_leverage
0x8170715b3b381dffb7062c0298972d4727a0a63b,2025-03-12,-2493.849701,Fear,34.0,0.0,4999.932727272728,11,0.0,2.0685780548607693,54999.26,-226.71360918181819,0.0,moderate,inconsistent,False,low_leverage
0x8170715b3b381dffb7062c0298972d4727a0a63b,2025-03-13,0.0,Neutral,45.0,0.0,1891.8805405405406,37,2.3636363636363638,46.1873751595302,69999.58,0.0,0.0,moderate,inconsistent,False,medium_leverage
0x8170715b3b381dffb7062c0298972d4727a0a63b,2025-03-14,584.05178,Fear,27.0,1.0,9999.89,1,0.0,2.1651907120957543,9999.89,584.05178,0.0,moderate,inconsistent,True,low_leverage
0x8170715b3b381dffb7062c0298972d4727a0a63b,2025-03-15,763.755281,Neutral,46.0,0.16666666666666666,2222.1133333333332,18,0.0,0.7872286453096193,39998.04,42.43084894444444,0.0,moderate,inconsistent,True,low_leverage
0x8170715b3b381dffb7062c0298972d4727a0a63b,2025-03-16,8368.226125000001,Fear,30.0,0.8571428571428571,2856.945714285714,7,6.0,0.8614950791235488,19998.62,1195.4608750000002,0.0,moderate,inconsistent,True,low_leverage
0x8170715b3b381dffb7062c0298972d4727a0a63b,2025-03-17,0.0,Fear,32.0,0.0,1527.7720833333333,72,0.0,0.004124647686351076,109999.59,0.0,0.0,moderate,inconsistent,False,low_leverage
0x8170715b3b381dffb7062c0298972d4727a0a63b,2025-03-18,0.0,Fear,34.0,0.0,1274.653559322034,59,0.0,0.0025414364633089396,75204.56,0.0,0.0,moderate,inconsistent,False,low_leverage
0x8170715b3b381dffb7062c0298972d4727a0a63b,2025-03-19,3036.68886,Fear,32.0,0.08256880733944955,1511.8720183486237,109,0.0,0.17530521291734683,164794.05,27.859530825688076,0.0,moderate,inconsistent,True,low_leverage
0x8170715b3b381dffb7062c0298972d4727a0a63b,2025-03-20,652.062115,Neutral,49.0,0.25,7589.970833333334,12,0.0,4.049480205599138,91079.65000000001,54.33850958333333,0.08333333333333333,moderate,inconsistent,True,low_leverage
0x8170715b3b381dffb7062c0298972d4727a0a63b,2025-03-22,3082.76165,Fear,32.0,1.0,526.312105263158,19,0.0,0.0006739327552657584,9999.93,162.25061315789472,0.0,moderate,inconsistent,True,low_leverage
0x8170715b3b381dffb7062c0298972d4727a0a63b,2025-03-23,3464.777168,Fear,30.0,1.0,4999.96,2,0.0,0.00649766635183944,9999.92,1732.388584,0.0,moderate,inconsistent,True,low_leverage
0x8170715b3b381dffb7062c0298972d4727a0a63b,2025-03-24,2838.532396,Neutral,45.0,0.8723404255319149,2021.1748936170213,47,0.23684210526315788,2.014546604630055,94995.22,60.39430629787234,0.10638297872340426,moderate,inconsistent,True,low_leverage
0x8170715b3b381dffb7062c0298972d4727a0a63b,2025-03-25,2164.09548,Neutral,46.0,1.0,6666.248333333334,6,0.0,12.77645988500877,39997.490000000005,360.68258,0.0,moderate,inconsistent,True,low_leverage
0x8170715b3b381dffb7062c0298972d4727a0a63b,2025-03-26,619.572648,Neutral,47.0,1.0,9998.76,1,0.0,27.46233074239886,9998.76,619.572648,0.0,moderate,inconsistent,True,medium_leverage
0x8170715b3b381dffb7062c0298972d4727a0a63b,2025-03-27,26714.79759,Fear,40.0,0.96875,1071.89515625,64,31.0,0.0015287866536987803,68601.29,417.41871234375,0.53125,moderate,inconsistent,True,low_leverage
0x8170715b3b381dffb7062c0298972d4727a0a63b,2025-03-28,13956.614828,Fear,44.0,1.0,1137.9037931034482,29,0.0,0.0018226867590985072,32999.21,481.26258027586204,0.27586206896551724,moderate,inconsistent,True,low_leverage
0x8170715b3b381dffb7062c0298972d4727a0a63b,2025-03-29,19573.830158,Fear,26.0,0.5116279069767442,1162.7798837209302,86,0.0,555.5619348295986,99999.07,227.60267625581398,0.0,moderate,inconsistent,True,high_leverage
0x8170715b3b381dffb7062c0298972d4727a0a63b,2025-03-30,9683.820194,Fear,32.0,0.4838709677419355,2259.391935483871,31,14.5,40.14303466656719,70041.15,312.38129658064514,0.06451612903225806,moderate,inconsistent,True,medium_leverage
0x8170715b3b381dffb7062c0298972d4727a0a63b,2025-03-31,5544.028638,Fear,34.0,0.75,4999.98625,8,0.0,2165.416330724137,39999.89,693.00357975,0.0,moderate,inconsistent,True,high_leverage
0x8170715b3b381dffb7062c0298972d4727a0a63b,2025-04-01,4004.50286,Fear,34.0,0.9230769230769231,9495.466153846153,13,0.0,4220.060385387344,123441.06,308.03868153846156,0.23076923076923078,moderate,inconsistent,True,high_leverage
0x8170715b3b381dffb7062c0298972d4727a0a63b,2025-04-02,8045.056928,Fear,44.0,1.0,2142.8557142857144,7,0.0,0.004246869968841152,14999.990000000002,1149.2938468571429,0.0,moderate,inconsistent,True,low_leverage
0x8170715b3b381dffb7062c0298972d4727a0a63b,2025-04-03,0.0,Fear,25.0,0.0,5629.0912941176475,85,2.1481481481481484,1806.0690310403174,478472.76,0.0,0.09411764705882353,moderate,inconsistent,False,high_leverage
0x8170715b3b381dffb7062c0298972d4727a0a63b,2025-04-04,4805.345609999999,Fear,28.0,0.10294117647058823,932.0805882352942,68,0.21428571428571427,0.1368386274567804,63381.48,70.66684720588235,0.07352941176470588,moderate,inconsistent,True,low_leverage
0x8170715b3b381dffb7062c0298972d4727a0a63b,2025-04-06,17621.701092,Fear,34.0,0.5714285714285714,13571.328571428572,14,0.0,1731.0662931826066,189998.6,1258.692935142857,0.0,moderate,inconsistent,True,high_leverage
0x8170715b3b381dffb7062c0298972d4727a0a63b,2025-04-07,0.0,Extreme Fear,23.0,0.0,2744.2062745098037,51,0.0,12.856002887387191,139954.52,0.0,0.29411764705882354,moderate,inconsistent,False,low_leverage
0x8170715b3b381dffb7062c0298972d4727a0a63b,2025-04-08,0.0,Extreme Fear,24.0,0.0,18749.877500000002,8,0.0,2326.868174397259,149999.02000000002,0.0,0.0,moderate,inconsistent,False,high_leverage
0x8170715b3b381dffb7062c0298972d4727a0a63b,2025-04-09,-4058.8889249999997,Extreme Fear,18.0,0.3333333333333333,8168.482037037037,54,0.10204081632653061,686.7366970850219,441098.03,-75.16460972222222,0.05555555555555555,moderate,inconsistent,False,high_leverage
0x8170715b3b381dffb7062c0298972d4727a0a63b,2025-04-10,4596.960442,Fear,39.0,0.4943820224719101,3151.4488764044945,89,0.0,251.36050014396665,280478.95,51.65124092134831,0.24719101123595505,moderate,inconsistent,True,medium_leverage
0x8170715b3b381dffb7062c0298972d4727a0a63b,2025-04-11,-9584.869233000001,Fear,25.0,0.0,2846.985294117647,238,0.0,495.8002927950262,677582.5,-40.272559802521016,0.029411764705882353,moderate,inconsistent,False,high_leverage
0x8170715b3b381dffb7062c0298972d4727a0a63b,2025-04-12,0.0,Fear,43.0,0.0,2727.2445454545455,22,0.0,0.015040332563409286,59999.380000000005,0.0,0.0,moderate,inconsistent,False,low_leverage
0x8170715b3b381dffb7062c0298972d4727a0a63b,2025-04-13,0.0,Neutral,45.0,0.0,2222.144444444444,18,0.0,0.061023943544627146,39998.6,0.0,0.0,moderate,inconsistent,False,low_leverage
0x8170715b3b381dffb7062c0298972d4727a0a63b,2025-04-15,3204.26268,Fear,38.0,1.0,2727.2429870129868,77,0.0,0.10725542664603434,209997.71,41.613801038961036,0.0,moderate,inconsistent,True,low_leverage
0x8170715b3b381dffb7062c0298972d4727a0a63b,2025-04-16,912.29492,Fear,29.0,0.02564102564102564,3846.1415384615384,39,0.02631578947368421,0.06001954369678061,149999.52,23.392177435897437,0.0,moderate,inconsistent,True,low_leverage
0x8170715b3b381dffb7062c0298972d4727a0a63b,2025-04-17,0.0,Fear,30.0,0.0,1979.1661458333335,96,0.0,0.0010836607858223056,189999.95,0.0,0.0,moderate,inconsistent,False,low_leverage
0x8170715b3b381dffb7062c0298972d4727a0a63b,2025-04-18,0.0,Fear,33.0,0.0,3541.02152173913,46,0.0,0.2091231266200074,162886.99,0.0,0.0,moderate,inconsistent,False,low_leverage
0x8170715b3b381dffb7062c0298972d4727a0a63b,2025-04-19,0.0,Fear,32.0,0.0,3511.545208333333,96,0.0,0.07412494145328484,337108.33999999997,0.0,0.0,moderate,inconsistent,False,low_leverage
0x8170715b3b381dffb7062c0298972d4727a0a63b,2025-04-21,0.0,Fear,39.0,0.0,2652.518888888889,18,0.0,0.03575083587153144,47745.34,0.0,0.0,moderate,inconsistent,False,low_leverage
0x8170715b3b381dffb7062c0298972d4727a0a63b,2025-04-22,0.0,Neutral,47.0,0.0,3515.344081632653,49,0.0,0.030332774746464345,172251.86,0.0,0.0,moderate,inconsistent,False,low_leverage
0x8170715b3b381dffb7062c0298972d4727a0a63b,2025-04-23,-358963.139984,Greed,72.0,0.6827697262479872,2010.350297906602,1242,16.492957746478872,8.12436243334102,2496855.07,-289.0202415330113,0.30434782608695654,moderate,inconsistent,False,low_leverage
0x8170715b3b381dffb7062c0298972d4727a0a63b,2025-04-24,398.646746,Greed,63.0,0.5517241379310345,1319.3956896551724,58,13.5,0.7210017948903358,76524.95,6.87321975862069,0.0,moderate,inconsistent,True,low_leverage
0x8170715b3b381dffb7062c0298972d4727a0a63b,2025-04-25,-1335.115406,Greed,60.0,0.05128205128205128,1526.0666666666666,39,0.625,0.015016762281925326,59516.6,-34.23372835897435,0.28205128205128205,moderate,inconsistent,False,low_leverage
0x8170715b3b381dffb7062c0298972d4727a0a63b,2025-04-26,-3925.864943,Greed,65.0,0.0,2147.34125,16,0.0,0.04520647950784573,34357.46,-245.3665589375,1.0,moderate,inconsistent,False,low_leverage
0x8170715b3b381dffb7062c0298972d4727a0a63b,2025-04-27,-99.444041,Greed,61.0,0.0,768.4525,12,0.0,0.08364876232531819,9221.43,-8.287003416666666,0.0,moderate,inconsistent,False,low_leverage
0x8381e6d82f1affd39a336e143e081ef7620a3b7f,2024-11-29,0.0,Extreme Greed,78.0,0.0,668.3,3,0.0,260.9522151635257,2004.8999999999999,0.0,1.0,infrequent,consistent,False,medium_leverage
0x8381e6d82f1affd39a336e143e081ef7620a3b7f,2024-12-01,0.0,Extreme Greed,81.0,0.0,999.5866666666667,3,0.0,412.7357347257751,2998.76,0.0,1.0,infrequent,consistent,False,medium_leverage
0x8381e6d82f1affd39a336e143e081ef7620a3b7f,2024-12-02,0.0,Extreme Greed,80.0,0.0,340.65333333333336,6,0.0,77.31102582939381,2043.92,0.0,0.8333333333333334,infrequent,consistent,False,medium_leverage
0x8381e6d82f1affd39a336e143e081ef7620a3b7f,2024-12-04,33.26141600000001,Extreme Greed,78.0,0.2,669.609,10,1.0,0.7103385382822168,6696.09,3.326141600000001,1.0,infrequent,consistent,True,low_leverage
0x8381e6d82f1affd39a336e143e081ef7620a3b7f,2024-12-05,0.0,Extreme Greed,84.0,0.0,294.265,2,0.0,0.3571092431270995,588.53,0.0,1.0,infrequent,consistent,False,low_leverage
0x8381e6d82f1affd39a336e143e081ef7620a3b7f,2024-12-06,0.0,Greed,72.0,0.0,292.11,1,0.0,0.3408985612614353,292.11,0.0,0.0,infrequent,consistent,False,low_leverage
0x8381e6d82f1affd39a336e143e081ef7620a3b7f,2024-12-07,0.0,Extreme Greed,75.0,0.0,1021.2966666666667,3,0.0,1.0783623646080034,3063.8900000000003,0.0,0.0,infrequent,consistent,False,low_leverage
0x8381e6d82f1affd39a336e143e081ef7620a3b7f,2024-12-08,-21.54374,Extreme Greed,79.0,0.0,984.758,5,1.5,264.2380131499928,4923.79,-4.308748,1.0,infrequent,consistent,False,medium_leverage
0x8381e6d82f1affd39a336e143e081ef7620a3b7f,2024-12-09,0.0,Extreme Greed,78.0,0.0,440.95,4,0.0,0.3390793678006957,1763.8,0.0,0.5,infrequent,consistent,False,low_leverage
0x8381e6d82f1affd39a336e143e081ef7620a3b7f,2024-12-10,0.0,Extreme Greed,78.0,0.0,587.97,1,0.0,0.4233020506804023,587.97,0.0,0.0,infrequent,consistent,False,low_leverage
0x8381e6d82f1affd39a336e143e081ef7620a3b7f,2024-12-13,0.0,Extreme Greed,76.0,0.0,128.88333333333333,3,0.0,0.08927125751339693,386.65,0.0,1.0,infrequent,consistent,False,low_leverage
0x8381e6d82f1affd39a336e143e081ef7620a3b7f,2024-12-15,0.0,Extreme Greed,80.0,0.0,739.626,5,0.0,0.49135199095341087,3698.13,0.0,0.8,infrequent,consistent,False,low_leverage
0x8381e6d82f1affd39a336e143e081ef7620a3b7f,2024-12-19,0.0,Extreme Greed,75.0,0.0,1399.11,1,0.0,0.27606936602817994,1399.11,0.0,0.0,infrequent,consistent,False,low_leverage
0x8381e6d82f1affd39a336e143e081ef7620a3b7f,2024-12-22,0.0,Greed,73.0,0.0,2815.79,1,0.0,0.5489822566957294,2815.79,0.0,0.0,infrequent,consistent,False,low_leverage
0x8381e6d82f1affd39a336e143e081ef7620a3b7f,2024-12-23,0.0,Greed,70.0,0.0,2855.656666666667,6,0.0,0.5244610382117793,17133.940000000002,0.0,0.0,infrequent,consistent,False,low_leverage
0x8381e6d82f1affd39a336e143e081ef7620a3b7f,2024-12-26,0.0,Extreme Greed,79.0,0.0,1914.0,2,0.0,0.3268513285784269,3828.0,0.0,0.0,infrequent,consistent,False,low_leverage
0x8381e6d82f1affd39a336e143e081ef7620a3b7f,2025-01-01,0.0,Greed,66.0,0.0,200.802,5,0.0,0.028228996290144602,1004.01,0.0,1.0,infrequent,consistent,False,low_leverage
0x8381e6d82f1affd39a336e143e081ef7620a3b7f,2025-01-04,0.0,Greed,73.0,0.0,710.865,2,0.0,539.1559791361329,1421.73,0.0,0.0,infrequent,consistent,False,high_leverage
0x8381e6d82f1affd39a336e143e081ef7620a3b7f,2025-01-05,0.0,Greed,72.0,0.0,456.83,1,0.0,456.83,456.83,0.0,0.0,infrequent,consistent,False,high_leverage
0x8381e6d82f1affd39a336e143e081ef7620a3b7f,2025-01-09,0.0,Greed,69.0,0.0,1509.6399999999999,4,0.0,130.91412406319307,6038.5599999999995,0.0,1.0,infrequent,consistent,False,medium_leverage
0x8381e6d82f1affd39a336e143e081ef7620a3b7f,2025-01-18,0.0,Extreme Greed,77.0,0.0,2950.0099999999998,7,0.0,1705.1361570391841,20650.07,0.0,0.42857142857142855,infrequent,consistent,False,high_leverage
0x8381e6d82f1affd39a336e143e081ef7620a3b7f,2025-01-25,0.0,Extreme Greed,75.0,0.0,3223.1059999999998,25,0.0,74.72675036837677,80577.65,0.0,1.0,infrequent,consistent,False,medium_leverage
0x8381e6d82f1affd39a336e143e081ef7620a3b7f,2025-01-26,38294.693499,Greed,73.0,0.6666666666666666,7578.344634146341,123,0.835820895522388,0.18600495100335,932136.39,311.33897153658535,1.0,infrequent,consistent,True,low_leverage
0x8381e6d82f1affd39a336e143e081ef7620a3b7f,2025-01-27,0.0,Greed,71.0,0.0,4443.99,2,0.0,2737.463440413037,8887.98,0.0,0.0,infrequent,consistent,False,high_leverage
0x8381e6d82f1affd39a336e143e081ef7620a3b7f,2025-02-02,0.0,Greed,60.0,0.0,1943.7873684210526,19,0.0,84.1071490726829,36931.96,0.0,1.0,infrequent,consistent,False,medium_leverage
0x8381e6d82f1affd39a336e143e081ef7620a3b7f,2025-02-03,0.0,Fear,44.0,0.0,2351.285,8,0.0,1.263319373207953,18810.28,0.0,1.0,infrequent,consistent,False,low_leverage
0x8381e6d82f1affd39a336e143e081ef7620a3b7f,2025-02-04,9167.620989,Greed,72.0,0.47115384615384615,58124.15365384616,104,1.1224489795918366,6595.501579821243,6044911.98,88.15020181730769,1.0,infrequent,consistent,True,high_leverage
0x8381e6d82f1affd39a336e143e081ef7620a3b7f,2025-02-05,1843.301845,Neutral,54.0,0.3853211009174312,2347.8439143730884,327,1.1096774193548387,43.30773753833806,767744.96,5.6370087003058105,1.0,infrequent,consistent,True,medium_leverage
0x8381e6d82f1affd39a336e143e081ef7620a3b7f,2025-02-06,71.77363,Neutral,49.0,0.23353293413173654,1881.207604790419,167,2.0925925925925926,25.03298065508171,314161.67,0.42978221556886226,1.0,infrequent,consistent,True,medium_leverage
0x8381e6d82f1affd39a336e143e081ef7620a3b7f,2025-02-09,1259.5314,Neutral,46.0,0.22330097087378642,6879.689611650486,103,0.2875,108.28250724833183,708608.03,12.228460194174758,1.0,infrequent,consistent,True,medium_leverage
0x8381e6d82f1affd39a336e143e081ef7620a3b7f,2025-02-10,0.0,Fear,43.0,0.0,1089.435,10,0.0,186.7664950791221,10894.349999999999,0.0,1.0,infrequent,consistent,False,medium_leverage
0x8381e6d82f1affd39a336e143e081ef7620a3b7f,2025-02-11,109.90750199999998,Neutral,47.0,0.3791469194312796,2385.7656398104264,211,1.175257731958763,56.34098259251247,503396.55,0.52088863507109,1.0,infrequent,consistent,True,medium_leverage
0x8381e6d82f1affd39a336e143e081ef7620a3b7f,2025-02-12,2760.439779,Neutral,46.0,0.7037037037037037,12390.793456790123,81,0.42105263157894735,4163.252350979558,1003654.27,34.07950344444444,0.2962962962962963,infrequent,consistent,True,high_leverage
0x8381e6d82f1affd39a336e143e081ef7620a3b7f,2025-02-13,1998.702085,Neutral,50.0,1.0,2039.3888095238096,42,0.0,2.467072397986176,85654.33,47.58814488095238,1.0,infrequent,consistent,True,low_leverage
0x8381e6d82f1affd39a336e143e081ef7620a3b7f,2025-02-14,27.247837999999998,Neutral,48.0,0.275,445.2165,40,2.6363636363636362,76.89309448321838,17808.66,0.68119595,1.0,infrequent,consistent,True,medium_leverage
0x8381e6d82f1affd39a336e143e081ef7620a3b7f,2025-02-16,559.647247,Neutral,54.0,0.425,1368.858375,80,1.3529411764705883,19.803606903908552,109508.67,6.9955905875,1.0,infrequent,consistent,True,medium_leverage
0x8381e6d82f1affd39a336e143e081ef7620a3b7f,2025-02-17,64.346683,Neutral,51.0,0.1619047619047619,1112.2542857142857,105,5.176470588235294,15.067700951623701,116786.7,0.6128255523809524,1.0,infrequent,consistent,True,medium_leverage
0x8381e6d82f1affd39a336e143e081ef7620a3b7f,2025-02-18,3981.044269,Neutral,47.0,0.15254237288135594,1466.1342937853108,177,5.555555555555555,34.36396480773198,259505.77,22.491775531073447,0.9096045197740112,infrequent,consistent,True,medium_leverage
0x8381e6d82f1affd39a336e143e081ef7620a3b7f,2025-02-21,8995.13393,Greed,55.0,1.0,15859.55,8,0.0,3.417858970311062,126876.4,1124.39174125,0.0,infrequent,consistent,True,low_leverage
0x8381e6d82f1affd39a336e143e081ef7620a3b7f,2025-02-23,0.0,Neutral,50.0,0.0,472.709,40,0.0,13.792513561103652,18908.36,0.0,1.0,infrequent,consistent,False,low_leverage
0x8381e6d82f1affd39a336e143e081ef7620a3b7f,2025-02-24,0.0,Neutral,49.0,0.0,1894.8688636363636,44,0.0,0.923975365667035,83374.23,0.0,1.0,infrequent,consistent,False,low_leverage
0x8381e6d82f1affd39a336e143e081ef7620a3b7f,2025-02-25,0.0,Fear,25.0,0.0,3685.7825,4,0.0,0.7633727756599727,14743.13,0.0,1.0,infrequent,consistent,False,low_leverage
0x8381e6d82f1affd39a336e143e081ef7620a3b7f,2025-03-26,0.0,Neutral,47.0,0.0,1134.46,1,0.0,0.20991965176094676,1134.46,0.0,0.0,infrequent,consistent,False,low_leverage
0x8381e6d82f1affd39a336e143e081ef7620a3b7f,2025-04-07,-4968.487948,Extreme Fear,23.0,0.0,7609.877692307693,26,1.1666666666666667,697.0014409214281,197856.82,-191.0956903076923,1.0,infrequent,consistent,False,high_leverage
0x8381e6d82f1affd39a336e143e081ef7620a3b7f,2025-04-08,142.99159,Extreme Fear,24.0,0.43478260869565216,3984.7504347826084,23,0.7692307692307693,78.46648950563049,91649.26,6.217025652173914,1.0,infrequent,consistent,True,medium_leverage
0x8381e6d82f1affd39a336e143e081ef7620a3b7f,2025-04-11,0.0,Fear,25.0,0.0,6864.066666666667,3,0.0,2270.148492373073,20592.2,0.0,1.0,infrequent,consistent,False,high_leverage
0x8381e6d82f1affd39a336e143e081ef7620a3b7f,2025-04-12,202.27562,Fear,43.0,1.0,2599.29625,8,0.0,4.377578771851569,20794.37,25.2844525,1.0,infrequent,consistent,True,low_leverage
0x8381e6d82f1affd39a336e143e081ef7620a3b7f,2025-04-19,56.13971,Fear,32.0,0.5,665.6886363636363,22,1.0,51.92165741908618,14645.15,2.551805,1.0,infrequent,consistent,True,medium_leverage
0x8381e6d82f1affd39a336e143e081ef7620a3b7f,2025-04-22,284.16768,Neutral,47.0,0.5,66188.125,2,1.0,52083.20608981506,132376.25,142.08384,1.0,infrequent,consistent,True,high_leverage
0x8381e6d82f1affd39a336e143e081ef7620a3b7f,2025-04-23,0.0,Greed,72.0,0.0,17801.63,4,0.0,3917.148217646073,71206.52,0.0,1.0,infrequent,consistent,False,high_leverage
0x8381e6d82f1affd39a336e143e081ef7620a3b7f,2025-04-26,505.40523,Greed,65.0,0.3333333333333333,23903.97666666667,3,0.0,862.5259551829153,71711.93000000001,168.46841,0.6666666666666666,infrequent,consistent,True,high_leverage
0x8381e6d82f1affd39a336e143e081ef7620a3b7f,2025-04-27,33.061386999999996,Greed,61.0,0.15384615384615385,1032.253846153846,13,5.5,34.22614080213018,13419.3,2.5431836153846152,0.8461538461538461,infrequent,consistent,True,medium_leverage
0x8381e6d82f1affd39a336e143e081ef7620a3b7f,2025-04-28,0.0,Neutral,54.0,0.0,799.756,10,0.0,308.95853221619984,7997.5599999999995,0.0,1.0,infrequent,consistent,False,medium_leverage
0x8381e6d82f1affd39a336e143e081ef7620a3b7f,2025-04-29,112.996265,Greed,60.0,1.0,8110.65,1,0.0,18.238731719633446,8110.65,112.996265,0.0,infrequent,consistent,True,medium_leverage
0x8477e447846c758f5a675856001ea72298fd9cb5,2024-05-23,413.347329,Extreme Greed,76.0,0.47540983606557374,1074.7592786885245,305,1.5630252100840336,130.884522312078,327801.58,1.355237144262295,0.6655737704918033,frequent,consistent,True,medium_leverage
0x8477e447846c758f5a675856001ea72298fd9cb5,2024-05-25,14.126038999999999,Extreme Greed,76.0,0.35714285714285715,355.9985714285714,14,0.5555555555555556,13.52732313165198,4983.98,1.0090027857142856,0.8571428571428571,frequent,consistent,True,low_leverage
0x8477e447846c758f5a675856001ea72298fd9cb5,2024-05-26,5.2257,Extreme Greed,75.0,0.2857142857142857,459.03142857142853,7,0.4,127.54970548862856,3213.22,0.7465285714285714,0.8571428571428571,frequent,consistent,True,medium_leverage
0x8477e447846c758f5a675856001ea72298fd9cb5,2024-05-27,1129.35587,Greed,74.0,0.35856573705179284,602.0546613545816,251,0.5886075949367089,13.92534763750683,151115.72,4.499425776892431,0.8326693227091634,frequent,consistent,True,low_leverage
0x8477e447846c758f5a675856001ea72298fd9cb5,2024-05-29,277.791953,Greed,72.0,0.4276729559748428,337.7447798742138,159,0.6391752577319587,75.25221885159037,53701.42,1.7471192012578616,0.8427672955974843,frequent,consistent,True,medium_leverage
0x8477e447846c758f5a675856001ea72298fd9cb5,2024-05-30,20.951433,Greed,73.0,0.7142857142857143,405.4414285714286,7,2.5,256.0314515767156,2838.09,2.9930618571428576,1.0,frequent,consistent,True,medium_leverage
0x8477e447846c758f5a675856001ea72298fd9cb5,2024-05-31,25.35812,Greed,73.0,0.3076923076923077,279.70307692307694,13,0.4444444444444444,70.76919392409569,3636.14,1.9506246153846154,1.0,frequent,consistent,True,medium_leverage
0x8477e447846c758f5a675856001ea72298fd9cb5,2024-06-01,91.510419,Greed,72.0,0.36,513.3848,25,0.5625,50.488335915876675,12834.62,3.66041676,1.0,frequent,consistent,True,medium_leverage
0x8477e447846c758f5a675856001ea72298fd9cb5,2024-06-02,192.906947,Greed,73.0,0.3655913978494624,316.822688172043,93,0.576271186440678,22.783669009261665,29464.51,2.074268247311828,0.46236559139784944,frequent,consistent,True,medium_leverage
0x8477e447846c758f5a675856001ea72298fd9cb5,2024-06-03,562.808208,Greed,73.0,0.6285714285714286,306.66942857142857,70,1.6923076923076923,8.0441570875864,21466.86,8.040117257142859,0.38571428571428573,frequent,consistent,True,low_leverage
0x8477e447846c758f5a675856001ea72298fd9cb5,2024-06-04,52.211438,Greed,73.0,0.4716981132075472,457.42283018867926,53,0.8928571428571429,135.1017690258417,24243.41,0.9851214716981133,0.6981132075471698,frequent,consistent,True,medium_leverage
0x8477e447846c758f5a675856001ea72298fd9cb5,2024-06-05,56.055506,Extreme Greed,75.0,0.2962962962962963,469.4587037037037,54,0.4594594594594595,45.797419221269834,25350.77,1.038064925925926,0.6111111111111112,frequent,consistent,True,medium_leverage
0x8477e447846c758f5a675856001ea72298fd9cb5,2024-06-06,274.173187,Extreme Greed,78.0,0.42735042735042733,587.8536752136753,234,0.7727272727272727,42.018471317387466,137557.76,1.1716802863247862,0.7222222222222222,frequent,consistent,True,medium_leverage
0x8477e447846c758f5a675856001ea72298fd9cb5,2024-06-07,1573.244278,Extreme Greed,77.0,0.39037433155080214,832.9677272727273,374,0.5203252032520326,105.89660812280567,311529.93,4.2065355026737965,0.8315508021390374,frequent,consistent,True,medium_leverage
0x8477e447846c758f5a675856001ea72298fd9cb5,2024-06-08,129.13883900000002,Greed,72.0,0.36363636363636365,2379.510454545454,22,1.75,1184.2015129798954,52349.229999999996,5.869947227272728,1.0,frequent,consistent,True,high_leverage
0x8477e447846c758f5a675856001ea72298fd9cb5,2024-06-10,31.266804999999998,Greed,72.0,0.3673469387755102,460.97204081632657,49,0.5806451612903226,35.67161836491107,22587.63,0.6380980612244898,0.7755102040816326,frequent,consistent,True,medium_leverage
0x8477e447846c758f5a675856001ea72298fd9cb5,2024-06-11,51.081143,Greed,74.0,0.3333333333333333,696.6096296296296,27,2.0,515.4995619047913,18808.46,1.8918941851851852,1.0,frequent,consistent,True,high_leverage
0x8477e447846c758f5a675856001ea72298fd9cb5,2024-06-12,-21886.531493,Greed,72.0,0.0967741935483871,884.2718433179723,217,0.5611510791366906,37.12877662877861,191886.99,-100.85959213364055,0.7096774193548387,frequent,consistent,False,medium_leverage
0x8477e447846c758f5a675856001ea72298fd9cb5,2024-07-17,1859.269477,Greed,69.0,0.43283582089552236,1346.5090746268656,335,0.8611111111111112,15.010365499054815,451080.54,5.550058140298508,0.9283582089552239,frequent,consistent,True,medium_leverage
0x8477e447846c758f5a675856001ea72298fd9cb5,2024-07-18,1233.9043470000001,Greed,61.0,1.0,1049.82,7,0.0,0.19609453612394842,7348.74,176.2720495714286,1.0,frequent,consistent,True,low_leverage
0x8477e447846c758f5a675856001ea72298fd9cb5,2024-07-19,35.79975,Greed,60.0,0.14285714285714285,592.3885714285715,7,0.16666666666666666,288.53396572784294,4146.72,5.11425,1.0,frequent,consistent,True,medium_leverage
0x8477e447846c758f5a675856001ea72298fd9cb5,2024-07-20,2169.508265,Greed,74.0,0.11284046692607004,562.1888715953307,257,0.14222222222222222,17.718509921113874,144482.54,8.44166640077821,0.7976653696498055,frequent,consistent,True,medium_leverage
0x8477e447846c758f5a675856001ea72298fd9cb5,2024-07-21,-2960.716887,Greed,74.0,0.04719101123595506,427.66804494382023,445,1.1291866028708133,9.2947738887172,190312.28,-6.653296375280899,0.5146067415730337,frequent,consistent,False,low_leverage
0x8477e447846c758f5a675856001ea72298fd9cb5,2024-07-22,-756.173134,Greed,70.0,0.06766917293233082,593.273909774436,133,2.325,0.05727178967817744,78905.43,-5.685512285714286,0.3233082706766917,frequent,consistent,False,low_leverage
0x8477e447846c758f5a675856001ea72298fd9cb5,2024-07-23,1805.309858,Greed,71.0,0.7194244604316546,640.1771942446044,139,33.75,4.429182268479218,88984.63,12.987840705035971,0.5899280575539568,frequent,consistent,True,low_leverage
0x8477e447846c758f5a675856001ea72298fd9cb5,2024-07-24,625.561479,Greed,69.0,0.6206896551724138,1215.0548275862068,29,1.6363636363636365,0.8355535360793638,35236.59,21.57108548275862,0.9310344827586207,frequent,consistent,True,low_leverage
0x8477e447846c758f5a675856001ea72298fd9cb5,2024-07-26,341.250124,Greed,68.0,0.2882882882882883,1316.2212612612611,111,0.4050632911392405,9.165517160957739,146100.56,3.0743254414414416,0.9459459459459459,frequent,consistent,True,low_leverage
0x8477e447846c758f5a675856001ea72298fd9cb5,2024-07-27,0.0,Greed,72.0,0.0,888.552,5,0.0,0.33864042268874517,4442.76,0.0,1.0,frequent,consistent,False,low_leverage
0x8477e447846c758f5a675856001ea72298fd9cb5,2024-07-28,587.29903,Greed,71.0,0.9230769230769231,865.7684615384616,13,12.0,192.80832211752292,11254.99,45.17684846153846,1.0,frequent,consistent,True,medium_leverage
0x8477e447846c758f5a675856001ea72298fd9cb5,2024-07-29,217.857529,Greed,74.0,0.3333333333333333,1797.1860000000001,15,0.5,944.7062980232781,26957.79,14.523835266666667,1.0,frequent,consistent,True,high_leverage
0x8477e447846c758f5a675856001ea72298fd9cb5,2024-07-31,765.690884,Greed,61.0,0.35,1112.535,40,0.5384615384615384,221.00933459631796,44501.4,19.1422721,1.0,frequent,consistent,True,medium_leverage
0x8477e447846c758f5a675856001ea72298fd9cb5,2024-08-01,167.080017,Neutral,52.0,0.11764705882352941,1432.7749999999999,34,2.7777777777777777,798.7952917392311,48714.35,4.914118147058823,1.0,frequent,consistent,True,high_leverage
0x8477e447846c758f5a675856001ea72298fd9cb5,2024-08-02,228.247701,Greed,57.0,0.8,1984.4720000000002,15,0.0,1521.748667156166,29767.08,15.2165134,1.0,frequent,consistent,True,high_leverage
0x8477e447846c758f5a675856001ea72298fd9cb5,2024-08-03,464.1897,Fear,37.0,1.0,4534.09,1,0.0,142.8059842519685,4534.09,464.1897,1.0,frequent,consistent,True,medium_leverage
0x8477e447846c758f5a675856001ea72298fd9cb5,2024-08-04,109.005815,Fear,34.0,0.17647058823529413,2129.0517647058823,17,4.666666666666667,1776.2377863599659,36193.88,6.412106764705882,1.0,frequent,consistent,True,high_leverage
0x8477e447846c758f5a675856001ea72298fd9cb5,2024-08-05,160.44369899999998,Fear,26.0,0.4117647058823529,2357.7947058823524,17,1.4285714285714286,1959.2601746960665,40082.509999999995,9.437864647058822,1.0,frequent,consistent,True,high_leverage
0x8477e447846c758f5a675856001ea72298fd9cb5,2024-08-09,151.092375,Neutral,48.0,0.2463768115942029,635.3107246376812,69,0.35294117647058826,47.89998679700369,43836.44,2.1897445652173912,1.0,frequent,consistent,True,medium_leverage
0x8477e447846c758f5a675856001ea72298fd9cb5,2024-08-20,0.0,Fear,30.0,0.0,1874.2325,4,0.0,1388.935282712723,7496.93,0.0,1.0,frequent,consistent,False,high_leverage
0x8477e447846c758f5a675856001ea72298fd9cb5,2024-08-21,656.200925,Fear,26.0,0.3776223776223776,720.2106993006994,143,0.6067415730337079,31.322944793340397,102990.13,4.588817657342657,1.0,frequent,consistent,True,medium_leverage
0x8477e447846c758f5a675856001ea72298fd9cb5,2024-08-31,10.882801,Fear,29.0,0.5,312.76375,24,0.4117647058823529,202.72911062071202,7506.33,0.4534500416666667,1.0,frequent,consistent,True,medium_leverage
0x8477e447846c758f5a675856001ea72298fd9cb5,2024-09-01,137.433093,Fear,26.0,0.4166666666666667,1029.9733333333334,12,1.4,143.69005361193078,12359.68,11.452757750000002,1.0,frequent,consistent,True,medium_leverage
0x8477e447846c758f5a675856001ea72298fd9cb5,2024-10-20,160.095271,Greed,73.0,0.06666666666666667,624.6905555555555,90,0.07142857142857142,58.443463625183924,56222.15,1.7788363444444444,0.8111111111111111,frequent,consistent,True,medium_leverage
0x8477e447846c758f5a675856001ea72298fd9cb5,2024-10-21,2464.915564,Greed,72.0,0.41975308641975306,1074.6531481481481,162,0.723404255319149,18.631187128929156,174093.81,15.215528172839505,0.9320987654320988,frequent,consistent,True,medium_leverage
0x8477e447846c758f5a675856001ea72298fd9cb5,2024-10-29,801.170876,Greed,72.0,0.1875,668.305625,16,0.23076923076923078,417.5002572202684,10692.89,50.07317975,1.0,frequent,consistent,True,medium_leverage
0x8477e447846c758f5a675856001ea72298fd9cb5,2024-10-30,9.150023,Extreme Greed,77.0,0.28,473.23400000000004,25,0.47058823529411764,55.10694073474954,11830.85,0.36600091999999995,0.84,frequent,consistent,True,medium_leverage
0x8477e447846c758f5a675856001ea72298fd9cb5,2024-10-31,451.122034,Extreme Greed,77.0,1.0,1143.8036363636363,11,0.0,259.881143195677,12581.84,41.011094,0.45454545454545453,frequent,consistent,True,medium_leverage
0x8477e447846c758f5a675856001ea72298fd9cb5,2024-11-09,102.90894,Extreme Greed,75.0,0.24675324675324675,563.4285714285714,77,1.3333333333333333,58.58063932170959,43384.0,1.3364797402597404,0.6753246753246753,frequent,consistent,True,medium_leverage
0x8477e447846c758f5a675856001ea72298fd9cb5,2024-11-10,442.748384,Extreme Greed,78.0,0.27439024390243905,1361.297987804878,164,0.37815126050420167,438.4518770594003,223252.87,2.699685268292683,1.0,frequent,consistent,True,high_leverage
0x8477e447846c758f5a675856001ea72298fd9cb5,2024-11-11,4876.874304,Extreme Greed,76.0,0.45930232558139533,1907.2104069767443,172,0.9325842696629213,292.6883623393559,328040.19,28.35392037209302,0.9767441860465116,frequent,consistent,True,medium_leverage
0x8477e447846c758f5a675856001ea72298fd9cb5,2024-11-12,1441.27965,Extreme Greed,80.0,0.24175824175824176,1631.5342857142857,91,0.4918032786885246,360.7871140834915,148469.62,15.838237912087912,1.0,frequent,consistent,True,medium_leverage
0x8477e447846c758f5a675856001ea72298fd9cb5,2024-11-13,48.000187,Extreme Greed,84.0,0.5,1653.81,4,1.0,1159.3987830250737,6615.24,12.00004675,1.0,frequent,consistent,True,high_leverage
0x8477e447846c758f5a675856001ea72298fd9cb5,2024-11-15,0.0,Extreme Greed,80.0,0.0,555.8050000000001,2,0.0,420.52652992350386,1111.6100000000001,0.0,1.0,frequent,consistent,False,medium_leverage
0x8477e447846c758f5a675856001ea72298fd9cb5,2024-11-16,870.746565,Extreme Greed,86.0,0.4,674.5303333333334,30,0.6666666666666666,0.11867645910297693,20235.91,29.0248855,1.0,frequent,consistent,True,low_leverage
0x8477e447846c758f5a675856001ea72298fd9cb5,2024-11-17,175.061007,Extreme Greed,90.0,0.35,979.567,20,1.0,431.65531724819965,19591.34,8.753050349999999,1.0,frequent,consistent,True,high_leverage
0x8477e447846c758f5a675856001ea72298fd9cb5,2024-11-18,431.960709,Extreme Greed,83.0,0.34177215189873417,968.6977215189872,79,0.5192307692307693,325.51140524968497,76527.12,5.467857075949367,1.0,frequent,consistent,True,medium_leverage
0x8477e447846c758f5a675856001ea72298fd9cb5,2024-11-19,906.2475900000001,Extreme Greed,90.0,0.4642857142857143,1511.193392857143,56,1.0,282.4347269160631,84626.83,16.18299267857143,0.6428571428571429,frequent,consistent,True,medium_leverage
0x8477e447846c758f5a675856001ea72298fd9cb5,2024-11-20,447.920315,Extreme Greed,83.0,0.4375,2027.2915625,32,0.7777777777777778,1166.0722509336733,64873.33,13.99750984375,1.0,frequent,consistent,True,high_leverage
0x8477e447846c758f5a675856001ea72298fd9cb5,2024-11-21,0.0,Extreme Greed,82.0,0.0,1398.0726315789473,57,0.0,523.8885217383968,79690.14,0.0,0.8947368421052632,frequent,consistent,False,high_leverage
0x8477e447846c758f5a675856001ea72298fd9cb5,2024-11-22,365.437929,Extreme Greed,94.0,0.3795620437956204,2588.8760583941607,137,0.7792207792207793,776.9293834797079,354676.02,2.6674301386861314,0.8175182481751825,frequent,consistent,True,high_leverage
0x8477e447846c758f5a675856001ea72298fd9cb5,2024-11-23,1439.449718,Extreme Greed,93.0,0.3036649214659686,2003.0396858638744,191,0.5158730158730159,177.75883557523352,382580.58,7.536385958115184,0.9424083769633508,frequent,consistent,True,medium_leverage
0x8477e447846c758f5a675856001ea72298fd9cb5,2024-11-24,391.890903,Extreme Greed,80.0,0.17142857142857143,1866.554,70,0.42857142857142855,179.74617061988798,130658.78,5.598441471428571,0.9428571428571428,frequent,consistent,True,medium_leverage
0x8477e447846c758f5a675856001ea72298fd9cb5,2024-11-28,0.0,Extreme Greed,77.0,0.0,416.6333333333334,6,0.0,84.35364841690374,2499.8,0.0,1.0,frequent,consistent,False,medium_leverage
0x8477e447846c758f5a675856001ea72298fd9cb5,2024-11-29,22697.489906,Extreme Greed,78.0,0.5873015873015873,695.2509523809523,63,0.16666666666666666,82.0011508381514,43800.81,360.27761755555554,1.0,frequent,consistent,True,medium_leverage
0x8477e447846c758f5a675856001ea72298fd9cb5,2024-11-30,40.699929,Extreme Greed,84.0,0.06578947368421052,636.261447368421,76,0.07042253521126761,12.133229571807002,48355.87,0.5355253815789474,1.0,frequent,consistent,True,low_leverage
0x8477e447846c758f5a675856001ea72298fd9cb5,2024-12-01,1169.432253,Extreme Greed,81.0,0.44715447154471544,893.489918699187,123,0.8088235294117647,30.98565165783354,109899.26,9.507579292682927,1.0,frequent,consistent,True,medium_leverage
0x8477e447846c758f5a675856001ea72298fd9cb5,2024-12-02,254.15562,Extreme Greed,80.0,0.125,1667.92875,8,0.14285714285714285,122.49767763701611,13343.43,31.7694525,1.0,frequent,consistent,True,medium_leverage
0x8477e447846c758f5a675856001ea72298fd9cb5,2024-12-03,-158.695661,Extreme Greed,76.0,0.0,2708.735,6,2.0,332.45429255590034,16252.410000000002,-26.449276833333332,1.0,frequent,consistent,False,medium_leverage
0x8477e447846c758f5a675856001ea72298fd9cb5,2025-01-02,45.086985,Greed,70.0,0.12987012987012986,332.6585714285714,77,0.16666666666666666,190.8135831327596,25614.71,0.5855452597402597,0.987012987012987,frequent,consistent,True,medium_leverage
0x8477e447846c758f5a675856001ea72298fd9cb5,2025-01-03,909.1721379999999,Greed,74.0,0.1807909604519774,251.76581920903956,177,0.2642857142857143,57.72780966784938,44562.55,5.136565751412429,0.9887005649717514,frequent,consistent,True,medium_leverage
0x8477e447846c758f5a675856001ea72298fd9cb5,2025-01-04,30.818079,Greed,73.0,0.0392156862745098,182.9343137254902,51,0.04081632653061224,29.350653455770882,9329.65,0.6042760588235294,1.0,frequent,consistent,True,medium_leverage
0x8477e447846c758f5a675856001ea72298fd9cb5,2025-01-05,151.429584,Greed,72.0,0.17647058823529413,209.45666666666668,51,0.21428571428571427,1.2040143985152336,10682.29,2.969207529411765,0.47058823529411764,frequent,consistent,True,low_leverage
0x8477e447846c758f5a675856001ea72298fd9cb5,2025-01-06,272.131501,Extreme Greed,76.0,0.03007518796992481,246.8388345864662,266,0.11764705882352941,25.444100844381275,65659.13,1.0230507556390978,0.6353383458646616,frequent,consistent,True,medium_leverage
0x8477e447846c758f5a675856001ea72298fd9cb5,2025-01-07,4334.417218,Extreme Greed,78.0,0.7252252252252253,618.5525225225225,222,5.166666666666667,154.0219808610382,137318.66,19.52440188288288,0.7927927927927928,frequent,consistent,True,medium_leverage
0x8477e447846c758f5a675856001ea72298fd9cb5,2025-01-08,1303.127763,Greed,70.0,0.3282051282051282,410.6838717948718,390,1.4528301886792452,156.44674569241226,160166.71,3.3413532384615383,0.9923076923076923,frequent,consistent,True,medium_leverage
0x8477e447846c758f5a675856001ea72298fd9cb5,2025-01-09,123.72129899999999,Greed,69.0,0.0945945945945946,448.987027027027,222,0.26136363636363635,152.61395550363557,99675.12,0.5573031486486486,0.954954954954955,frequent,consistent,True,medium_leverage
0x8477e447846c758f5a675856001ea72298fd9cb5,2025-01-10,1189.078864,Neutral,50.0,0.468503937007874,476.30413385826773,254,2.3421052631578947,135.73497069116073,120981.25,4.681412850393701,1.0,frequent,consistent,True,medium_leverage
0x8477e447846c758f5a675856001ea72298fd9cb5,2025-01-11,417.647169,Greed,69.0,0.2073170731707317,435.32475609756096,82,0.9069767441860465,37.63023755872015,35696.63,5.093258158536585,1.0,frequent,consistent,True,medium_leverage
0x8477e447846c758f5a675856001ea72298fd9cb5,2025-01-12,0.0,Greed,62.0,0.0,332.6786666666667,15,0.0,15.239861730600472,4990.18,0.0,1.0,frequent,consistent,False,medium_leverage
0x8477e447846c758f5a675856001ea72298fd9cb5,2025-01-13,2060.162946,Greed,61.0,0.4482758620689655,827.8527586206897,58,2.411764705882353,337.8710201110851,48015.46,35.520050793103444,1.0,frequent,consistent,True,medium_leverage
0x8477e447846c758f5a675856001ea72298fd9cb5,2025-01-14,82.032118,Greed,63.0,0.23076923076923078,565.48,13,0.3,290.39572663491674,7351.24,6.3101629230769225,1.0,frequent,consistent,True,medium_leverage
0x8477e447846c758f5a675856001ea72298fd9cb5,2025-01-15,240.93138,Greed,70.0,0.4375,456.34046875,64,0.8823529411764706,17.016329582862777,29205.79,3.7645528125,0.9375,frequent,consistent,True,medium_leverage
0x8477e447846c758f5a675856001ea72298fd9cb5,2025-01-16,218.26223099999999,Extreme Greed,75.0,0.17647058823529413,471.515,34,0.4782608695652174,161.34326651216432,16031.51,6.419477382352941,1.0,frequent,consistent,True,medium_leverage
0x8477e447846c758f5a675856001ea72298fd9cb5,2025-01-17,43.69239,Extreme Greed,75.0,0.07692307692307693,423.4723076923077,13,0.08333333333333333,195.0125519077342,5505.14,3.360953076923077,1.0,frequent,consistent,True,medium_leverage
0x8477e447846c758f5a675856001ea72298fd9cb5,2025-01-18,1055.8044439999999,Extreme Greed,77.0,0.5,565.99425,40,1.2222222222222223,103.8154543296555,22639.77,26.395111099999998,1.0,frequent,consistent,True,medium_leverage
0x8477e447846c758f5a675856001ea72298fd9cb5,2025-01-19,0.0,Extreme Greed,77.0,0.0,508.26307692307694,13,0.0,302.6506396270913,6607.42,0.0,1.0,frequent,consistent,False,medium_leverage
0x8477e447846c758f5a675856001ea72298fd9cb5,2025-01-20,1876.265511,Extreme Greed,76.0,0.4318181818181818,674.2861363636364,44,0.9130434782608695,258.08598135600704,29668.59,42.64239797727273,1.0,frequent,consistent,True,medium_leverage
0x8477e447846c758f5a675856001ea72298fd9cb5,2025-01-21,201.672306,Extreme Greed,76.0,0.16990291262135923,288.69718446601945,206,0.21893491124260356,34.67610973120353,59471.62,0.978991776699029,1.0,frequent,consistent,True,medium_leverage
0x8477e447846c758f5a675856001ea72298fd9cb5,2025-01-22,261.367634,Extreme Greed,84.0,0.08843537414965986,590.73,147,0.2457627118644068,39.36571859920265,86837.31,1.7780111156462586,1.0,frequent,consistent,True,medium_leverage
0x8477e447846c758f5a675856001ea72298fd9cb5,2025-01-23,7503.093009,Extreme Greed,75.0,0.4690909090909091,646.8723272727273,275,1.2357723577235773,29.14457736103421,177889.88999999998,27.28397457818182,0.9636363636363636,frequent,consistent,True,medium_leverage
0x8477e447846c758f5a675856001ea72298fd9cb5,2025-01-24,288.144978,Extreme Greed,75.0,0.03278688524590164,349.93508196721314,61,0.03389830508474576,72.88453286387586,21346.04,4.723688163934426,1.0,frequent,consistent,True,medium_leverage
0x8477e447846c758f5a675856001ea72298fd9cb5,2025-01-25,1125.196124,Extreme Greed,75.0,0.22522522522522523,498.1863963963964,111,0.29069767441860467,23.735828914132526,55298.69,10.136902018018018,1.0,frequent,consistent,True,medium_leverage
0x8477e447846c758f5a675856001ea72298fd9cb5,2025-01-26,444.464792,Greed,73.0,0.21875,815.5705208333334,96,0.43283582089552236,23.614550843420943,78294.77,4.6298415833333335,1.0,frequent,consistent,True,medium_leverage
0x8477e447846c758f5a675856001ea72298fd9cb5,2025-01-27,4321.583225,Greed,71.0,0.5806451612903226,1396.8890322580644,31,3.4285714285714284,116.47201135010552,43303.56,139.40591048387097,1.0,frequent,consistent,True,medium_leverage
0x8477e447846c758f5a675856001ea72298fd9cb5,2025-01-29,0.0,Greed,72.0,0.0,452.09615384615387,13,0.18181818181818182,386.38192028470195,5877.25,0.0,1.0,frequent,consistent,False,medium_leverage
0x8477e447846c758f5a675856001ea72298fd9cb5,2025-01-30,0.0,Greed,70.0,0.0,307.96333333333337,9,0.0,111.2163977513323,2771.67,0.0,1.0,frequent,consistent,False,medium_leverage
0x8477e447846c758f5a675856001ea72298fd9cb5,2025-01-31,151.311363,Extreme Greed,76.0,0.24242424242424243,527.1548484848485,66,0.29411764705882354,19.750758318476034,34792.22,2.2925964090909092,1.0,frequent,consistent,True,medium_leverage
0x8477e447846c758f5a675856001ea72298fd9cb5,2025-02-01,1579.909758,Greed,68.0,0.48333333333333334,615.154,60,1.3076923076923077,88.0995120655256,36909.24,26.3318293,1.0,frequent,consistent,True,medium_leverage
0x8477e447846c758f5a675856001ea72298fd9cb5,2025-02-02,1023.934713,Greed,60.0,0.25,1069.4091666666668,60,29.0,647.2147921353983,64164.55,17.06557855,1.0,frequent,consistent,True,high_leverage
0x8477e447846c758f5a675856001ea72298fd9cb5,2025-02-03,1474.607584,Fear,44.0,0.4855072463768116,1645.3448550724638,138,1.0597014925373134,562.4778870223969,227057.59,10.685562202898552,1.0,frequent,consistent,True,high_leverage
0x8477e447846c758f5a675856001ea72298fd9cb5,2025-02-04,0.0,Greed,72.0,0.0,462.50499999999994,6,0.0,184.99466942817048,2775.0299999999997,0.0,1.0,frequent,consistent,False,medium_leverage
0x8477e447846c758f5a675856001ea72298fd9cb5,2025-02-05,554.257954,Neutral,54.0,0.6,554.9604999999999,20,1.5,27.79540019357297,11099.21,27.712897700000003,1.0,frequent,consistent,True,medium_leverage
0x8477e447846c758f5a675856001ea72298fd9cb5,2025-02-07,0.0,Fear,44.0,0.0,277.15333333333336,6,0.0,277.15333333333336,1662.92,0.0,1.0,frequent,consistent,False,medium_leverage
0x8477e447846c758f5a675856001ea72298fd9cb5,2025-02-08,131.753274,Fear,44.0,0.875,329.95875,8,7.0,70.47699245484779,2639.67,16.46915925,1.0,frequent,consistent,True,medium_leverage
0x8477e447846c758f5a675856001ea72298fd9cb5,2025-02-09,312.034872,Neutral,46.0,0.3076923076923077,322.47153846153844,65,0.5476190476190477,79.74741718830231,20960.649999999998,4.8005364923076925,1.0,frequent,consistent,True,medium_leverage
0x8477e447846c758f5a675856001ea72298fd9cb5,2025-02-10,131.17446,Fear,43.0,0.15217391304347827,585.3667391304348,46,0.5862068965517241,241.05585024981886,26926.87,2.8516186956521743,1.0,frequent,consistent,True,medium_leverage
0x8477e447846c758f5a675856001ea72298fd9cb5,2025-02-11,56.537437,Neutral,47.0,0.2631578947368421,569.5515789473684,19,0.35714285714285715,29.399002561673885,10821.48,2.9756545789473683,1.0,frequent,consistent,True,medium_leverage
0x8477e447846c758f5a675856001ea72298fd9cb5,2025-02-12,299.669854,Neutral,46.0,0.7666666666666667,410.9486666666666,30,6.5,5.85402436443637,12328.46,9.988995133333333,1.0,frequent,consistent,True,low_leverage
0x8477e447846c758f5a675856001ea72298fd9cb5,2025-02-13,181.456277,Neutral,50.0,0.44,264.2908,25,0.7857142857142857,89.22045900798531,6607.2699999999995,7.25825108,1.0,frequent,consistent,True,medium_leverage
0x8477e447846c758f5a675856001ea72298fd9cb5,2025-02-14,0.0,Neutral,48.0,0.0,254.971,10,0.0,99.9209556983754,2549.71,0.0,1.0,frequent,consistent,False,medium_leverage
0x8477e447846c758f5a675856001ea72298fd9cb5,2025-02-15,49.98382900000001,Neutral,50.0,0.3333333333333333,437.9866666666667,9,0.0,16.57250786609519,3941.88,5.553758777777778,1.0,frequent,consistent,True,medium_leverage
0x8477e447846c758f5a675856001ea72298fd9cb5,2025-02-16,0.0,Neutral,54.0,0.0,555.02,1,0.0,555.02,555.02,0.0,1.0,frequent,consistent,False,high_leverage
0x8477e447846c758f5a675856001ea72298fd9cb5,2025-02-17,0.0,Neutral,51.0,0.0,510.6405,20,0.0,349.62268553789875,10212.81,0.0,1.0,frequent,consistent,False,medium_leverage
0x8477e447846c758f5a675856001ea72298fd9cb5,2025-02-18,950.815596,Neutral,47.0,0.9130434782608695,644.1191304347826,23,10.5,127.76743849327816,14814.74,41.33980852173913,1.0,frequent,consistent,True,medium_leverage
0x8477e447846c758f5a675856001ea72298fd9cb5,2025-02-19,0.0,Fear,44.0,0.0,832.99,9,0.0,41.6968395131214,7496.91,0.0,1.0,frequent,consistent,False,medium_leverage
0x8477e447846c758f5a675856001ea72298fd9cb5,2025-02-22,-80.922744,Neutral,49.0,0.0,343.5022222222222,18,0.058823529411764705,261.07228103702187,6183.04,-4.495708,1.0,frequent,consistent,False,medium_leverage
0x8477e447846c758f5a675856001ea72298fd9cb5,2025-02-23,63.922728,Neutral,50.0,0.041666666666666664,574.5508333333333,24,0.043478260869565216,314.217724504825,13789.22,2.663447,1.0,frequent,consistent,True,medium_leverage
0x8477e447846c758f5a675856001ea72298fd9cb5,2025-02-24,1282.097568,Neutral,49.0,0.6363636363636364,874.9930909090909,55,10.0,62.06874466523389,48124.62,23.310864872727272,1.0,frequent,consistent,True,medium_leverage
0x8477e447846c758f5a675856001ea72298fd9cb5,2025-02-25,0.0,Fear,25.0,0.0,1249.875,4,0.0,1226.659245088761,4999.5,0.0,1.0,frequent,consistent,False,high_leverage
0x8477e447846c758f5a675856001ea72298fd9cb5,2025-02-26,108.13869,Extreme Fear,21.0,0.07142857142857142,642.3542857142858,14,0.0,616.7581865613578,8992.960000000001,7.7241921428571425,1.0,frequent,consistent,True,high_leverage
0x8477e447846c758f5a675856001ea72298fd9cb5,2025-02-27,0.0,Extreme Fear,10.0,0.0,2499.69,1,0.0,2499.69,2499.69,0.0,1.0,frequent,consistent,False,high_leverage
0x8477e447846c758f5a675856001ea72298fd9cb5,2025-02-28,268.367925,Extreme Fear,16.0,0.5263157894736842,1126.7694736842104,19,2.8,872.9521213271255,21408.62,14.124627631578948,1.0,frequent,consistent,True,high_leverage
0x8477e447846c758f5a675856001ea72298fd9cb5,2025-03-03,468.35197800000003,Fear,33.0,0.3382352941176471,575.8669117647058,68,0.8888888888888888,195.30800063170838,39158.95,6.887529088235294,1.0,frequent,consistent,True,medium_leverage
0x8477e447846c758f5a675856001ea72298fd9cb5,2025-03-04,54.2704,Extreme Fear,15.0,0.125,1117.82,8,0.0,962.3379670180673,8942.56,6.7838,1.0,frequent,consistent,True,high_leverage
0x8477e447846c758f5a675856001ea72298fd9cb5,2025-03-05,34.86435,Extreme Fear,20.0,0.11764705882352941,543.1394117647059,34,0.0,484.02469586632435,18466.739999999998,1.0254220588235294,1.0,frequent,consistent,True,high_leverage
0x8477e447846c758f5a675856001ea72298fd9cb5,2025-03-06,0.0,Fear,25.0,0.0,110.53285714285714,7,0.0,4.419415948630262,773.73,0.0,1.0,frequent,consistent,False,low_leverage
0x8477e447846c758f5a675856001ea72298fd9cb5,2025-03-07,9.266712,Fear,34.0,0.5,554.57,2,1.0,260.0713176064442,1109.14,4.633356,1.0,frequent,consistent,True,medium_leverage
0x8477e447846c758f5a675856001ea72298fd9cb5,2025-03-09,969.56792,Fear,27.0,0.9428571428571428,241.43400000000003,35,16.5,5.585469697724768,8450.19,27.70194057142857,1.0,frequent,consistent,True,low_leverage
0x8477e447846c758f5a675856001ea72298fd9cb5,2025-03-10,0.0,Extreme Fear,20.0,0.0,1666.1666666666667,3,0.0,1621.9793650793652,4998.5,0.0,1.0,frequent,consistent,False,high_leverage
0x8477e447846c758f5a675856001ea72298fd9cb5,2025-03-11,94.48255800000001,Extreme Fear,24.0,0.75,1261.5125,8,0.14285714285714285,463.4427461266572,10092.1,11.810319750000001,1.0,frequent,consistent,True,high_leverage
0x8477e447846c758f5a675856001ea72298fd9cb5,2025-03-12,0.0,Fear,34.0,0.0,666.82,3,0.0,269.97971075833965,2000.46,0.0,1.0,frequent,consistent,False,medium_leverage
0x8477e447846c758f5a675856001ea72298fd9cb5,2025-03-13,0.0,Neutral,45.0,0.0,383.9627272727273,11,0.0,1.543960187311439,4223.59,0.0,1.0,frequent,consistent,False,low_leverage
0x8477e447846c758f5a675856001ea72298fd9cb5,2025-03-14,364.03788,Fear,27.0,1.0,1317.608,5,0.0,7.3034420540873075,6588.04,72.807576,1.0,frequent,consistent,True,low_leverage
0x8477e447846c758f5a675856001ea72298fd9cb5,2025-03-18,185.307189,Fear,34.0,0.5,445.26666666666665,24,1.0,169.15032660774528,10686.4,7.7211328749999995,1.0,frequent,consistent,True,medium_leverage
0x8477e447846c758f5a675856001ea72298fd9cb5,2025-03-19,0.0,Fear,32.0,0.0,598.3033333333333,9,0.0,557.2964004346645,5384.73,0.0,1.0,frequent,consistent,False,high_leverage
0x8477e447846c758f5a675856001ea72298fd9cb5,2025-03-20,65.297516,Neutral,49.0,0.6363636363636364,483.58363636363634,11,0.0,100.70408708803993,5319.42,5.936137818181819,1.0,frequent,consistent,True,medium_leverage
0x8477e447846c758f5a675856001ea72298fd9cb5,2025-03-21,0.0,Fear,31.0,0.0,443.555,2,0.0,443.555,887.11,0.0,1.0,frequent,consistent,False,high_leverage
0x8477e447846c758f5a675856001ea72298fd9cb5,2025-03-22,-41.40918,Fear,32.0,0.0,287.38,4,1.0,139.55184434769185,1149.52,-10.352295,1.0,frequent,consistent,False,medium_leverage
0x8477e447846c758f5a675856001ea72298fd9cb5,2025-03-23,178.247768,Fear,30.0,0.2972972972972973,554.7635135135135,37,0.4230769230769231,282.9407009942706,20526.25,4.817507243243243,1.0,frequent,consistent,True,medium_leverage
0x8477e447846c758f5a675856001ea72298fd9cb5,2025-03-24,0.0,Neutral,45.0,0.0,559.9092307692307,78,0.0,140.3638075453303,43672.92,0.0,1.0,frequent,consistent,False,medium_leverage
0x8477e447846c758f5a675856001ea72298fd9cb5,2025-03-25,994.196069,Neutral,46.0,0.6944444444444444,1272.072777777778,36,2.6,101.71490631050253,45794.62,27.616557472222222,1.0,frequent,consistent,True,medium_leverage
0x8477e447846c758f5a675856001ea72298fd9cb5,2025-03-26,27.5033,Neutral,47.0,0.1111111111111111,744.4566666666666,9,0.125,61.66488116573693,6700.11,3.055922222222222,1.0,frequent,consistent,True,medium_leverage
0x8477e447846c758f5a675856001ea72298fd9cb5,2025-03-27,195.60777199999998,Fear,40.0,0.35,1138.75375,40,0.5384615384615384,52.05452626035092,45550.15,4.890194299999999,0.85,frequent,consistent,True,medium_leverage
0x8477e447846c758f5a675856001ea72298fd9cb5,2025-03-28,1617.77036,Fear,44.0,0.6756756756756757,1225.1743243243243,37,2.0833333333333335,110.00623624318214,45331.45,43.72352324324324,1.0,frequent,consistent,True,medium_leverage
0x8477e447846c758f5a675856001ea72298fd9cb5,2025-03-29,7.57416,Fear,26.0,0.2,721.253,10,0.25,439.20500089418147,7212.530000000001,0.757416,1.0,frequent,consistent,True,high_leverage
0x8477e447846c758f5a675856001ea72298fd9cb5,2025-03-30,267.13403800000003,Fear,32.0,0.75,681.61,8,3.0,217.10118714489812,5452.88,33.391754750000004,1.0,frequent,consistent,True,medium_leverage
0x8477e447846c758f5a675856001ea72298fd9cb5,2025-03-31,92.902727,Fear,34.0,0.42857142857142855,510.28000000000003,7,0.75,50.60851508402156,3571.96,13.271818142857143,1.0,frequent,consistent,True,medium_leverage
0x8477e447846c758f5a675856001ea72298fd9cb5,2025-04-03,0.0,Fear,25.0,0.0,666.2016666666667,6,0.0,198.10655628298392,3997.21,0.0,1.0,frequent,consistent,False,medium_leverage
0x8477e447846c758f5a675856001ea72298fd9cb5,2025-04-04,586.623362,Fear,28.0,0.3148148148148148,483.5138888888889,54,2.0,129.93658336368583,26109.75,10.863395592592594,0.8518518518518519,frequent,consistent,True,medium_leverage
0x8477e447846c758f5a675856001ea72298fd9cb5,2025-04-05,0.0,Fear,30.0,0.0,624.745,4,0.0,50.66614470390018,2498.98,0.0,1.0,frequent,consistent,False,medium_leverage
0x8477e447846c758f5a675856001ea72298fd9cb5,2025-04-06,67.080809,Fear,34.0,0.14285714285714285,443.69,28,0.0,83.2211052680585,12423.32,2.3957431785714287,0.42857142857142855,frequent,consistent,True,medium_leverage
0x8477e447846c758f5a675856001ea72298fd9cb5,2025-04-07,632.303024,Extreme Fear,23.0,0.27037037037037037,1849.3804444444443,270,1.16,507.27040904859433,499332.72,2.341863051851852,0.7407407407407407,frequent,consistent,True,high_leverage
0x8477e447846c758f5a675856001ea72298fd9cb5,2025-04-08,81.035707,Extreme Fear,24.0,0.30434782608695654,828.6836956521738,46,0.4838709677419355,10.900477960289328,38119.45,1.761645804347826,0.8478260869565217,frequent,consistent,True,low_leverage
0x8477e447846c758f5a675856001ea72298fd9cb5,2025-04-09,500.847132,Extreme Fear,18.0,0.19117647058823528,925.8802205882353,136,0.2830188679245283,165.4168511140815,125919.70999999999,3.6826995,0.9632352941176471,frequent,consistent,True,medium_leverage
0x8477e447846c758f5a675856001ea72298fd9cb5,2025-04-10,-103.71342200000002,Fear,39.0,0.267515923566879,874.4072929936306,314,1.2269503546099292,57.90528904109915,274563.89,-0.3302975222929937,0.7292993630573248,frequent,consistent,False,medium_leverage
0x8477e447846c758f5a675856001ea72298fd9cb5,2025-04-11,19.202581000000002,Fear,25.0,0.19672131147540983,553.0408196721311,61,0.24489795918367346,14.45322498172536,33735.49,0.3147964098360656,0.8852459016393442,frequent,consistent,True,low_leverage
0x8477e447846c758f5a675856001ea72298fd9cb5,2025-04-12,0.0,Fear,43.0,0.0,772.8058333333333,24,0.0,111.39332339221896,18547.34,0.0,1.0,frequent,consistent,False,medium_leverage
0x8477e447846c758f5a675856001ea72298fd9cb5,2025-04-13,1350.19094,Neutral,45.0,0.5121951219512195,820.2411846689896,287,2.1538461538461537,50.32898888207165,235409.22,4.704498048780487,0.554006968641115,frequent,consistent,True,medium_leverage
0x8477e447846c758f5a675856001ea72298fd9cb5,2025-04-14,236.725655,Fear,31.0,0.5217391304347826,932.9834782608696,23,1.0909090909090908,345.6451068511665,21458.62,10.292419782608695,0.9130434782608695,frequent,consistent,True,medium_leverage
0x8477e447846c758f5a675856001ea72298fd9cb5,2025-04-15,191.802066,Fear,38.0,0.3684210526315789,520.8728947368421,38,0.6521739130434783,155.48159824056287,19793.17,5.047422789473684,1.0,frequent,consistent,True,medium_leverage
0x8477e447846c758f5a675856001ea72298fd9cb5,2025-04-16,71.93199,Fear,29.0,1.0,356.5375,4,0.0,147.59824600603304,1426.15,17.9829975,1.0,frequent,consistent,True,medium_leverage
0x8477e447846c758f5a675856001ea72298fd9cb5,2025-04-18,0.0,Fear,33.0,0.0,383.0805,20,0.0,344.99584223748866,7661.61,0.0,1.0,frequent,consistent,False,medium_leverage
0x8477e447846c758f5a675856001ea72298fd9cb5,2025-04-19,0.0,Fear,32.0,0.0,326.8852631578947,19,0.0,40.47098336210968,6210.82,0.0,1.0,frequent,consistent,False,medium_leverage
0x8477e447846c758f5a675856001ea72298fd9cb5,2025-04-20,43.224447,Fear,37.0,0.11363636363636363,328.4611363636364,44,0.1282051282051282,38.005507500953534,14452.29,0.9823737954545454,1.0,frequent,consistent,True,medium_leverage
0x8477e447846c758f5a675856001ea72298fd9cb5,2025-04-21,596.556385,Fear,39.0,0.2962962962962963,498.3961111111111,108,0.42105263157894735,68.3762934716628,53826.78,5.523670231481481,0.9537037037037037,frequent,consistent,True,medium_leverage
0x8477e447846c758f5a675856001ea72298fd9cb5,2025-04-22,-180.07315699999998,Neutral,47.0,0.16295546558704455,1169.5095344129554,988,0.46153846153846156,121.00027882140715,1155475.42,-0.18226028036437245,0.805668016194332,frequent,consistent,False,medium_leverage
0x8477e447846c758f5a675856001ea72298fd9cb5,2025-04-23,-27087.802198,Greed,72.0,0.021025641025641025,636.126676923077,1950,3.566744730679157,58.427824579780726,1240447.02,-13.891180614358975,0.2928205128205128,frequent,consistent,False,medium_leverage
0x8477e447846c758f5a675856001ea72298fd9cb5,2025-04-24,2397.669518,Greed,63.0,0.5128205128205128,658.8346153846153,117,1.7857142857142858,52.38471744697504,77083.65,20.492901863247866,0.8717948717948718,frequent,consistent,True,medium_leverage
0x8477e447846c758f5a675856001ea72298fd9cb5,2025-04-25,36.153454,Greed,60.0,0.00966183574879227,1063.6844444444444,207,0.00975609756097561,114.14749610022233,220182.68,0.17465436714975846,1.0,frequent,consistent,True,medium_leverage
0x8477e447846c758f5a675856001ea72298fd9cb5,2025-04-26,394.655169,Greed,65.0,0.4714285714285714,1416.666857142857,70,0.9444444444444444,2.5985926405162227,99166.68,5.637930985714286,1.0,frequent,consistent,True,low_leverage
0x8477e447846c758f5a675856001ea72298fd9cb5,2025-04-27,78.78402200000001,Greed,61.0,0.95,1364.094,20,19.0,28.10093864267364,27281.88,3.9392011000000005,1.0,frequent,consistent,True,medium_leverage
0x8477e447846c758f5a675856001ea72298fd9cb5,2025-04-28,-6424.928118,Neutral,54.0,0.0625,2193.325,80,19.0,1053.658228020928,175466.0,-80.311601475,1.0,frequent,consistent,False,high_leverage
0x8477e447846c758f5a675856001ea72298fd9cb5,2025-04-29,-1793.442795,Greed,60.0,0.0273972602739726,396.20082191780824,73,0.825,41.825626865803216,28922.66,-24.567709520547943,0.589041095890411,frequent,consistent,False,medium_leverage
0x8477e447846c758f5a675856001ea72298fd9cb5,2025-04-30,-1053.418063,Greed,56.0,0.25287356321839083,985.3667816091954,87,1.71875,391.79287395461745,85726.91,-12.10825359770115,0.6436781609195402,frequent,consistent,False,medium_leverage
0x8477e447846c758f5a675856001ea72298fd9cb5,2025-05-01,-200.94846,Neutral,53.0,0.0,309.6568421052632,19,2.8,58.48033560697153,5883.4800000000005,-10.576234736842105,0.2631578947368421,frequent,consistent,False,medium_leverage
0x92f17e8d81a944691c10e753af1b1baae1a2cd0d,2024-12-13,0.0,Extreme Greed,76.0,0.0,2468.940987654321,162,0.0,2.952897471659275,399968.44,0.0,1.0,frequent,moderate,False,low_leverage
0x92f17e8d81a944691c10e753af1b1baae1a2cd0d,2024-12-15,0.0,Extreme Greed,80.0,0.0,1890.1754237288135,413,0.0,0.022681486685608213,780642.45,0.0,1.0,frequent,moderate,False,low_leverage
0x92f17e8d81a944691c10e753af1b1baae1a2cd0d,2024-12-16,55.987393,Extreme Greed,83.0,0.5,55.980000000000004,2,1.0,0.3417256377404112,111.96000000000001,27.9936965,1.0,frequent,moderate,True,low_leverage
0x92f17e8d81a944691c10e753af1b1baae1a2cd0d,2024-12-17,0.0,Extreme Greed,87.0,0.0,0.0,1,0.0,0.0,0.0,0.0,1.0,frequent,moderate,False,low_leverage
0x92f17e8d81a944691c10e753af1b1baae1a2cd0d,2024-12-22,0.0,Greed,73.0,0.0,4111.969186046511,86,0.075,16.965550778194743,353629.35,0.0,0.9302325581395349,frequent,moderate,False,medium_leverage
0x92f17e8d81a944691c10e753af1b1baae1a2cd0d,2024-12-23,8639.369933,Greed,70.0,0.9,9857.592999999999,60,0.0,0.10834616477138541,591455.58,143.98949888333334,0.9,frequent,moderate,True,low_leverage
0x92f17e8d81a944691c10e753af1b1baae1a2cd0d,2025-01-19,0.0,Extreme Greed,77.0,0.0,2098.6197107438015,484,0.0,1.3370213174168077,1015731.94,0.0,1.0,frequent,moderate,False,low_leverage
0x92f17e8d81a944691c10e753af1b1baae1a2cd0d,2025-01-23,63464.28729,Extreme Greed,75.0,0.8870636550308009,3015.5509856262834,487,0.25839793281653745,0.7493846993671988,1468573.33,130.31681168377824,1.0,frequent,moderate,True,low_leverage
0x92f17e8d81a944691c10e753af1b1baae1a2cd0d,2025-01-29,21987.812579,Greed,72.0,0.4276729559748428,2604.86213836478,636,0.8171428571428572,8.559636449958283,1656692.32,34.57203235691824,1.0,frequent,moderate,True,low_leverage
0x92f17e8d81a944691c10e753af1b1baae1a2cd0d,2025-02-02,12245.905048999999,Greed,60.0,0.4437869822485207,2370.67449704142,169,1.2533333333333334,8.222931292576625,400643.99,72.46097662130177,1.0,frequent,moderate,True,low_leverage
0x92f17e8d81a944691c10e753af1b1baae1a2cd0d,2025-02-07,0.0,Fear,44.0,0.0,46000.0,2,0.0,31313.160207612756,92000.0,0.0,0.0,frequent,moderate,False,high_leverage
0x92f17e8d81a944691c10e753af1b1baae1a2cd0d,2025-02-08,0.0,Fear,44.0,0.0,1771.9198684210526,152,0.0,0.222884200465864,269331.82,0.0,0.0,frequent,moderate,False,low_leverage
0x92f17e8d81a944691c10e753af1b1baae1a2cd0d,2025-02-24,0.0,Neutral,49.0,0.0,9481.510444444444,45,0.0,0.40154160649409515,426667.97,0.0,0.0,frequent,moderate,False,low_leverage
0x92f17e8d81a944691c10e753af1b1baae1a2cd0d,2025-02-25,0.0,Fear,25.0,0.0,60250.0,8,0.0,1.5232430243651034,482000.0,0.0,0.0,frequent,moderate,False,low_leverage
0x92f17e8d81a944691c10e753af1b1baae1a2cd0d,2025-04-07,3425.96095,Extreme Fear,23.0,0.4852941176470588,9608.110294117647,68,0.5813953488372093,3137.907519218653,653351.5,50.38177867647059,1.0,frequent,moderate,True,high_leverage
0x92f17e8d81a944691c10e753af1b1baae1a2cd0d,2025-04-14,-621.54506,Fear,31.0,0.0,20063.1732,25,2.5714285714285716,9536.415236297575,501579.33,-24.861802400000002,1.0,frequent,moderate,False,high_leverage
0x92f17e8d81a944691c10e753af1b1baae1a2cd0d,2025-04-16,0.0,Fear,29.0,0.0,42034.5,4,0.0,27071.13869277714,168138.0,0.0,1.0,frequent,moderate,False,high_leverage
0x92f17e8d81a944691c10e753af1b1baae1a2cd0d,2025-04-23,17381.164,Greed,72.0,0.016129032258064516,6983.216774193548,248,61.0,551.87245569512,1731837.76,70.08533870967742,1.0,frequent,moderate,True,high_leverage
0xa0feb3725a9335f49874d7cd8eaad6be45b27416,2024-12-13,2270.1241019999998,Extreme Greed,76.0,0.7008547008547008,939.9077777777777,234,0.4268292682926829,12.571607651500491,219938.41999999998,9.70138505128205,0.10256410256410256,frequent,consistent,True,low_leverage
0xa0feb3725a9335f49874d7cd8eaad6be45b27416,2024-12-14,10281.503571,Extreme Greed,83.0,0.4333821376281113,1674.4618155197657,683,1.2996632996632997,15.059605338611892,1143657.42,15.053445931185943,0.040995607613469986,frequent,consistent,True,medium_leverage
0xa0feb3725a9335f49874d7cd8eaad6be45b27416,2024-12-15,3932.676736,Extreme Greed,80.0,0.25,1345.2046122994652,748,2.169491525423729,13.190495278020778,1006213.05,5.2575892192513365,0.05213903743315508,frequent,consistent,True,low_leverage
0xa0feb3725a9335f49874d7cd8eaad6be45b27416,2024-12-16,3923.071266,Extreme Greed,83.0,0.5030674846625767,1710.5239570552149,326,0.9878048780487805,34.930361904880606,557630.81,12.033960938650306,0.03680981595092025,frequent,consistent,True,medium_leverage
0xa0feb3725a9335f49874d7cd8eaad6be45b27416,2024-12-17,9080.193597,Extreme Greed,87.0,0.4340567612687813,2051.6765609348913,599,1.3038461538461539,57.995904087167155,1228954.26,15.158920863105175,0.0333889816360601,frequent,consistent,True,medium_leverage
0xa0feb3725a9335f49874d7cd8eaad6be45b27416,2024-12-18,2755.818564,Extreme Greed,81.0,0.49044585987261147,1756.5612101910826,314,1.0389610389610389,29.15754234488873,551560.22,8.776492242038216,0.041401273885350316,frequent,consistent,True,medium_leverage
0xa0feb3725a9335f49874d7cd8eaad6be45b27416,2024-12-19,5687.811638,Extreme Greed,75.0,0.4305239179954442,1937.9936218678815,439,1.3227513227513228,62.95974880197407,850779.2,12.95629074715262,0.11617312072892938,frequent,consistent,True,medium_leverage
0xa0feb3725a9335f49874d7cd8eaad6be45b27416,2024-12-20,5930.482942,Greed,74.0,0.6707818930041153,1136.9883950617284,243,0.49079754601226994,39.516409997020865,276288.18,24.405279596707818,0.20164609053497942,frequent,consistent,True,medium_leverage
0xa0feb3725a9335f49874d7cd8eaad6be45b27416,2024-12-21,2600.050242,Greed,73.0,0.31722054380664655,1631.86501510574,331,2.1523809523809523,41.49057250408307,540147.32,7.855136682779456,0.17522658610271905,frequent,consistent,True,medium_leverage
0xa0feb3725a9335f49874d7cd8eaad6be45b27416,2024-12-22,2718.982224,Greed,73.0,0.27835051546391754,1754.1204123711339,291,2.5925925925925926,24.772148071801798,510449.04,9.343581525773196,0.15120274914089346,frequent,consistent,True,medium_leverage
0xa0feb3725a9335f49874d7cd8eaad6be45b27416,2024-12-23,0.0,Greed,70.0,0.0,1403.5600000000002,3,0.0,0.3209875507359739,4210.68,0.0,0.0,frequent,consistent,False,low_leverage
0xa0feb3725a9335f49874d7cd8eaad6be45b27416,2024-12-24,0.0,Greed,73.0,0.0,2994.6,1,0.0,0.6699988365745173,2994.6,0.0,1.0,frequent,consistent,False,low_leverage
0xa0feb3725a9335f49874d7cd8eaad6be45b27416,2025-01-15,0.0,Greed,70.0,0.0,522.095,2,0.0,0.11405970710613181,1044.19,0.0,0.0,frequent,consistent,False,low_leverage
0xa0feb3725a9335f49874d7cd8eaad6be45b27416,2025-01-18,0.0,Extreme Greed,77.0,0.0,1244.2596226415094,53,0.0,0.20573242063410915,65945.76,0.0,0.4339622641509434,frequent,consistent,False,low_leverage
0xa0feb3725a9335f49874d7cd8eaad6be45b27416,2025-01-20,0.0,Extreme Greed,76.0,0.0,2999.98,1,0.0,0.3783196191557111,2999.98,0.0,0.0,frequent,consistent,False,low_leverage
0xa0feb3725a9335f49874d7cd8eaad6be45b27416,2025-01-22,140.995116,Extreme Greed,84.0,0.1,332.675,20,9.0,1.5964234067473166,6653.5,7.0497558,0.1,frequent,consistent,True,low_leverage
0xa0feb3725a9335f49874d7cd8eaad6be45b27416,2025-01-23,0.0,Extreme Greed,75.0,0.0,569.92,6,0.0,0.06952071737737865,3419.52,0.0,0.0,frequent,consistent,False,low_leverage
0xa0feb3725a9335f49874d7cd8eaad6be45b27416,2025-01-24,0.0,Extreme Greed,75.0,0.0,671.1622222222222,9,0.0,0.07995641161618482,6040.46,0.0,0.4444444444444444,frequent,consistent,False,low_leverage
0xa0feb3725a9335f49874d7cd8eaad6be45b27416,2025-01-27,0.0,Greed,71.0,0.0,449.921,20,0.0,0.05142533883343586,8998.42,0.0,0.0,frequent,consistent,False,low_leverage
0xa0feb3725a9335f49874d7cd8eaad6be45b27416,2025-01-31,9719.053192,Extreme Greed,76.0,1.0,2959.078615384615,65,0.0,0.6136782058027817,192340.11,149.52389526153846,0.0,frequent,consistent,True,low_leverage
0xa0feb3725a9335f49874d7cd8eaad6be45b27416,2025-02-01,923.487443,Greed,68.0,1.0,1390.1038888888888,18,0.0,0.8174634250359868,25021.87,51.30485794444444,0.1111111111111111,frequent,consistent,True,low_leverage
0xa0feb3725a9335f49874d7cd8eaad6be45b27416,2025-02-02,0.0,Greed,60.0,0.0,1210.4648275862069,29,0.0,0.683336901172651,35103.479999999996,0.0,0.3103448275862069,frequent,consistent,False,low_leverage
0xa0feb3725a9335f49874d7cd8eaad6be45b27416,2025-02-03,2161.6751200000003,Fear,44.0,0.4,8577.862,15,1.5,3113.0535806896296,128667.93,144.1116746666667,0.4,frequent,consistent,True,high_leverage
0xa0feb3725a9335f49874d7cd8eaad6be45b27416,2025-02-04,4624.583773,Greed,72.0,0.18878248974008208,1221.8522845417237,731,3.6265822784810124,502.1170512767757,893174.02,6.326379990424077,0.08207934336525308,frequent,consistent,True,high_leverage
0xa0feb3725a9335f49874d7cd8eaad6be45b27416,2025-02-05,-6194.283149,Neutral,54.0,0.12228260869565218,4161.944646739131,368,2.5047619047619047,1386.873119125218,1531595.6300000001,-16.832291165760868,0.17119565217391305,frequent,consistent,False,high_leverage
0xa0feb3725a9335f49874d7cd8eaad6be45b27416,2025-02-06,2780.135427,Neutral,49.0,0.3399503722084367,716.7850620347394,806,1.930909090909091,39.405111943524666,577728.76,3.4492995372208437,0.26054590570719605,frequent,consistent,True,medium_leverage
0xa0feb3725a9335f49874d7cd8eaad6be45b27416,2025-02-07,6119.377807,Fear,44.0,0.25667090216010163,1749.6032401524778,787,2.974747474747475,905.0918126692548,1376937.75,7.775575358322745,0.13341804320203304,frequent,consistent,True,high_leverage
0xa0feb3725a9335f49874d7cd8eaad6be45b27416,2025-02-08,330.039883,Fear,44.0,0.2926829268292683,764.5767682926829,328,2.4166666666666665,277.97116440908036,250781.18,1.0062191554878048,0.039634146341463415,frequent,consistent,True,medium_leverage
0xa0feb3725a9335f49874d7cd8eaad6be45b27416,2025-02-09,183.593223,Neutral,46.0,0.1721311475409836,747.8363934426229,122,4.545454545454546,45.09094965066121,91236.04,1.5048624836065574,0.10655737704918032,frequent,consistent,True,medium_leverage
0xa0feb3725a9335f49874d7cd8eaad6be45b27416,2025-02-10,1338.39845,Fear,43.0,0.6085526315789473,868.6251644736842,304,0.6432432432432432,425.38801753325623,264062.05,4.402626480263158,0.05263157894736842,frequent,consistent,True,high_leverage
0xa0feb3725a9335f49874d7cd8eaad6be45b27416,2025-02-11,869.757103,Neutral,47.0,0.16939890710382513,1215.386612021858,183,4.903225806451613,647.1906085198735,222415.75,4.752771054644809,0.10382513661202186,frequent,consistent,True,high_leverage
0xa0feb3725a9335f49874d7cd8eaad6be45b27416,2025-02-12,0.0,Neutral,46.0,0.0,999.666,50,0.0,369.01824969406067,49983.3,0.0,0.0,frequent,consistent,False,medium_leverage
0xa0feb3725a9335f49874d7cd8eaad6be45b27416,2025-02-13,1312.55815,Neutral,50.0,0.40100250626566414,2012.0397744360903,399,1.49375,1275.399898205563,802803.87,3.2896194235588974,0.10776942355889724,frequent,consistent,True,high_leverage
0xa0feb3725a9335f49874d7cd8eaad6be45b27416,2025-02-14,414.743169,Neutral,48.0,0.1111111111111111,1372.3451960784314,306,7.742857142857143,1066.179410136478,419937.63,1.3553698333333335,0.12091503267973856,frequent,consistent,True,high_leverage
0xa0feb3725a9335f49874d7cd8eaad6be45b27416,2025-02-15,590.73516,Neutral,50.0,0.24248927038626608,787.2578326180258,466,3.0521739130434784,219.94442411499747,366862.15,1.2676720171673819,0.16952789699570817,frequent,consistent,True,medium_leverage
0xa0feb3725a9335f49874d7cd8eaad6be45b27416,2025-02-16,819.9958,Neutral,54.0,0.42857142857142855,501.30874725274725,455,0.9868995633187773,8.085090147884403,228095.48,1.8021885714285715,0.10329670329670329,frequent,consistent,True,low_leverage
0xa0feb3725a9335f49874d7cd8eaad6be45b27416,2025-02-17,303.11202,Neutral,51.0,0.4154929577464789,598.8410211267606,284,0.7108433734939759,15.465124556267272,170070.85,1.0672958450704224,0.08098591549295775,frequent,consistent,True,medium_leverage
0xa0feb3725a9335f49874d7cd8eaad6be45b27416,2025-02-18,3494.964308,Neutral,47.0,0.36077481840193704,1209.069588377724,413,1.7350993377483444,215.21931592957833,499345.74,8.462383312348669,0.10411622276029056,frequent,consistent,True,medium_leverage
0xa0feb3725a9335f49874d7cd8eaad6be45b27416,2025-02-19,1280.6095579999999,Fear,44.0,0.335,1091.899,400,1.9850746268656716,431.2865418968751,436759.6,3.201523895,0.1175,frequent,consistent,True,high_leverage
0xa0feb3725a9335f49874d7cd8eaad6be45b27416,2025-02-20,2866.872677,Neutral,49.0,0.45764462809917356,817.1428202479339,968,1.18510158013544,295.10848415551413,790994.25,2.9616453274793386,0.04855371900826446,frequent,consistent,True,medium_leverage
0xa0feb3725a9335f49874d7cd8eaad6be45b27416,2025-02-21,3417.71341,Greed,55.0,0.4434330299089727,1031.4382574772433,769,1.2551319648093842,307.52318588420104,793176.02,4.444360741222367,0.08972691807542263,frequent,consistent,True,medium_leverage
0xa0feb3725a9335f49874d7cd8eaad6be45b27416,2025-02-22,101.06290399999999,Neutral,49.0,0.4878048780487805,789.0624390243902,41,1.05,55.124332350787796,32351.559999999998,2.46494887804878,0.3170731707317073,frequent,consistent,True,medium_leverage
0xa0feb3725a9335f49874d7cd8eaad6be45b27416,2025-02-23,0.0,Neutral,50.0,0.0,226.28509433962265,53,0.0,3.1595869226893383,11993.11,0.0,0.0,frequent,consistent,False,low_leverage
0xa0feb3725a9335f49874d7cd8eaad6be45b27416,2025-02-24,0.0,Neutral,49.0,0.0,495.59309523809526,42,0.0,6.349800868023552,20814.91,0.0,0.14285714285714285,frequent,consistent,False,low_leverage
0xa0feb3725a9335f49874d7cd8eaad6be45b27416,2025-02-25,826.548369,Fear,25.0,0.27979274611398963,626.2487046632124,193,2.574074074074074,0.5246778608628582,120866.0,4.28263403626943,0.09326424870466321,frequent,consistent,True,low_leverage
0xa0feb3725a9335f49874d7cd8eaad6be45b27416,2025-02-26,0.0,Extreme Fear,21.0,0.0,749.8255,20,0.0,2.5765078739880427,14996.51,0.0,0.05,frequent,consistent,False,low_leverage
0xa0feb3725a9335f49874d7cd8eaad6be45b27416,2025-02-27,0.0,Extreme Fear,10.0,0.0,768.6484615384616,13,0.0,0.022444825108368153,9992.43,0.0,1.0,frequent,consistent,False,low_leverage
0xa0feb3725a9335f49874d7cd8eaad6be45b27416,2025-02-28,1011.258943,Extreme Fear,16.0,0.3096446700507614,623.2444670050761,197,2.517857142857143,3.044850910880422,122779.16,5.133294126903554,0.27918781725888325,frequent,consistent,True,low_leverage
0xa0feb3725a9335f49874d7cd8eaad6be45b27416,2025-03-02,625.512206,Fear,26.0,0.5,1691.2284375000002,32,1.0,2.2405622418706623,54119.310000000005,19.5472564375,0.1875,frequent,consistent,True,low_leverage
0xa0feb3725a9335f49874d7cd8eaad6be45b27416,2025-03-03,60.171373,Fear,33.0,0.08522727272727272,234.52426136363636,176,10.0,1.9215091558961028,41276.27,0.34188280113636366,0.056818181818181816,frequent,consistent,True,low_leverage
0xa0feb3725a9335f49874d7cd8eaad6be45b27416,2025-03-04,0.0,Extreme Fear,15.0,0.0,369.27675,40,0.0,0.05151993745105071,14771.07,0.0,0.0,frequent,consistent,False,low_leverage
0xa0feb3725a9335f49874d7cd8eaad6be45b27416,2025-03-14,0.0,Fear,27.0,0.0,874.97875,8,0.0,0.1120153437292702,6999.83,0.0,0.0,frequent,consistent,False,low_leverage
0xa0feb3725a9335f49874d7cd8eaad6be45b27416,2025-04-15,73.34455,Fear,38.0,0.42857142857142855,917.6357142857142,21,0.75,116.3876173589207,19270.35,3.492597619047619,0.3333333333333333,frequent,consistent,True,medium_leverage
0xa0feb3725a9335f49874d7cd8eaad6be45b27416,2025-04-16,100.22198900000001,Fear,29.0,0.3617021276595745,400.05872340425526,47,0.6785714285714286,116.19024011234893,18802.76,2.1323827446808514,0.19148936170212766,frequent,consistent,True,medium_leverage
0xa0feb3725a9335f49874d7cd8eaad6be45b27416,2025-04-17,18.57004,Fear,30.0,0.46153846153846156,303.8438461538462,13,0.8571428571428571,5.431107501711127,3949.9700000000003,1.4284646153846152,0.23076923076923078,frequent,consistent,True,low_leverage
0xa0feb3725a9335f49874d7cd8eaad6be45b27416,2025-04-23,6653.134804,Greed,72.0,0.39090909090909093,894.6094181818181,550,1.558139534883721,3.8546283361318645,492035.18,12.096608734545455,0.11636363636363636,frequent,consistent,True,low_leverage
0xa0feb3725a9335f49874d7cd8eaad6be45b27416,2025-04-24,1279.688605,Greed,63.0,0.19461077844311378,1325.6926047904192,334,4.138461538461539,654.6796240923812,442781.33,3.831403008982036,0.1437125748502994,frequent,consistent,True,high_leverage
0xa0feb3725a9335f49874d7cd8eaad6be45b27416,2025-04-25,4058.112969,Greed,60.0,0.3115942028985507,1475.0315217391305,138,2.2093023255813953,115.42110855905686,203554.35,29.406615717391304,0.028985507246376812,frequent,consistent,True,medium_leverage
0xa0feb3725a9335f49874d7cd8eaad6be45b27416,2025-04-26,0.0,Greed,65.0,0.0,425.9992,50,0.0,0.054547775814044,21299.96,0.0,0.0,frequent,consistent,False,low_leverage
0xa0feb3725a9335f49874d7cd8eaad6be45b27416,2025-04-27,147.309165,Greed,61.0,0.08695652173913043,858.3880434782608,46,10.5,770.0322317804525,39485.85,3.202373152173913,0.08695652173913043,frequent,consistent,True,high_leverage
0xa0feb3725a9335f49874d7cd8eaad6be45b27416,2025-04-28,474.245409,Neutral,54.0,0.13548387096774195,1106.0305161290323,155,6.380952380952381,842.6162349850409,171434.73,3.0596478,0.04516129032258064,frequent,consistent,True,high_leverage
0xa0feb3725a9335f49874d7cd8eaad6be45b27416,2025-04-29,1189.49741,Greed,60.0,0.43457943925233644,1261.7606542056074,214,1.3010752688172043,257.6759913178545,270016.77999999997,5.558399112149533,0.02336448598130841,frequent,consistent,True,medium_leverage
0xa0feb3725a9335f49874d7cd8eaad6be45b27416,2025-04-30,1555.834562,Greed,56.0,0.3565217391304348,793.9205507246378,345,1.8048780487804879,239.1027936079874,273902.59,4.5096653971014495,0.06666666666666667,frequent,consistent,True,medium_leverage
0xa0feb3725a9335f49874d7cd8eaad6be45b27416,2025-05-01,1449.529436,Neutral,53.0,0.3506944444444444,1130.8870833333333,288,1.8514851485148516,474.27322122085985,325695.48,5.0330883194444445,0.06597222222222222,frequent,consistent,True,high_leverage
0xa520ded057a32086c40e7dd6ed4eb8efb82c00e0,2024-08-03,0.0,Fear,37.0,0.0,9281.686875,16,0.0,1193.159555560917,148506.99,0.0,1.0,infrequent,moderate,False,high_leverage
0xa520ded057a32086c40e7dd6ed4eb8efb82c00e0,2024-08-04,-14176.51042,Fear,34.0,0.0,13492.987,10,4.0,441.61046095044384,134929.87,-1417.651042,1.0,infrequent,moderate,False,high_leverage
0xa520ded057a32086c40e7dd6ed4eb8efb82c00e0,2024-08-05,0.0,Fear,26.0,0.0,10053.805,2,0.0,0.02495623947006337,20107.61,0.0,0.5,infrequent,moderate,False,low_leverage
0xa520ded057a32086c40e7dd6ed4eb8efb82c00e0,2024-08-07,0.0,Fear,29.0,0.0,500.0,1,0.0,500.0,500.0,0.0,0.0,infrequent,moderate,False,high_leverage
0xa520ded057a32086c40e7dd6ed4eb8efb82c00e0,2024-08-08,-40.712216999999995,Extreme Fear,20.0,0.0,114.82,4,0.0,0.119818599562838,459.28,-10.178054249999999,1.0,infrequent,moderate,False,low_leverage
0xa520ded057a32086c40e7dd6ed4eb8efb82c00e0,2024-08-09,0.0,Neutral,48.0,0.0,250.0,2,0.0,110.34513639756818,500.0,0.0,0.0,infrequent,moderate,False,medium_leverage
0xa520ded057a32086c40e7dd6ed4eb8efb82c00e0,2024-08-17,-288.283113,Fear,25.0,0.0,211.7,1,0.0,0.2597932975183504,211.7,-288.283113,0.0,infrequent,moderate,False,low_leverage
0xa520ded057a32086c40e7dd6ed4eb8efb82c00e0,2024-08-18,0.0,Fear,31.0,0.0,0.01,1,0.0,0.009721899900732595,0.01,0.0,1.0,infrequent,moderate,False,low_leverage
0xa520ded057a32086c40e7dd6ed4eb8efb82c00e0,2024-08-21,0.0,Fear,26.0,0.0,1000.14,2,0.0,862.1261149724877,2000.28,0.0,1.0,infrequent,moderate,False,high_leverage
0xa520ded057a32086c40e7dd6ed4eb8efb82c00e0,2024-09-08,0.0,Fear,29.0,0.0,0.11,1,0.0,0.0568728220294291,0.11,0.0,1.0,infrequent,moderate,False,low_leverage
0xa520ded057a32086c40e7dd6ed4eb8efb82c00e0,2024-09-10,-219.729659,Fear,33.0,0.0,890.27,2,0.0,538.8113138153657,1780.54,-109.8648295,1.0,infrequent,moderate,False,high_leverage
0xa520ded057a32086c40e7dd6ed4eb8efb82c00e0,2024-10-17,0.0,Greed,71.0,0.0,499.72,1,0.0,499.72,499.72,0.0,1.0,infrequent,moderate,False,high_leverage
0xa520ded057a32086c40e7dd6ed4eb8efb82c00e0,2024-10-28,167.28016200000002,Greed,72.0,1.0,375.23249999999996,4,0.0,124.32684288126868,1500.9299999999998,41.820040500000005,0.25,infrequent,moderate,True,medium_leverage
0xa520ded057a32086c40e7dd6ed4eb8efb82c00e0,2024-11-07,3360.9281,Extreme Greed,77.0,0.5052631578947369,208.8205263157895,95,0.9791666666666666,16.138299671529545,19837.95,35.37819052631579,0.49473684210526314,infrequent,moderate,True,medium_leverage
0xa520ded057a32086c40e7dd6ed4eb8efb82c00e0,2024-11-13,0.0,Extreme Greed,84.0,0.0,200.04,1,0.0,200.04,200.04,0.0,1.0,infrequent,moderate,False,medium_leverage
0xa520ded057a32086c40e7dd6ed4eb8efb82c00e0,2024-11-18,693.220788,Extreme Greed,83.0,1.0,186.3422222222222,9,0.0,0.0005325578400814253,1677.08,77.024532,0.8888888888888888,infrequent,moderate,True,low_leverage
0xa520ded057a32086c40e7dd6ed4eb8efb82c00e0,2024-11-21,2.83504,Extreme Greed,82.0,1.0,202.87,1,0.0,191.18838940721895,202.87,2.83504,1.0,infrequent,moderate,True,medium_leverage
0xa520ded057a32086c40e7dd6ed4eb8efb82c00e0,2024-11-29,0.0,Extreme Greed,78.0,0.0,5762.356666666667,21,0.0,0.18483453028730704,121009.49,0.0,0.0,infrequent,moderate,False,low_leverage
0xa520ded057a32086c40e7dd6ed4eb8efb82c00e0,2024-12-01,34709.852428,Extreme Greed,81.0,0.8032786885245902,856.4519672131147,61,0.24489795918367346,0.27317220139638076,52243.57,569.0139742295082,0.4918032786885246,infrequent,moderate,True,low_leverage
0xa520ded057a32086c40e7dd6ed4eb8efb82c00e0,2024-12-03,0.0,Extreme Greed,76.0,0.0,2941.1758823529412,34,0.0,0.0446005185838265,99999.98,0.0,0.9705882352941176,infrequent,moderate,False,low_leverage
0xa520ded057a32086c40e7dd6ed4eb8efb82c00e0,2024-12-10,0.0,Extreme Greed,78.0,0.0,13718.098750000001,8,0.0,0.18284490625385977,109744.79000000001,0.0,0.25,infrequent,moderate,False,low_leverage
0xa520ded057a32086c40e7dd6ed4eb8efb82c00e0,2024-12-11,994.238977,Greed,74.0,1.0,165.00133333333332,15,0.0,0.0004906127524673061,2475.02,66.28259846666667,0.4666666666666667,infrequent,moderate,True,low_leverage
0xa520ded057a32086c40e7dd6ed4eb8efb82c00e0,2024-12-12,2512.437585,Extreme Greed,83.0,1.0,1374.4125000000001,4,0.0,0.005305302267973616,5497.650000000001,628.10939625,0.75,infrequent,moderate,True,low_leverage
0xa520ded057a32086c40e7dd6ed4eb8efb82c00e0,2024-12-16,2069.35811,Extreme Greed,83.0,1.0,192.29384615384618,13,0.0,0.002361153791363147,2499.82,159.1813930769231,0.15384615384615385,infrequent,moderate,True,low_leverage
0xa520ded057a32086c40e7dd6ed4eb8efb82c00e0,2024-12-17,256.200336,Extreme Greed,87.0,1.0,299.74,1,0.0,0.0036834859877278706,299.74,256.200336,0.0,infrequent,moderate,True,low_leverage
0xa520ded057a32086c40e7dd6ed4eb8efb82c00e0,2024-12-20,23353.625678,Greed,74.0,0.9166666666666666,4763.3358333333335,12,0.09090909090909091,0.05897609141273654,57160.03,1946.1354731666668,0.5833333333333334,infrequent,moderate,True,low_leverage
0xa520ded057a32086c40e7dd6ed4eb8efb82c00e0,2025-01-04,556.803152,Greed,73.0,1.0,213.09399999999997,5,0.0,0.0006963790238436448,1065.4699999999998,111.36063039999999,0.8,infrequent,moderate,True,low_leverage
0xa520ded057a32086c40e7dd6ed4eb8efb82c00e0,2025-01-14,7013.428624,Greed,63.0,1.0,829.285,12,0.0,1.3934648326298988,9951.42,584.4523853333334,1.0,infrequent,moderate,True,low_leverage
0xa520ded057a32086c40e7dd6ed4eb8efb82c00e0,2025-01-21,2806.434723,Extreme Greed,76.0,1.0,597.6225000000001,8,0.0,1.7748848258402576,4780.9800000000005,350.804340375,0.875,infrequent,moderate,True,low_leverage
0xa520ded057a32086c40e7dd6ed4eb8efb82c00e0,2025-01-27,12084.434144,Greed,71.0,1.0,989.8810714285713,56,0.0,0.8575625298805167,55433.34,215.79346685714287,0.6607142857142857,infrequent,moderate,True,low_leverage
0xa520ded057a32086c40e7dd6ed4eb8efb82c00e0,2025-01-28,0.0,Greed,72.0,0.0,0.07666666666666667,3,0.0,0.07018903479692738,0.23,0.0,1.0,infrequent,moderate,False,low_leverage
0xa520ded057a32086c40e7dd6ed4eb8efb82c00e0,2025-02-03,20.596691,Fear,44.0,1.0,999.91,1,0.0,0.0666485803465123,999.91,20.596691,1.0,infrequent,moderate,True,low_leverage
0xa520ded057a32086c40e7dd6ed4eb8efb82c00e0,2025-02-10,30.785143,Fear,43.0,1.0,249.82,2,0.0,0.016703422384445343,499.64,15.3925715,1.0,infrequent,moderate,True,low_leverage
0xa520ded057a32086c40e7dd6ed4eb8efb82c00e0,2025-03-08,-1121.6509429999999,Fear,28.0,0.0,1250.705,2,0.0,0.0838558232511263,2501.41,-560.8254714999999,1.0,infrequent,moderate,False,low_leverage
0xa520ded057a32086c40e7dd6ed4eb8efb82c00e0,2025-04-08,-920.33629,Extreme Fear,24.0,0.0,1000.85,1,0.0,0.06772860572953647,1000.85,-920.33629,1.0,infrequent,moderate,False,low_leverage
0xa520ded057a32086c40e7dd6ed4eb8efb82c00e0,2025-04-10,-965.1214130000001,Fear,39.0,0.0,534.0066666666667,3,0.0,0.11464346628725813,1602.02,-321.7071376666667,0.3333333333333333,infrequent,moderate,False,low_leverage
0xa520ded057a32086c40e7dd6ed4eb8efb82c00e0,2025-04-13,-53.631353999999995,Neutral,45.0,0.0,64.53,2,0.0,0.8687760926267367,129.06,-26.815676999999997,1.0,infrequent,moderate,False,low_leverage
0xae5eacaf9c6b9111fd53034a602c192a04e082ed,2024-12-02,0.0,Extreme Greed,80.0,0.0,1779.0295454545455,44,0.0,179.41194284074766,78277.3,0.0,1.0,infrequent,moderate,False,medium_leverage
0xae5eacaf9c6b9111fd53034a602c192a04e082ed,2024-12-03,20925.513222,Extreme Greed,76.0,0.7241379310344828,3898.738206896552,145,0.38095238095238093,31.627627859138098,565317.04,144.3138842896552,1.0,infrequent,moderate,True,medium_leverage
0xae5eacaf9c6b9111fd53034a602c192a04e082ed,2024-12-04,0.0,Extreme Greed,78.0,0.0,0.1,1,0.0,0.099147097995673,0.1,0.0,1.0,infrequent,moderate,False,low_leverage
0xae5eacaf9c6b9111fd53034a602c192a04e082ed,2025-03-04,0.0,Extreme Fear,15.0,0.0,7268.525238095238,21,0.0,82.49816360967523,152639.03,0.0,1.0,infrequent,moderate,False,medium_leverage
0xae5eacaf9c6b9111fd53034a602c192a04e082ed,2025-03-05,0.0,Extreme Fear,20.0,0.0,3500.644444444444,9,0.0,0.013490484657436654,31505.8,0.0,1.0,infrequent,moderate,False,low_leverage
0xae5eacaf9c6b9111fd53034a602c192a04e082ed,2025-03-11,0.0,Extreme Fear,24.0,0.0,6911.925,4,0.0,0.02230331526299415,27647.7,0.0,1.0,infrequent,moderate,False,low_leverage
0xae5eacaf9c6b9111fd53034a602c192a04e082ed,2025-03-18,0.0,Fear,34.0,0.0,2461.443421052632,38,0.0,0.005930335395044693,93534.85,0.0,1.0,infrequent,moderate,False,low_leverage
0xae5eacaf9c6b9111fd53034a602c192a04e082ed,2025-04-08,0.0,Extreme Fear,24.0,0.0,2865.9021212121215,33,0.0,15.139635197092993,94574.77,0.0,1.0,infrequent,moderate,False,medium_leverage
0xae5eacaf9c6b9111fd53034a602c192a04e082ed,2025-04-09,622.41079,Extreme Fear,18.0,0.46153846153846156,792.1807692307691,13,1.1666666666666667,40.22377236662897,10298.349999999999,47.87775307692308,1.0,infrequent,moderate,True,medium_leverage
0xae5eacaf9c6b9111fd53034a602c192a04e082ed,2025-04-10,5615.909695,Fear,39.0,1.0,2486.837368421053,19,0.0,0.012431773503516739,47249.91,295.5741944736842,1.0,infrequent,moderate,True,low_leverage
0xae5eacaf9c6b9111fd53034a602c192a04e082ed,2025-04-12,2513.430964,Fear,43.0,0.5333333333333333,2262.842,45,0.875,0.6742497245123544,101827.89,55.854021422222225,1.0,infrequent,moderate,True,low_leverage
0xae5eacaf9c6b9111fd53034a602c192a04e082ed,2025-04-21,0.0,Fear,39.0,0.0,2434.7928571428574,21,0.0,49.42852535327767,51130.65,0.0,1.0,infrequent,moderate,False,medium_leverage
0xae5eacaf9c6b9111fd53034a602c192a04e082ed,2025-04-23,28100.700490000003,Greed,72.0,1.0,2829.6749999999997,28,0.0,0.017106355213217024,79230.9,1003.5964460714287,1.0,infrequent,moderate,True,low_leverage
0xae5eacaf9c6b9111fd53034a602c192a04e082ed,2025-04-24,2587.44383,Greed,63.0,0.19540229885057472,2334.9580459770114,87,4.117647058823529,32.14930573976513,203141.35,29.74073367816092,1.0,infrequent,moderate,True,medium_leverage
0xae5eacaf9c6b9111fd53034a602c192a04e082ed,2025-04-25,7480.21054,Greed,60.0,0.5636363636363636,2564.5469090909096,55,0.7741935483870968,8.925943610597578,141050.08000000002,136.003828,1.0,infrequent,moderate,True,low_leverage
0xaf40fdc468c30116bd3307bcbf4a451a7ebf1deb,2024-12-09,0.0,Extreme Greed,78.0,0.0,1968.8700000000001,4,0.0,1959.9013110284618,7875.4800000000005,0.0,0.0,infrequent,consistent,False,high_leverage
0xaf40fdc468c30116bd3307bcbf4a451a7ebf1deb,2024-12-11,39.7705,Greed,74.0,1.0,7158.62,1,0.0,6675.886637259747,7158.62,39.7705,1.0,infrequent,consistent,True,high_leverage
0xaf40fdc468c30116bd3307bcbf4a451a7ebf1deb,2024-12-12,15.24474,Extreme Greed,83.0,1.0,771.87,1,0.0,645.2683497742853,771.87,15.24474,1.0,infrequent,consistent,True,high_leverage
0xaf40fdc468c30116bd3307bcbf4a451a7ebf1deb,2024-12-23,0.0,Greed,70.0,0.0,320.1333333333333,3,0.0,319.33935356191597,960.4,0.0,0.0,infrequent,consistent,False,medium_leverage
0xaf40fdc468c30116bd3307bcbf4a451a7ebf1deb,2024-12-24,3.43,Greed,73.0,1.0,963.83,1,0.0,954.2871287128713,963.83,3.43,1.0,infrequent,consistent,True,high_leverage
0xaf40fdc468c30116bd3307bcbf4a451a7ebf1deb,2025-03-16,-1017.424213,Fear,30.0,0.144,5323.34248,125,1.9069767441860466,1753.481949763315,665417.81,-8.139393704,0.016,infrequent,consistent,False,high_leverage
0xaf40fdc468c30116bd3307bcbf4a451a7ebf1deb,2025-03-17,-1646.3529,Fear,32.0,0.0,9477.486,35,0.06060606060606061,3063.9023768350185,331712.01,-47.03865428571429,0.0,infrequent,consistent,False,high_leverage
0xaf40fdc468c30116bd3307bcbf4a451a7ebf1deb,2025-03-18,0.0,Fear,34.0,0.0,3925.5247619047623,21,0.0,734.3674465888865,82436.02,0.0,0.0,infrequent,consistent,False,high_leverage
0xaf40fdc468c30116bd3307bcbf4a451a7ebf1deb,2025-03-19,5304.480047,Fear,32.0,0.691358024691358,4703.033148148148,162,0.44642857142857145,1428.801918160502,761891.37,32.74370399382716,0.0,infrequent,consistent,True,high_leverage
0xaf40fdc468c30116bd3307bcbf4a451a7ebf1deb,2025-03-20,0.0,Neutral,49.0,0.0,84870.0,1,0.0,84870.0,84870.0,0.0,0.0,infrequent,consistent,False,high_leverage
0xaf40fdc468c30116bd3307bcbf4a451a7ebf1deb,2025-03-24,5070.619785,Neutral,45.0,0.7391304347826086,15004.912173913042,23,0.35294117647058826,8047.641152479654,345112.98,220.4617297826087,0.043478260869565216,infrequent,consistent,True,high_leverage
0xaf40fdc468c30116bd3307bcbf4a451a7ebf1deb,2025-03-25,0.0,Neutral,46.0,0.0,87100.0,1,0.0,87100.0,87100.0,0.0,0.0,infrequent,consistent,False,high_leverage
0xaf40fdc468c30116bd3307bcbf4a451a7ebf1deb,2025-03-26,2087.063794,Neutral,47.0,0.1111111111111111,16199.963333333333,27,8.0,12487.96062205712,437399.01,77.29865903703704,0.07407407407407407,infrequent,consistent,True,high_leverage
0xaf40fdc468c30116bd3307bcbf4a451a7ebf1deb,2025-03-27,894.0,Fear,40.0,0.2857142857142857,16543.90380952381,21,2.5,9800.060684438158,347421.98,42.57142857142857,0.2857142857142857,infrequent,consistent,True,high_leverage
0xaf40fdc468c30116bd3307bcbf4a451a7ebf1deb,2025-03-28,1342.0,Fear,44.0,0.07407407407407407,6430.7037037037035,54,12.5,3364.689871592776,347258.0,24.85185185185185,0.07407407407407407,infrequent,consistent,True,high_leverage
0xaf40fdc468c30116bd3307bcbf4a451a7ebf1deb,2025-04-03,2020.0,Fear,25.0,0.125,42527.5,8,7.0,24960.38355492195,340220.0,252.5,0.0,infrequent,consistent,True,high_leverage
0xaf40fdc468c30116bd3307bcbf4a451a7ebf1deb,2025-04-05,2400.0,Fear,30.0,0.125,41637.49875,8,7.0,23830.897898238723,333099.99,300.0,0.0,infrequent,consistent,True,high_leverage
0xaf40fdc468c30116bd3307bcbf4a451a7ebf1deb,2025-04-07,0.0,Extreme Fear,23.0,0.0,2238.4694117647055,17,0.0,716.9149802853414,38053.979999999996,0.0,0.0,infrequent,consistent,False,high_leverage
0xaf40fdc468c30116bd3307bcbf4a451a7ebf1deb,2025-04-11,5246.0,Fear,25.0,1.0,29785.714285714286,7,0.0,9867.656238495441,208500.0,749.4285714285714,0.0,infrequent,consistent,True,high_leverage
0xaf40fdc468c30116bd3307bcbf4a451a7ebf1deb,2025-04-12,0.0,Fear,43.0,0.0,1435.7078571428572,14,0.0,505.2575442968005,20099.91,0.0,1.0,infrequent,consistent,False,high_leverage
0xb1231a4a2dd02f2276fa3c5e2a2f3436e6bfed23,2023-12-05,0.0,Extreme Greed,75.0,0.0,5556.203333333334,9,3.5,3558.407766965754,50005.83,0.0,1.0,moderate,inconsistent,False,high_leverage
0xb1231a4a2dd02f2276fa3c5e2a2f3436e6bfed23,2023-12-14,-205.43473700000007,Greed,72.0,0.36363636363636365,10291.213636363636,11,0.8333333333333334,3079.3365678539603,113203.35,-18.675885181818188,1.0,moderate,inconsistent,False,high_leverage
0xb1231a4a2dd02f2276fa3c5e2a2f3436e6bfed23,2023-12-15,-24.632033999999997,Greed,70.0,0.0,5304.975,2,0.0,2.4266163763123183,10609.95,-12.316016999999999,1.0,moderate,inconsistent,False,low_leverage
0xb1231a4a2dd02f2276fa3c5e2a2f3436e6bfed23,2023-12-16,0.0,Greed,67.0,0.0,5116.256666666667,3,0.0,1560.256691557441,15348.77,0.0,1.0,moderate,inconsistent,False,high_leverage
0xb1231a4a2dd02f2276fa3c5e2a2f3436e6bfed23,2023-12-17,304.982785,Greed,73.0,0.5,8305.572857142857,14,0.2727272727272727,3064.865492117811,116278.02,21.78448464285714,1.0,moderate,inconsistent,True,high_leverage
0xb1231a4a2dd02f2276fa3c5e2a2f3436e6bfed23,2023-12-18,0.0,Greed,65.0,0.0,15582.089999999998,2,0.0,15458.491746031745,31164.179999999997,0.0,1.0,moderate,inconsistent,False,high_leverage
0xb1231a4a2dd02f2276fa3c5e2a2f3436e6bfed23,2023-12-19,1000.5386120000001,Greed,73.0,0.6666666666666666,6106.827333333334,15,0.5,473.12379118649716,91602.41,66.70257413333334,1.0,moderate,inconsistent,True,high_leverage
0xb1231a4a2dd02f2276fa3c5e2a2f3436e6bfed23,2023-12-20,162.732282,Greed,74.0,0.4444444444444444,7868.710555555556,18,1.25,1196.1079415727131,141636.79,9.040682333333333,1.0,moderate,inconsistent,True,high_leverage
0xb1231a4a2dd02f2276fa3c5e2a2f3436e6bfed23,2023-12-21,537.211402,Greed,70.0,0.5306122448979592,2555.795306122449,49,0.8148148148148148,218.58472716768645,125233.97,10.963498000000001,1.0,moderate,inconsistent,True,medium_leverage
0xb1231a4a2dd02f2276fa3c5e2a2f3436e6bfed23,2023-12-22,141.832675,Greed,74.0,0.2,8887.428,10,4.0,5607.044510947345,88874.28,14.1832675,1.0,moderate,inconsistent,True,high_leverage
0xb1231a4a2dd02f2276fa3c5e2a2f3436e6bfed23,2023-12-23,146.936704,Greed,70.0,0.6153846153846154,6033.711538461538,13,0.625,401.457791967497,78438.25,11.302823384615383,1.0,moderate,inconsistent,True,medium_leverage
0xb1231a4a2dd02f2276fa3c5e2a2f3436e6bfed23,2023-12-24,1008.619956,Greed,71.0,0.38461538461538464,10332.177948717948,39,1.1666666666666667,4875.888591396789,402954.94,25.862050153846155,1.0,moderate,inconsistent,True,high_leverage
0xb1231a4a2dd02f2276fa3c5e2a2f3436e6bfed23,2023-12-25,-245.081348,Greed,73.0,0.0,19982.836666666666,3,2.0,7742.896565044997,59948.51,-81.69378266666666,1.0,moderate,inconsistent,False,high_leverage
0xb1231a4a2dd02f2276fa3c5e2a2f3436e6bfed23,2023-12-27,-704.8892269999999,Greed,73.0,0.14285714285714285,6121.823571428571,28,1.1538461538461537,659.8183626736754,171411.06,-25.174615249999995,1.0,moderate,inconsistent,False,high_leverage
0xb1231a4a2dd02f2276fa3c5e2a2f3436e6bfed23,2023-12-28,-970.730876,Greed,73.0,0.0,4352.923913043478,23,0.7692307692307693,333.31118745929814,100117.25,-42.20569026086957,1.0,moderate,inconsistent,False,medium_leverage
0xb1231a4a2dd02f2276fa3c5e2a2f3436e6bfed23,2023-12-29,508.92214299999995,Greed,65.0,0.3,11391.1944,50,1.631578947368421,2897.386412330333,569559.72,10.178442859999999,1.0,moderate,inconsistent,True,high_leverage
0xb1231a4a2dd02f2276fa3c5e2a2f3436e6bfed23,2023-12-30,354.998648,Greed,68.0,0.4423076923076923,13510.58096153846,52,0.625,6278.730296830506,702550.21,6.826897076923077,1.0,moderate,inconsistent,True,high_leverage
0xb1231a4a2dd02f2276fa3c5e2a2f3436e6bfed23,2024-01-01,-129.53146,Greed,65.0,0.05555555555555555,14679.973888888888,18,1.25,5406.660221716108,264239.52999999997,-7.196192222222223,1.0,moderate,inconsistent,False,high_leverage
0xb1231a4a2dd02f2276fa3c5e2a2f3436e6bfed23,2024-01-02,783.979116,Greed,71.0,0.47058823529411764,7138.1611764705885,17,1.125,3793.7297959510265,121348.74,46.11641858823529,1.0,moderate,inconsistent,True,high_leverage
0xb1231a4a2dd02f2276fa3c5e2a2f3436e6bfed23,2024-01-03,866.015507,Greed,70.0,0.417910447761194,5888.050149253731,67,0.9142857142857143,1134.2829516218892,394499.36,12.925604582089552,1.0,moderate,inconsistent,True,high_leverage
0xb1231a4a2dd02f2276fa3c5e2a2f3436e6bfed23,2024-01-04,-67.60364,Greed,68.0,0.0,19958.508,5,0.6666666666666666,9780.262478995774,99792.54000000001,-13.520728,1.0,moderate,inconsistent,False,high_leverage
0xb1231a4a2dd02f2276fa3c5e2a2f3436e6bfed23,2024-01-05,164.141565,Greed,72.0,0.19696969696969696,25817.31303030303,66,0.8857142857142857,14614.403571671934,1703942.66,2.486993409090909,1.0,moderate,inconsistent,True,high_leverage
0xb1231a4a2dd02f2276fa3c5e2a2f3436e6bfed23,2024-01-06,135.58166400000002,Greed,70.0,0.45454545454545453,13569.154545454547,22,1.0,5040.331199121683,298521.4,6.16280290909091,1.0,moderate,inconsistent,True,high_leverage
0xb1231a4a2dd02f2276fa3c5e2a2f3436e6bfed23,2024-01-07,-835.681235,Greed,71.0,0.09278350515463918,10812.887216494846,97,1.1555555555555554,4548.617365619881,1048850.06,-8.615270463917525,1.0,moderate,inconsistent,False,high_leverage
0xb1231a4a2dd02f2276fa3c5e2a2f3436e6bfed23,2024-01-08,-269.874439,Greed,71.0,0.25,11894.159609375,128,0.45454545454545453,5586.848611903652,1522452.43,-2.1083940546875,1.0,moderate,inconsistent,False,high_leverage
0xb1231a4a2dd02f2276fa3c5e2a2f3436e6bfed23,2024-01-09,-826.349863,Extreme Greed,76.0,0.2571428571428571,12429.313857142857,70,0.6666666666666666,5364.129841018766,870051.97,-11.804998042857143,0.9571428571428572,moderate,inconsistent,False,high_leverage
0xb1231a4a2dd02f2276fa3c5e2a2f3436e6bfed23,2024-01-10,-1517.091342,Greed,73.0,0.21243523316062177,10660.515440414507,193,0.9108910891089109,4882.00677422402,2057479.48,-7.860576901554404,0.6683937823834197,moderate,inconsistent,False,high_leverage
0xb1231a4a2dd02f2276fa3c5e2a2f3436e6bfed23,2024-01-11,-164.08950099999998,Extreme Greed,76.0,0.2631578947368421,13641.064736842105,19,1.375,4602.293468132104,259180.22999999998,-8.636289526315789,1.0,moderate,inconsistent,False,high_leverage
0xb1231a4a2dd02f2276fa3c5e2a2f3436e6bfed23,2024-01-12,-1925.519024,Greed,71.0,0.0,28583.181428571428,7,2.5,20582.801067494252,200082.27,-275.0741462857143,0.8571428571428571,moderate,inconsistent,False,high_leverage
0xb1231a4a2dd02f2276fa3c5e2a2f3436e6bfed23,2024-01-15,0.0,Neutral,52.0,0.0,10001.248,5,0.0,9472.737774239615,50006.24,0.0,1.0,moderate,inconsistent,False,high_leverage
0xb1231a4a2dd02f2276fa3c5e2a2f3436e6bfed23,2024-01-16,939.6285419999999,Greed,64.0,1.0,17648.416666666668,3,0.0,7778.634186722411,52945.25,313.20951399999996,1.0,moderate,inconsistent,True,high_leverage
0xb1231a4a2dd02f2276fa3c5e2a2f3436e6bfed23,2024-01-17,813.2741110000001,Greed,60.0,0.20754716981132076,15110.019433962265,53,1.4090909090909092,6895.8628057050455,800831.03,15.344794547169812,0.6792452830188679,moderate,inconsistent,True,high_leverage
0xb1231a4a2dd02f2276fa3c5e2a2f3436e6bfed23,2024-01-18,68.93319,Greed,63.0,0.06521739130434782,9231.120217391304,46,0.6428571428571429,2976.9778275766466,424631.52999999997,1.4985476086956522,0.5869565217391305,moderate,inconsistent,True,high_leverage
0xb1231a4a2dd02f2276fa3c5e2a2f3436e6bfed23,2024-01-19,-385.215235,Neutral,51.0,0.1282051282051282,10946.209230769231,39,2.25,5149.124596650219,426902.16,-9.877313717948718,0.8461538461538461,moderate,inconsistent,False,high_leverage
0xb1231a4a2dd02f2276fa3c5e2a2f3436e6bfed23,2024-01-20,-146.57487000000003,Neutral,52.0,0.14150943396226415,10095.193490566038,106,1.3043478260869565,3662.2406453851645,1070090.51,-1.3827817924528305,1.0,moderate,inconsistent,False,high_leverage
0xb1231a4a2dd02f2276fa3c5e2a2f3436e6bfed23,2024-01-21,266.58114600000005,Greed,56.0,0.2727272727272727,9375.43090909091,11,0.375,8464.41280807906,103129.74,24.234649636363642,1.0,moderate,inconsistent,True,high_leverage
0xb1231a4a2dd02f2276fa3c5e2a2f3436e6bfed23,2024-01-22,209.39217099999996,Greed,55.0,0.24324324324324326,7671.794864864864,37,1.6428571428571428,2997.341756899629,283856.41,5.659247864864864,0.7027027027027027,moderate,inconsistent,True,high_leverage
0xb1231a4a2dd02f2276fa3c5e2a2f3436e6bfed23,2024-01-23,-369.2447299999998,Neutral,50.0,0.24444444444444444,9211.531777777778,45,2.75,3893.846963343857,414518.93000000005,-8.20543844444444,0.6,moderate,inconsistent,False,high_leverage
0xb1231a4a2dd02f2276fa3c5e2a2f3436e6bfed23,2024-01-24,-2808.353815,Neutral,48.0,0.14705882352941177,14192.42044117647,68,0.6585365853658537,6969.145654699566,965084.59,-41.29932080882353,0.9852941176470589,moderate,inconsistent,False,high_leverage
0xb1231a4a2dd02f2276fa3c5e2a2f3436e6bfed23,2024-01-25,-3093.6293849999997,Neutral,52.0,0.0,11094.355000000001,6,0.0,37.15305111825111,66566.13,-515.6048975,1.0,moderate,inconsistent,False,medium_leverage
0xb1231a4a2dd02f2276fa3c5e2a2f3436e6bfed23,2024-01-26,0.0,Neutral,49.0,0.0,839.1366666666667,3,0.0,0.013888239828131312,2517.41,0.0,1.0,moderate,inconsistent,False,low_leverage
0xb1231a4a2dd02f2276fa3c5e2a2f3436e6bfed23,2024-01-29,484.847102,Greed,55.0,0.6111111111111112,5724.157222222222,72,0.38461538461538464,3008.785108352582,412139.32,6.733987527777778,1.0,moderate,inconsistent,True,high_leverage
0xb1231a4a2dd02f2276fa3c5e2a2f3436e6bfed23,2024-01-30,-173.65419100000003,Greed,61.0,0.10204081632653061,8183.905714285715,49,1.3333333333333333,4062.2086029261154,401011.38,-3.5439630816326537,1.0,moderate,inconsistent,False,high_leverage
0xb1231a4a2dd02f2276fa3c5e2a2f3436e6bfed23,2024-01-31,-799.840817,Greed,60.0,0.2689173457508731,7340.683504074505,859,1.2082262210796915,2671.9914897282633,6305647.13,-0.93113017112922,0.9906868451688009,moderate,inconsistent,False,high_leverage
0xb1231a4a2dd02f2276fa3c5e2a2f3436e6bfed23,2024-02-01,0.0,Greed,63.0,0.0,334.69666666666666,6,0.0,166.67637628000992,2008.18,0.0,1.0,moderate,inconsistent,False,medium_leverage
0xb1231a4a2dd02f2276fa3c5e2a2f3436e6bfed23,2024-02-02,456.423473,Greed,63.0,0.30952380952380953,11292.343571428572,42,0.8260869565217391,5254.439073223565,474278.43,10.867225547619048,0.7619047619047619,moderate,inconsistent,True,high_leverage
0xb1231a4a2dd02f2276fa3c5e2a2f3436e6bfed23,2024-02-03,223.30918699999998,Greed,60.0,0.10714285714285714,10782.5,56,0.47368421052631576,5108.1224969816885,603820.0,3.9876640535714283,0.8214285714285714,moderate,inconsistent,True,high_leverage
0xb1231a4a2dd02f2276fa3c5e2a2f3436e6bfed23,2024-02-04,47.62389499999999,Greed,60.0,0.2571428571428571,5805.358,35,1.1875,1435.0304433722,203187.53,1.360682714285714,0.8,moderate,inconsistent,True,high_leverage
0xb1231a4a2dd02f2276fa3c5e2a2f3436e6bfed23,2024-02-05,-33.45419400000003,Greed,60.0,0.19444444444444445,10697.198055555556,72,0.8461538461538461,4469.115119183086,770198.26,-0.4646415833333337,0.9166666666666666,moderate,inconsistent,False,high_leverage
0xb1231a4a2dd02f2276fa3c5e2a2f3436e6bfed23,2024-02-06,-215.615907,Greed,64.0,0.1645220588235294,7396.280707720588,1088,0.9087719298245615,2790.912827306292,8047153.41,-0.19817638511029412,0.5542279411764706,moderate,inconsistent,False,high_leverage
0xb1231a4a2dd02f2276fa3c5e2a2f3436e6bfed23,2024-02-07,241.24212,Greed,62.0,0.13333333333333333,450.582,15,0.875,34.42156903338918,6758.73,16.082808,0.13333333333333333,moderate,inconsistent,True,medium_leverage
0xb1231a4a2dd02f2276fa3c5e2a2f3436e6bfed23,2024-02-08,770.756024,Greed,66.0,0.4,2605.112,10,0.25,446.7868699170796,26051.12,77.07560240000001,0.4,moderate,inconsistent,True,high_leverage
0xb1231a4a2dd02f2276fa3c5e2a2f3436e6bfed23,2024-02-11,983.443176,Greed,71.0,0.20588235294117646,6244.465294117647,34,2.090909090909091,2798.242986663403,212311.82,28.924799294117648,0.6470588235294118,moderate,inconsistent,True,high_leverage
0xb1231a4a2dd02f2276fa3c5e2a2f3436e6bfed23,2024-02-12,913.8817869999998,Greed,70.0,0.375,14202.981249999999,16,2.2,4021.5831944713536,227247.69999999998,57.11761168749999,0.5625,moderate,inconsistent,True,high_leverage
0xb1231a4a2dd02f2276fa3c5e2a2f3436e6bfed23,2024-02-13,559.44389,Extreme Greed,79.0,1.0,142.85642857142858,14,0.0,0.002256874227283659,1999.99,39.960277857142856,0.0,moderate,inconsistent,True,low_leverage
0xb1231a4a2dd02f2276fa3c5e2a2f3436e6bfed23,2024-02-14,191.29666400000002,Greed,74.0,0.17391304347826086,4465.268695652174,23,0.4375,2334.336551484815,102701.18,8.317246260869567,0.8695652173913043,moderate,inconsistent,True,high_leverage
0xb1231a4a2dd02f2276fa3c5e2a2f3436e6bfed23,2024-02-15,816.0903969999999,Greed,72.0,0.7272727272727273,9886.378181818181,11,0.375,3130.574236676269,108750.16,74.19003609090909,1.0,moderate,inconsistent,True,high_leverage
0xb1231a4a2dd02f2276fa3c5e2a2f3436e6bfed23,2024-02-16,0.0,Greed,72.0,0.0,8396.053333333333,12,5.0,6440.0739992854205,100752.64,0.0,0.8333333333333334,moderate,inconsistent,False,high_leverage
0xb1231a4a2dd02f2276fa3c5e2a2f3436e6bfed23,2024-02-17,259.62944200000004,Extreme Greed,76.0,0.23333333333333334,6791.962666666667,30,5.0,1611.0173776064032,203758.88,8.654314733333335,0.9333333333333333,moderate,inconsistent,True,high_leverage
0xb1231a4a2dd02f2276fa3c5e2a2f3436e6bfed23,2024-02-19,-8.05898,Extreme Greed,75.0,0.16666666666666666,8333.848333333333,6,1.0,837.4586270454965,50003.09,-1.3431633333333333,1.0,moderate,inconsistent,False,high_leverage
0xb1231a4a2dd02f2276fa3c5e2a2f3436e6bfed23,2024-02-20,210.315294,Greed,72.0,1.0,427.575,4,0.0,0.016025008786236625,1710.3,52.5788235,1.0,moderate,inconsistent,True,low_leverage
0xb1231a4a2dd02f2276fa3c5e2a2f3436e6bfed23,2024-02-21,0.0,Extreme Greed,78.0,0.0,10005.6,1,0.0,10005.6,10005.6,0.0,1.0,moderate,inconsistent,False,high_leverage
0xb1231a4a2dd02f2276fa3c5e2a2f3436e6bfed23,2024-02-22,0.0,Greed,74.0,0.0,2500.32,2,0.0,0.24160579131781257,5000.64,0.0,1.0,moderate,inconsistent,False,low_leverage
0xb1231a4a2dd02f2276fa3c5e2a2f3436e6bfed23,2024-02-26,0.0,Greed,72.0,0.0,249.98499999999999,2,0.0,15.685665188470066,499.96999999999997,0.0,0.0,moderate,inconsistent,False,medium_leverage
0xb1231a4a2dd02f2276fa3c5e2a2f3436e6bfed23,2024-02-27,576.38114,Extreme Greed,79.0,0.875,322.04,8,0.0,3.127089866625961,2576.32,72.0476425,0.875,moderate,inconsistent,True,low_leverage
0xb1231a4a2dd02f2276fa3c5e2a2f3436e6bfed23,2024-02-29,1320.804256,Extreme Greed,80.0,0.42857142857142855,3546.727142857143,7,0.0,27.692673937587745,24827.09,188.68632228571428,1.0,moderate,inconsistent,True,medium_leverage
0xb1231a4a2dd02f2276fa3c5e2a2f3436e6bfed23,2024-03-02,-1443.814567,Extreme Greed,80.0,0.0,420.5385714285714,7,0.0,0.04948267580736002,2943.77,-206.25922385714284,1.0,moderate,inconsistent,False,low_leverage
0xb1231a4a2dd02f2276fa3c5e2a2f3436e6bfed23,2024-03-04,1026.004099,Extreme Greed,82.0,1.0,290.5161538461538,13,0.0,4.774798858446006,3776.71,78.92339223076922,1.0,moderate,inconsistent,True,low_leverage
0xb1231a4a2dd02f2276fa3c5e2a2f3436e6bfed23,2024-03-15,388.830831,Extreme Greed,83.0,0.42105263157894735,3995.254210526316,19,0.46153846153846156,377.7804081665453,75909.83,20.46478057894737,1.0,moderate,inconsistent,True,medium_leverage
0xb1231a4a2dd02f2276fa3c5e2a2f3436e6bfed23,2024-03-16,0.0,Extreme Greed,81.0,0.0,5000.0,2,0.0,0.0013076129869142874,10000.0,0.0,0.0,moderate,inconsistent,False,low_leverage
0xb1231a4a2dd02f2276fa3c5e2a2f3436e6bfed23,2024-03-17,0.0,Extreme Greed,79.0,0.0,3751.305,2,0.0,3751.305,7502.61,0.0,1.0,moderate,inconsistent,False,high_leverage
0xb1231a4a2dd02f2276fa3c5e2a2f3436e6bfed23,2024-03-18,212.3193,Extreme Greed,77.0,1.0,5214.47,1,0.0,14.181316290454175,5214.47,212.3193,1.0,moderate,inconsistent,True,low_leverage
0xb1231a4a2dd02f2276fa3c5e2a2f3436e6bfed23,2024-03-19,-174.00152,Extreme Greed,79.0,0.0,2982.842,10,4.0,85.01662195682908,29828.420000000002,-17.400152,0.2,moderate,inconsistent,False,medium_leverage
0xb1231a4a2dd02f2276fa3c5e2a2f3436e6bfed23,2024-03-20,3829.986976,Greed,74.0,0.4,7134.341,10,1.5,2781.920891125734,71343.41,382.9986976,0.8,moderate,inconsistent,True,high_leverage
0xb1231a4a2dd02f2276fa3c5e2a2f3436e6bfed23,2024-03-21,238.326075,Extreme Greed,78.0,0.25,2560.8025000000002,4,3.0,543.490538863861,10243.210000000001,59.58151875,1.0,moderate,inconsistent,True,high_leverage
0xb1231a4a2dd02f2276fa3c5e2a2f3436e6bfed23,2024-04-02,0.0,Extreme Greed,79.0,0.0,3749.9725,4,0.0,1553.9551637069922,14999.89,0.0,0.0,moderate,inconsistent,False,high_leverage
0xb1231a4a2dd02f2276fa3c5e2a2f3436e6bfed23,2024-04-03,0.0,Greed,71.0,0.0,4999.83,2,0.0,4992.04434988605,9999.66,0.0,0.0,moderate,inconsistent,False,high_leverage
0xb1231a4a2dd02f2276fa3c5e2a2f3436e6bfed23,2024-04-05,965.5522159999999,Extreme Greed,79.0,1.0,3245.635,8,0.0,11.119163525223364,25965.08,120.69402699999999,1.0,moderate,inconsistent,True,low_leverage
0xb1231a4a2dd02f2276fa3c5e2a2f3436e6bfed23,2024-04-12,-2830.444513,Extreme Greed,79.0,0.0,2021.84,15,0.0,0.0015469015693185654,30327.6,-188.69630086666666,1.0,moderate,inconsistent,False,low_leverage
0xb1231a4a2dd02f2276fa3c5e2a2f3436e6bfed23,2024-04-26,0.0,Greed,70.0,0.0,1662.7633333333335,3,0.0,0.00401361826892716,4988.290000000001,0.0,1.0,moderate,inconsistent,False,low_leverage
0xb1231a4a2dd02f2276fa3c5e2a2f3436e6bfed23,2024-04-28,0.0,Greed,65.0,0.0,339.7238,50,0.0,0.0011064341761892519,16986.19,0.0,1.0,moderate,inconsistent,False,low_leverage
0xb1231a4a2dd02f2276fa3c5e2a2f3436e6bfed23,2024-04-29,0.0,Greed,67.0,0.0,301.70142857142855,14,0.0,0.0013313056432956115,4223.82,0.0,1.0,moderate,inconsistent,False,low_leverage
0xb1231a4a2dd02f2276fa3c5e2a2f3436e6bfed23,2024-05-03,0.0,Neutral,48.0,0.0,829.8083333333334,6,0.0,0.004279340726507492,4978.85,0.0,1.0,moderate,inconsistent,False,low_leverage
0xb1231a4a2dd02f2276fa3c5e2a2f3436e6bfed23,2024-05-04,0.0,Greed,67.0,0.0,1666.47,3,0.0,736.6495644917176,4999.41,0.0,1.0,moderate,inconsistent,False,high_leverage
0xb1231a4a2dd02f2276fa3c5e2a2f3436e6bfed23,2024-05-07,227.320653,Greed,68.0,0.2857142857142857,1395.532857142857,7,0.4,0.0062831481842579515,9768.73,32.474379,1.0,moderate,inconsistent,True,low_leverage
0xb1231a4a2dd02f2276fa3c5e2a2f3436e6bfed23,2024-05-09,0.0,Greed,55.0,0.0,1658.5133333333333,3,0.0,0.013178917592097479,4975.54,0.0,1.0,moderate,inconsistent,False,low_leverage
0xb1231a4a2dd02f2276fa3c5e2a2f3436e6bfed23,2024-05-12,0.0,Greed,56.0,0.0,782.6861538461538,13,1.1666666666666667,117.91070692257917,10174.92,0.0,1.0,moderate,inconsistent,False,medium_leverage
0xb1231a4a2dd02f2276fa3c5e2a2f3436e6bfed23,2024-05-13,0.0,Greed,57.0,0.0,1658.2700000000002,3,0.0,0.02999038449369262,4974.81,0.0,1.0,moderate,inconsistent,False,low_leverage
0xb1231a4a2dd02f2276fa3c5e2a2f3436e6bfed23,2024-05-16,0.0,Greed,70.0,0.0,1280.0233333333333,3,0.0,0.05698294530849862,3840.0699999999997,0.0,1.0,moderate,inconsistent,False,low_leverage
0xb1231a4a2dd02f2276fa3c5e2a2f3436e6bfed23,2024-05-20,-74.818442,Greed,70.0,0.0,1707.1166666666668,3,0.0,3.965711653407656,5121.35,-24.939480666666668,1.0,moderate,inconsistent,False,low_leverage
0xb1231a4a2dd02f2276fa3c5e2a2f3436e6bfed23,2024-05-21,1272.088356,Extreme Greed,76.0,0.09722222222222222,8594.73125,72,0.3333333333333333,3630.9706334429256,618820.65,17.667893833333334,1.0,moderate,inconsistent,True,high_leverage
0xb1231a4a2dd02f2276fa3c5e2a2f3436e6bfed23,2024-05-23,0.0,Extreme Greed,76.0,0.0,3896.7610526315784,19,0.1875,1463.5429994313752,74038.45999999999,0.0,1.0,moderate,inconsistent,False,high_leverage
0xb1231a4a2dd02f2276fa3c5e2a2f3436e6bfed23,2024-05-24,821.949278,Greed,74.0,1.0,25405.949999999997,2,0.0,2795.606031161946,50811.899999999994,410.974639,1.0,moderate,inconsistent,True,high_leverage
0xb1231a4a2dd02f2276fa3c5e2a2f3436e6bfed23,2024-05-25,0.0,Extreme Greed,76.0,0.0,12503.574999999999,2,0.0,12394.546711234874,25007.149999999998,0.0,1.0,moderate,inconsistent,False,high_leverage
0xb1231a4a2dd02f2276fa3c5e2a2f3436e6bfed23,2024-05-26,773.4582,Extreme Greed,75.0,0.2222222222222222,5640.383333333334,9,0.0,388.60653479406864,50763.450000000004,85.9398,1.0,moderate,inconsistent,True,medium_leverage
0xb1231a4a2dd02f2276fa3c5e2a2f3436e6bfed23,2024-06-07,0.0,Extreme Greed,77.0,0.0,77.5807142857143,14,0.0,4.179529609597795,1086.13,0.0,1.0,moderate,inconsistent,False,low_leverage
0xb1231a4a2dd02f2276fa3c5e2a2f3436e6bfed23,2024-06-09,0.0,Extreme Greed,75.0,0.0,117.52166666666666,12,0.0,0.15172514571046944,1410.26,0.0,1.0,moderate,inconsistent,False,low_leverage
0xb1231a4a2dd02f2276fa3c5e2a2f3436e6bfed23,2024-06-11,4269.550668,Greed,74.0,0.10666666666666667,1046.24,75,0.0,204.2161098234917,78468.0,56.92734224,1.0,moderate,inconsistent,True,medium_leverage
0xb1231a4a2dd02f2276fa3c5e2a2f3436e6bfed23,2024-06-12,0.0,Greed,72.0,0.0,41.1072972972973,37,0.0,0.014932047302279434,1520.97,0.0,1.0,moderate,inconsistent,False,low_leverage
0xb1231a4a2dd02f2276fa3c5e2a2f3436e6bfed23,2024-06-13,6634.160155,Greed,70.0,0.24358974358974358,1699.554487179487,78,25.0,706.7862307188302,132565.25,85.05333532051282,0.9871794871794872,moderate,inconsistent,True,high_leverage
0xb1231a4a2dd02f2276fa3c5e2a2f3436e6bfed23,2024-06-14,10258.592609,Greed,74.0,1.0,2791.98,15,0.0,0.6739787431290333,41879.7,683.9061739333333,0.13333333333333333,moderate,inconsistent,True,low_leverage
0xb1231a4a2dd02f2276fa3c5e2a2f3436e6bfed23,2024-06-15,1285.5244400000001,Greed,74.0,0.225,3156.3154999999997,40,0.0,255.1561508809873,126252.62,32.138111,1.0,moderate,inconsistent,True,medium_leverage
0xb1231a4a2dd02f2276fa3c5e2a2f3436e6bfed23,2024-06-16,0.0,Greed,71.0,0.0,2294.0981818181817,11,0.0,0.10680501831768453,25235.079999999998,0.0,1.0,moderate,inconsistent,False,low_leverage
0xb1231a4a2dd02f2276fa3c5e2a2f3436e6bfed23,2024-06-17,9330.743339,Greed,71.0,0.875,4828.689166666667,24,0.0,675.1710373802093,115888.54000000001,388.78097245833334,1.0,moderate,inconsistent,True,high_leverage
0xb1231a4a2dd02f2276fa3c5e2a2f3436e6bfed23,2024-06-18,282.57636,Greed,74.0,0.2222222222222222,11128.698333333334,18,3.5,2296.103021907684,200316.57,15.698686666666667,0.7777777777777778,moderate,inconsistent,True,high_leverage
0xb1231a4a2dd02f2276fa3c5e2a2f3436e6bfed23,2024-06-19,2833.6833,Greed,64.0,0.34146341463414637,4971.736829268292,41,0.0,404.3112162826982,203841.21,69.11422682926829,0.9024390243902439,moderate,inconsistent,True,medium_leverage
0xb1231a4a2dd02f2276fa3c5e2a2f3436e6bfed23,2024-06-20,0.0,Greed,60.0,0.0,314.2848148148148,27,0.0,0.045702133245032694,8485.69,0.0,1.0,moderate,inconsistent,False,low_leverage
0xb1231a4a2dd02f2276fa3c5e2a2f3436e6bfed23,2024-06-21,0.0,Greed,63.0,0.0,1478.9595652173912,69,4.75,237.35637433157092,102048.20999999999,0.0,1.0,moderate,inconsistent,False,medium_leverage
0xb1231a4a2dd02f2276fa3c5e2a2f3436e6bfed23,2024-06-22,756.876565,Neutral,53.0,0.38095238095238093,7218.764761904762,21,0.05,3969.0012351243827,151594.06,36.041741190476195,0.9047619047619048,moderate,inconsistent,True,high_leverage
0xb1231a4a2dd02f2276fa3c5e2a2f3436e6bfed23,2024-06-23,0.0,Greed,55.0,0.0,358.424,5,0.0,0.09546416216855404,1792.12,0.0,0.0,moderate,inconsistent,False,low_leverage
0xb1231a4a2dd02f2276fa3c5e2a2f3436e6bfed23,2024-06-24,0.0,Neutral,51.0,0.0,15099.543,10,0.6666666666666666,501.58925799452857,150995.43,0.0,0.6,moderate,inconsistent,False,high_leverage
0xb1231a4a2dd02f2276fa3c5e2a2f3436e6bfed23,2024-06-25,4869.353105,Fear,30.0,0.22448979591836735,2104.062857142857,49,0.2894736842105263,51.57589793672921,103099.08,99.3745531632653,1.0,moderate,inconsistent,True,medium_leverage
0xb1231a4a2dd02f2276fa3c5e2a2f3436e6bfed23,2024-06-26,0.0,Neutral,46.0,0.0,24.288292682926826,41,0.0,0.009677493767231512,995.8199999999999,0.0,0.36585365853658536,moderate,inconsistent,False,low_leverage
0xb1231a4a2dd02f2276fa3c5e2a2f3436e6bfed23,2024-06-27,0.0,Fear,40.0,0.0,583.1594444444444,18,2.0,0.04575747942332311,10496.869999999999,0.0,1.0,moderate,inconsistent,False,low_leverage
0xb1231a4a2dd02f2276fa3c5e2a2f3436e6bfed23,2024-06-29,4307.587820000001,Fear,30.0,0.1896551724137931,975.2437931034483,58,0.48717948717948717,2.609897225961043,56564.14,74.26875551724139,0.896551724137931,moderate,inconsistent,True,low_leverage
0xb1231a4a2dd02f2276fa3c5e2a2f3436e6bfed23,2024-06-30,0.0,Neutral,47.0,0.0,47.401818181818186,11,0.2222222222222222,0.017557708675513265,521.4200000000001,0.0,0.0,moderate,inconsistent,False,low_leverage
0xb1231a4a2dd02f2276fa3c5e2a2f3436e6bfed23,2024-07-01,3863.351096,Neutral,53.0,0.3333333333333333,5205.286274509804,51,0.0851063829787234,237.50635923452083,265469.6,75.7519822745098,0.6078431372549019,moderate,inconsistent,True,medium_leverage
0xb1231a4a2dd02f2276fa3c5e2a2f3436e6bfed23,2024-07-02,2421.253116,Neutral,51.0,0.7222222222222222,1852.6372222222224,18,2.6,0.3709171208847058,33347.47,134.514062,0.4444444444444444,moderate,inconsistent,True,low_leverage
0xb1231a4a2dd02f2276fa3c5e2a2f3436e6bfed23,2024-07-03,0.0,Neutral,50.0,0.0,9465.0725,8,0.0,9375.175792824408,75720.58,0.0,0.125,moderate,inconsistent,False,high_leverage
0xb1231a4a2dd02f2276fa3c5e2a2f3436e6bfed23,2024-07-04,0.0,Fear,44.0,0.0,15958.708181818183,11,0.0,402.16140095594767,175545.79,0.0,0.36363636363636365,moderate,inconsistent,False,medium_leverage
0xb1231a4a2dd02f2276fa3c5e2a2f3436e6bfed23,2024-07-05,0.0,Fear,29.0,0.0,165.92916666666667,12,0.0,0.0658087012561237,1991.15,0.0,0.0,moderate,inconsistent,False,low_leverage
0xb1231a4a2dd02f2276fa3c5e2a2f3436e6bfed23,2024-07-06,108.87217799999999,Fear,26.0,0.2916666666666667,103.75708333333334,24,2.4285714285714284,0.599480076320242,2490.17,4.53634075,0.9583333333333334,moderate,inconsistent,True,low_leverage
0xb1231a4a2dd02f2276fa3c5e2a2f3436e6bfed23,2024-07-07,61.428942,Fear,29.0,1.0,49.875,10,0.0,0.02090548456368189,498.75,6.1428942,0.0,moderate,inconsistent,True,low_leverage
0xb1231a4a2dd02f2276fa3c5e2a2f3436e6bfed23,2024-07-08,0.0,Fear,28.0,0.0,497.64,1,0.0,0.2149645857248975,497.64,0.0,0.0,moderate,inconsistent,False,low_leverage
0xb1231a4a2dd02f2276fa3c5e2a2f3436e6bfed23,2024-07-09,648.984412,Fear,27.0,1.0,182.42999999999998,15,0.0,0.083685783145573,2736.45,43.265627466666665,0.2,moderate,inconsistent,True,low_leverage
0xb1231a4a2dd02f2276fa3c5e2a2f3436e6bfed23,2024-07-10,382.10788099999996,Fear,28.0,0.38461538461538464,1229.4692307692308,13,0.0,17.14435427721038,15983.1,29.39291392307692,1.0,moderate,inconsistent,True,medium_leverage
0xb1231a4a2dd02f2276fa3c5e2a2f3436e6bfed23,2024-07-12,1412.314654,Fear,25.0,1.0,1508.48,9,0.0,0.5181773788006523,13576.32,156.92385044444444,1.0,moderate,inconsistent,True,low_leverage
0xb1231a4a2dd02f2276fa3c5e2a2f3436e6bfed23,2024-07-13,234.778463,Fear,25.0,1.0,124.795,4,0.0,0.0746616571247799,499.18,58.69461575,1.0,moderate,inconsistent,True,low_leverage
0xb1231a4a2dd02f2276fa3c5e2a2f3436e6bfed23,2024-07-17,0.0,Greed,69.0,0.0,1427.2385714285715,7,0.0,21.804516795655854,9990.67,0.0,1.0,moderate,inconsistent,False,medium_leverage
0xb1231a4a2dd02f2276fa3c5e2a2f3436e6bfed23,2024-07-24,0.0,Greed,69.0,0.0,170.22400000000002,35,16.5,6.973448113565583,5957.84,0.0,1.0,moderate,inconsistent,False,low_leverage
0xb1231a4a2dd02f2276fa3c5e2a2f3436e6bfed23,2024-07-25,916.7382600000001,Greed,68.0,0.8333333333333334,764.4941666666667,12,0.0,0.4314769552482694,9173.93,76.394855,0.8333333333333334,moderate,inconsistent,True,low_leverage
0xb1231a4a2dd02f2276fa3c5e2a2f3436e6bfed23,2024-07-26,2425.262989,Greed,68.0,0.9666666666666667,8415.887666666667,30,0.034482758620689655,365.79166012258787,252476.63,80.84209963333333,0.9666666666666667,moderate,inconsistent,True,medium_leverage
0xb1231a4a2dd02f2276fa3c5e2a2f3436e6bfed23,2024-07-29,112.946925,Greed,74.0,0.4583333333333333,12510.05625,24,1.1818181818181819,6676.360991079393,300241.35,4.706121875,1.0,moderate,inconsistent,True,high_leverage
0xb1231a4a2dd02f2276fa3c5e2a2f3436e6bfed23,2024-08-01,0.0,Neutral,52.0,0.0,3896.047777777778,9,0.0,2662.1814978754855,35064.43,0.0,0.4444444444444444,moderate,inconsistent,False,high_leverage
0xb1231a4a2dd02f2276fa3c5e2a2f3436e6bfed23,2024-08-02,554.12049,Greed,57.0,0.4166666666666667,5882.177500000001,12,1.4,1312.045783007419,70586.13,46.1767075,0.9166666666666666,moderate,inconsistent,True,high_leverage
0xb1231a4a2dd02f2276fa3c5e2a2f3436e6bfed23,2024-08-03,0.0,Fear,37.0,0.0,4168.69,6,0.0,279.8484183558491,25012.14,0.0,0.8333333333333334,moderate,inconsistent,False,medium_leverage
0xb1231a4a2dd02f2276fa3c5e2a2f3436e6bfed23,2024-08-04,0.0,Fear,34.0,0.0,5002.563703703704,27,26.0,1554.1437846493184,135069.22,0.0,0.8888888888888888,moderate,inconsistent,False,high_leverage
0xb1231a4a2dd02f2276fa3c5e2a2f3436e6bfed23,2024-08-05,-8394.889856,Fear,26.0,0.5909090909090909,3331.070909090909,44,0.4666666666666667,750.7391465752097,146567.12,-190.79295127272727,0.8863636363636364,moderate,inconsistent,False,high_leverage
0xb1231a4a2dd02f2276fa3c5e2a2f3436e6bfed23,2024-08-06,51.56325,Extreme Fear,17.0,0.0625,758.8422499999999,80,15.0,116.34150343244592,60707.38,0.644540625,0.9,moderate,inconsistent,True,medium_leverage
0xb1231a4a2dd02f2276fa3c5e2a2f3436e6bfed23,2024-08-07,188.789255,Fear,29.0,0.47619047619047616,94.89190476190477,21,1.1,0.020718072594694898,1992.73,8.989964523809524,0.14285714285714285,moderate,inconsistent,True,low_leverage
0xb1231a4a2dd02f2276fa3c5e2a2f3436e6bfed23,2024-08-08,0.0,Extreme Fear,20.0,0.0,3168.014,5,0.0,48.72269256905049,15840.07,0.0,0.4,moderate,inconsistent,False,medium_leverage
0xb1231a4a2dd02f2276fa3c5e2a2f3436e6bfed23,2024-08-09,6783.078347,Neutral,48.0,0.2833333333333333,5447.171666666666,60,1.0689655172413792,1208.0347743926943,326830.3,113.05130578333333,0.9666666666666667,moderate,inconsistent,True,high_leverage
0xb1231a4a2dd02f2276fa3c5e2a2f3436e6bfed23,2024-08-10,0.0,Fear,40.0,0.0,130.32885057471265,87,0.0,0.03131068257203645,11338.61,0.0,0.9655172413793104,moderate,inconsistent,False,low_leverage
0xb1231a4a2dd02f2276fa3c5e2a2f3436e6bfed23,2024-08-11,0.0,Fear,39.0,0.0,211.8975,16,0.0,0.00046190908346564107,3390.36,0.0,0.875,moderate,inconsistent,False,low_leverage
0xb1231a4a2dd02f2276fa3c5e2a2f3436e6bfed23,2024-08-12,0.0,Fear,25.0,0.0,323.4293548387097,31,2.875,16.304763766433005,10026.31,0.0,1.0,moderate,inconsistent,False,medium_leverage
0xb1231a4a2dd02f2276fa3c5e2a2f3436e6bfed23,2024-08-13,212.08102,Fear,31.0,0.47058823529411764,488.06470588235294,17,16.0,0.22200656290587423,8297.1,12.475354117647058,1.0,moderate,inconsistent,True,low_leverage
0xb1231a4a2dd02f2276fa3c5e2a2f3436e6bfed23,2024-08-14,0.0,Fear,30.0,0.0,136.21066666666667,15,0.0,0.00021827131617986357,2043.16,0.0,1.0,moderate,inconsistent,False,low_leverage
0xb1231a4a2dd02f2276fa3c5e2a2f3436e6bfed23,2024-08-15,0.0,Fear,29.0,0.0,126.86416666666668,12,0.0,0.00018601991731314853,1522.3700000000001,0.0,1.0,moderate,inconsistent,False,low_leverage
0xb1231a4a2dd02f2276fa3c5e2a2f3436e6bfed23,2024-08-16,825.230544,Fear,27.0,0.09090909090909091,4663.112424242424,33,10.0,3035.9043915875877,153882.71,25.00698618181818,1.0,moderate,inconsistent,True,high_leverage
0xb1231a4a2dd02f2276fa3c5e2a2f3436e6bfed23,2024-08-19,339.69958299999996,Fear,28.0,0.625,12539.37875,8,0.6,9213.734748672412,100315.03,42.462447874999995,1.0,moderate,inconsistent,True,high_leverage
0xb1231a4a2dd02f2276fa3c5e2a2f3436e6bfed23,2024-08-24,0.0,Greed,56.0,0.0,3999.9199999999996,5,0.0,3756.166845897472,19999.6,0.0,1.0,moderate,inconsistent,False,high_leverage
0xb1231a4a2dd02f2276fa3c5e2a2f3436e6bfed23,2024-08-25,0.0,Neutral,54.0,0.0,534.9192307692308,13,1.6,287.0448765428552,6953.95,0.0,1.0,moderate,inconsistent,False,medium_leverage
0xb1231a4a2dd02f2276fa3c5e2a2f3436e6bfed23,2024-08-26,0.0,Greed,55.0,0.0,347.75,1,0.0,0.08815789508708535,347.75,0.0,0.0,moderate,inconsistent,False,low_leverage
0xb1231a4a2dd02f2276fa3c5e2a2f3436e6bfed23,2024-08-27,0.0,Neutral,48.0,0.0,121.97604651162791,43,42.0,0.014523549399823022,5244.97,0.0,1.0,moderate,inconsistent,False,low_leverage
0xb1231a4a2dd02f2276fa3c5e2a2f3436e6bfed23,2024-08-28,1333.359645,Fear,30.0,1.0,11832.755000000001,2,0.0,9195.32236994779,23665.510000000002,666.6798225,1.0,moderate,inconsistent,True,high_leverage
0xb1231a4a2dd02f2276fa3c5e2a2f3436e6bfed23,2024-08-29,0.0,Fear,29.0,0.0,9995.85,1,0.0,9995.85,9995.85,0.0,1.0,moderate,inconsistent,False,high_leverage
0xb1231a4a2dd02f2276fa3c5e2a2f3436e6bfed23,2024-08-30,256.464,Fear,34.0,1.0,9739.38,1,0.0,8364.290621779455,9739.38,256.464,1.0,moderate,inconsistent,True,high_leverage
0xb1231a4a2dd02f2276fa3c5e2a2f3436e6bfed23,2024-08-31,0.0,Fear,29.0,0.0,11111.126666666667,9,0.8,5888.174542828148,100000.14,0.0,1.0,moderate,inconsistent,False,high_leverage
0xb1231a4a2dd02f2276fa3c5e2a2f3436e6bfed23,2024-09-04,1065.785132,Fear,27.0,0.15151515151515152,2923.5148484848487,33,10.0,1004.7811533976982,96475.99,32.29651915151515,1.0,moderate,inconsistent,True,high_leverage
0xb1231a4a2dd02f2276fa3c5e2a2f3436e6bfed23,2024-09-06,-1104.856765,Extreme Fear,22.0,0.0,106.74815789473683,38,0.0,0.023909293579273103,4056.43,-29.07517802631579,1.0,moderate,inconsistent,False,low_leverage
0xb1231a4a2dd02f2276fa3c5e2a2f3436e6bfed23,2024-09-09,0.0,Fear,26.0,0.0,2007.2150000000001,2,0.0,0.0019321115028789026,4014.4300000000003,0.0,0.0,moderate,inconsistent,False,low_leverage
0xb1231a4a2dd02f2276fa3c5e2a2f3436e6bfed23,2024-09-10,0.0,Fear,33.0,0.0,766.74,1,0.0,0.0005828817695516327,766.74,0.0,0.0,moderate,inconsistent,False,low_leverage
0xb1231a4a2dd02f2276fa3c5e2a2f3436e6bfed23,2024-09-14,0.0,Neutral,50.0,0.0,101.415,10,0.0,7.191201874210837e-05,1014.1500000000001,0.0,1.0,moderate,inconsistent,False,low_leverage
0xb1231a4a2dd02f2276fa3c5e2a2f3436e6bfed23,2024-09-18,-878.684794,Neutral,45.0,0.0,94.02413793103449,145,0.08208955223880597,0.13039181583092624,13633.5,-6.059895131034483,1.0,moderate,inconsistent,False,low_leverage
0xb1231a4a2dd02f2276fa3c5e2a2f3436e6bfed23,2024-09-19,0.0,Neutral,49.0,0.0,80.09842105263158,19,0.0,5.5193770224120255,1521.8700000000001,0.0,1.0,moderate,inconsistent,False,low_leverage
0xb1231a4a2dd02f2276fa3c5e2a2f3436e6bfed23,2024-09-24,0.0,Neutral,54.0,0.0,111.67333333333335,9,0.0,2.762489263370137,1005.0600000000001,0.0,1.0,moderate,inconsistent,False,low_leverage
0xb1231a4a2dd02f2276fa3c5e2a2f3436e6bfed23,2024-10-04,0.0,Fear,41.0,0.0,0.34,1,0.0,0.0011025793485091471,0.34,0.0,1.0,moderate,inconsistent,False,low_leverage
0xb1231a4a2dd02f2276fa3c5e2a2f3436e6bfed23,2024-10-08,0.0,Neutral,49.0,0.0,0.58,1,0.0,0.0014706631779628566,0.58,0.0,1.0,moderate,inconsistent,False,low_leverage
0xb1231a4a2dd02f2276fa3c5e2a2f3436e6bfed23,2024-12-04,274999.139393,Extreme Greed,78.0,1.0,6249.985227272727,44,0.0,0.04947611886943993,274999.35,6249.98044075,0.0,moderate,inconsistent,True,low_leverage
0xb1231a4a2dd02f2276fa3c5e2a2f3436e6bfed23,2024-12-05,49999.876084999996,Extreme Greed,84.0,1.0,12499.98,4,0.0,0.1103812179104822,49999.92,12499.969021249999,0.0,moderate,inconsistent,True,low_leverage
0xb1231a4a2dd02f2276fa3c5e2a2f3436e6bfed23,2024-12-06,74999.848329,Greed,72.0,1.0,2999.9956,25,0.0,0.027590665734137973,74999.89,2999.99393316,0.0,moderate,inconsistent,True,low_leverage
0xb1231a4a2dd02f2276fa3c5e2a2f3436e6bfed23,2024-12-07,74999.62263,Extreme Greed,75.0,0.6,15999.469999999998,5,0.0,920.2900152360868,79997.34999999999,14999.924525999999,0.4,moderate,inconsistent,True,high_leverage
0xb1231a4a2dd02f2276fa3c5e2a2f3436e6bfed23,2024-12-08,0.0,Extreme Greed,79.0,0.0,3572.0706206896552,145,0.0,14.088518527554163,517950.24,0.0,0.9103448275862069,moderate,inconsistent,False,low_leverage
0xb1231a4a2dd02f2276fa3c5e2a2f3436e6bfed23,2024-12-11,274998.942584,Greed,74.0,1.0,1762.8148717948718,156,0.0,0.019303739021916354,274999.12,1762.8137345128205,0.0,moderate,inconsistent,True,low_leverage
0xb1231a4a2dd02f2276fa3c5e2a2f3436e6bfed23,2024-12-12,449328.107544,Extreme Greed,83.0,1.0,1430.9824522292993,314,0.0,0.02086889598418181,449328.49,1430.9812342165606,0.11464968152866242,moderate,inconsistent,True,low_leverage
0xb1231a4a2dd02f2276fa3c5e2a2f3436e6bfed23,2024-12-14,100273.248286,Extreme Greed,83.0,1.0,2005.4666,50,0.0,0.03699705900079103,100273.33,2005.46496572,1.0,moderate,inconsistent,True,low_leverage
0xb1231a4a2dd02f2276fa3c5e2a2f3436e6bfed23,2024-12-15,49955.768945,Extreme Greed,80.0,1.0,1921.375769230769,26,0.0,0.037692543155868494,49955.77,1921.3757286538462,1.0,moderate,inconsistent,True,low_leverage
0xb1231a4a2dd02f2276fa3c5e2a2f3436e6bfed23,2024-12-17,50346.757308,Extreme Greed,87.0,0.7894736842105263,2640.7076315789473,38,0.0,55.39362184277016,100346.89,1324.914666,0.8157894736842105,moderate,inconsistent,True,medium_leverage
0xb1231a4a2dd02f2276fa3c5e2a2f3436e6bfed23,2024-12-18,2222.47801,Extreme Greed,81.0,1.0,2654.303888888889,18,0.0,5.459689628553046,47777.47,123.47100055555555,1.0,moderate,inconsistent,True,low_leverage
0xb1231a4a2dd02f2276fa3c5e2a2f3436e6bfed23,2024-12-20,0.0,Greed,74.0,0.0,2321.7200000000003,43,0.0,84.8175022473113,99833.96,0.0,1.0,moderate,inconsistent,False,medium_leverage
0xb1231a4a2dd02f2276fa3c5e2a2f3436e6bfed23,2024-12-21,0.0,Greed,73.0,0.0,1608.8398387096772,62,0.0,0.302908844287976,99748.06999999999,0.0,1.0,moderate,inconsistent,False,low_leverage
0xb1231a4a2dd02f2276fa3c5e2a2f3436e6bfed23,2024-12-23,20549.813184,Greed,70.0,0.6984126984126984,3635.03126984127,63,2.3157894736842106,18.385433023715233,229006.97,326.18751085714285,0.873015873015873,moderate,inconsistent,True,medium_leverage
0xb1231a4a2dd02f2276fa3c5e2a2f3436e6bfed23,2024-12-24,0.0,Greed,73.0,0.0,10714.267142857143,7,0.0,4.142990754186216,74999.87,0.0,0.0,moderate,inconsistent,False,low_leverage
0xb1231a4a2dd02f2276fa3c5e2a2f3436e6bfed23,2024-12-26,10371.049075,Extreme Greed,79.0,1.0,1878.7534426229506,61,0.0,2.173441259319513,114603.95999999999,170.01719795081968,1.0,moderate,inconsistent,True,low_leverage
0xb1231a4a2dd02f2276fa3c5e2a2f3436e6bfed23,2024-12-30,0.0,Greed,65.0,0.0,3301.7203999999997,25,0.0,20.40552624708059,82543.01,0.0,1.0,moderate,inconsistent,False,medium_leverage
0xb1231a4a2dd02f2276fa3c5e2a2f3436e6bfed23,2025-01-02,0.0,Greed,70.0,0.0,1666.6133333333335,6,0.0,0.19556351192917076,9999.68,0.0,0.0,moderate,inconsistent,False,low_leverage
0xb1231a4a2dd02f2276fa3c5e2a2f3436e6bfed23,2025-01-03,0.0,Greed,74.0,0.0,557.795,18,0.0,0.012247358456082848,10040.31,0.0,1.0,moderate,inconsistent,False,low_leverage
0xb1231a4a2dd02f2276fa3c5e2a2f3436e6bfed23,2025-01-04,1659.7995640000001,Greed,73.0,0.6842105263157895,1695.0778947368422,19,0.46153846153846156,1.7931024990352105,32206.48,87.35787178947369,1.0,moderate,inconsistent,True,low_leverage
0xb1231a4a2dd02f2276fa3c5e2a2f3436e6bfed23,2025-01-05,956.5545050000001,Greed,72.0,0.9696969696969697,332.21393939393937,33,0.0,0.02048564384506247,10963.06,28.986500151515152,1.0,moderate,inconsistent,True,low_leverage
0xb1231a4a2dd02f2276fa3c5e2a2f3436e6bfed23,2025-01-06,281.45074800000003,Extreme Greed,76.0,0.32941176470588235,237.78799999999998,85,2.0357142857142856,0.5203581909072009,20211.98,3.311185270588236,1.0,moderate,inconsistent,True,low_leverage
0xb1231a4a2dd02f2276fa3c5e2a2f3436e6bfed23,2025-01-08,0.0,Greed,70.0,0.0,944.90625,16,0.0,0.07164210622002698,15118.5,0.0,1.0,moderate,inconsistent,False,low_leverage
0xb1231a4a2dd02f2276fa3c5e2a2f3436e6bfed23,2025-01-15,5383.278555,Greed,70.0,1.0,491.1363636363636,11,0.0,0.007689631324333463,5402.5,489.38895954545455,1.0,moderate,inconsistent,True,low_leverage
0xb1231a4a2dd02f2276fa3c5e2a2f3436e6bfed23,2025-01-16,897.284184,Extreme Greed,75.0,0.4782608695652174,1393.2204347826087,23,0.9166666666666666,3.6133792419154394,32044.07,39.01235582608695,1.0,moderate,inconsistent,True,low_leverage
0xb1231a4a2dd02f2276fa3c5e2a2f3436e6bfed23,2025-01-18,7393.785411,Extreme Greed,77.0,0.38613861386138615,1905.1814851485146,101,0.6290322580645161,7.161027458936846,192423.33,73.20579614851485,1.0,moderate,inconsistent,True,low_leverage
0xb1231a4a2dd02f2276fa3c5e2a2f3436e6bfed23,2025-01-19,3867.854339,Extreme Greed,77.0,1.0,6311.63,3,0.0,0.18801370170327347,18934.89,1289.2847796666667,1.0,moderate,inconsistent,True,low_leverage
0xb1231a4a2dd02f2276fa3c5e2a2f3436e6bfed23,2025-01-20,0.0,Extreme Greed,76.0,0.0,1310.68,23,0.0,119.23174212940063,30145.64,0.0,1.0,moderate,inconsistent,False,medium_leverage
0xb1231a4a2dd02f2276fa3c5e2a2f3436e6bfed23,2025-01-21,2997.363771,Extreme Greed,76.0,0.4230769230769231,1598.0225,52,0.0,41.67921524312441,83097.17,57.64161098076923,1.0,moderate,inconsistent,True,medium_leverage
0xb1231a4a2dd02f2276fa3c5e2a2f3436e6bfed23,2025-01-22,0.0,Extreme Greed,84.0,0.0,1799.2789189189189,111,0.0,0.37312515912495786,199719.96,0.0,1.0,moderate,inconsistent,False,low_leverage
0xb1231a4a2dd02f2276fa3c5e2a2f3436e6bfed23,2025-01-23,25224.994585,Extreme Greed,75.0,1.0,2493.861,90,0.0,1.2370141497348284,224447.49,280.27771761111114,1.0,moderate,inconsistent,True,low_leverage
0xb1231a4a2dd02f2276fa3c5e2a2f3436e6bfed23,2025-01-25,0.0,Extreme Greed,75.0,0.0,1004.8726666666666,15,0.0,4.920275902231111,15073.09,0.0,1.0,moderate,inconsistent,False,low_leverage
0xb1231a4a2dd02f2276fa3c5e2a2f3436e6bfed23,2025-01-27,0.0,Greed,71.0,0.0,3464.2846153846153,13,0.0,0.02500564236150175,45035.7,0.0,0.8461538461538461,moderate,inconsistent,False,low_leverage
0xb1231a4a2dd02f2276fa3c5e2a2f3436e6bfed23,2025-01-29,0.0,Greed,72.0,0.0,305.256,40,0.0,59.57277347103417,12210.24,0.0,1.0,moderate,inconsistent,False,medium_leverage
0xb1231a4a2dd02f2276fa3c5e2a2f3436e6bfed23,2025-01-30,2503.8204370000003,Greed,70.0,0.008928571428571428,1614.6436011904761,336,0.0,6.6171808192084685,542520.25,7.451846538690477,1.0,moderate,inconsistent,True,low_leverage
0xb1231a4a2dd02f2276fa3c5e2a2f3436e6bfed23,2025-01-31,0.0,Extreme Greed,76.0,0.0,1723.3093103448277,58,0.0,0.07905123064467574,99951.94,0.0,0.9827586206896551,moderate,inconsistent,False,low_leverage
0xb1231a4a2dd02f2276fa3c5e2a2f3436e6bfed23,2025-02-01,15452.344326,Greed,68.0,0.2727272727272727,1400.39,11,0.0,0.011055543959877727,15404.29,1404.758575090909,1.0,moderate,inconsistent,True,low_leverage
0xb1231a4a2dd02f2276fa3c5e2a2f3436e6bfed23,2025-02-02,69051.70619,Greed,60.0,0.8068181818181818,6537.665,88,0.0,0.7886895162585376,575314.52,784.6784794318181,0.3977272727272727,moderate,inconsistent,True,low_leverage
0xb1231a4a2dd02f2276fa3c5e2a2f3436e6bfed23,2025-02-03,46742.288748,Fear,44.0,0.3449612403100775,1333.0556976744185,258,0.9694656488549618,14.521528919927015,343928.37,181.17166181395348,1.0,moderate,inconsistent,True,low_leverage
0xb1231a4a2dd02f2276fa3c5e2a2f3436e6bfed23,2025-02-04,16102.444634,Greed,72.0,0.3600605143721634,2456.432904689864,661,0.6401985111662531,61.93281612995672,1623702.15,24.360733183055974,0.9440242057488654,moderate,inconsistent,True,medium_leverage
0xb1231a4a2dd02f2276fa3c5e2a2f3436e6bfed23,2025-02-05,14644.100674,Neutral,54.0,0.42201834862385323,2359.758899082569,218,0.7301587301587301,0.19959467323376853,514427.44,67.17477373394495,0.6972477064220184,moderate,inconsistent,True,low_leverage
0xb1231a4a2dd02f2276fa3c5e2a2f3436e6bfed23,2025-02-06,51100.947505,Neutral,49.0,0.847255369928401,1617.0732696897373,419,5.546875,0.36579632878330326,677553.7,121.95930192124104,0.954653937947494,moderate,inconsistent,True,low_leverage
0xb1231a4a2dd02f2276fa3c5e2a2f3436e6bfed23,2025-02-07,1831.9529619999998,Fear,44.0,0.3356643356643357,1073.4656643356643,143,2.763157894736842,9.39021552147392,153505.59,12.810859874125873,1.0,moderate,inconsistent,True,low_leverage
0xb1231a4a2dd02f2276fa3c5e2a2f3436e6bfed23,2025-02-09,115791.92916,Neutral,46.0,0.1791044776119403,2647.2844776119405,67,1.0303030303030303,67.29365169069011,177368.06,1728.2377486567163,1.0,moderate,inconsistent,True,medium_leverage
0xb1231a4a2dd02f2276fa3c5e2a2f3436e6bfed23,2025-02-10,0.0,Fear,43.0,0.0,1960.124705882353,17,0.0,1.015314610672863,33322.12,0.0,1.0,moderate,inconsistent,False,low_leverage
0xb1231a4a2dd02f2276fa3c5e2a2f3436e6bfed23,2025-02-11,0.0,Neutral,47.0,0.0,2285.4152892561983,121,0.0,5.590223529913581,276535.25,0.0,1.0,moderate,inconsistent,False,low_leverage
0xb1231a4a2dd02f2276fa3c5e2a2f3436e6bfed23,2025-02-12,8664.933786,Neutral,46.0,0.31275720164609055,1698.3335802469135,243,0.723404255319149,1.7598497442452279,412695.06,35.65816372839506,1.0,moderate,inconsistent,True,low_leverage
0xb1231a4a2dd02f2276fa3c5e2a2f3436e6bfed23,2025-02-13,0.0,Neutral,50.0,0.0,1735.2890476190476,168,0.0,0.1261535599616521,291528.56,0.0,0.8273809523809523,moderate,inconsistent,False,low_leverage
0xb1231a4a2dd02f2276fa3c5e2a2f3436e6bfed23,2025-02-14,0.0,Neutral,48.0,0.0,1615.370303030303,165,0.0,0.06447275784603054,266536.1,0.0,0.6848484848484848,moderate,inconsistent,False,low_leverage
0xb1231a4a2dd02f2276fa3c5e2a2f3436e6bfed23,2025-02-18,73677.453556,Neutral,47.0,1.0,2654.748446969697,264,0.0,0.5200735818408823,700853.59,279.0812634696969,0.7575757575757576,moderate,inconsistent,True,low_leverage
0xb1231a4a2dd02f2276fa3c5e2a2f3436e6bfed23,2025-02-19,3350.218775,Fear,44.0,0.3058823529411765,2310.5601176470586,85,0.4406779661016949,6.9550430824085385,196397.61,39.414338529411765,1.0,moderate,inconsistent,True,low_leverage
0xb1231a4a2dd02f2276fa3c5e2a2f3436e6bfed23,2025-02-20,0.0,Neutral,49.0,0.0,1452.1574910394265,279,0.1625,3.5283277049025217,405151.94,0.0,0.8422939068100358,moderate,inconsistent,False,low_leverage
0xb1231a4a2dd02f2276fa3c5e2a2f3436e6bfed23,2025-02-21,3056.449155,Greed,55.0,0.5344827586206896,4768.487241379311,58,1.1481481481481481,0.134205314890856,276572.26,52.697399224137925,0.9482758620689655,moderate,inconsistent,True,low_leverage
0xb1231a4a2dd02f2276fa3c5e2a2f3436e6bfed23,2025-02-22,5628.488702,Neutral,49.0,0.7322834645669292,1574.8144094488189,127,2.735294117647059,0.0888354646140354,200001.43,44.31880867716535,1.0,moderate,inconsistent,True,low_leverage
0xb1231a4a2dd02f2276fa3c5e2a2f3436e6bfed23,2025-02-23,8934.09502,Neutral,50.0,1.0,2278.3786363636364,88,0.0,0.17842361021819064,200497.32,101.52380704545455,1.0,moderate,inconsistent,True,low_leverage
0xb1231a4a2dd02f2276fa3c5e2a2f3436e6bfed23,2025-02-24,10841.97075,Neutral,49.0,0.6057692307692307,1111.8584134615385,208,0.0,0.6698894885739626,231266.55,52.124859375,1.0,moderate,inconsistent,True,low_leverage
0xb1231a4a2dd02f2276fa3c5e2a2f3436e6bfed23,2025-02-25,0.0,Fear,25.0,0.0,1418.0078873239436,71,0.0,0.010058385436316233,100678.56,0.0,1.0,moderate,inconsistent,False,low_leverage
0xb1231a4a2dd02f2276fa3c5e2a2f3436e6bfed23,2025-02-26,0.0,Extreme Fear,21.0,0.0,66.875,26,0.0,0.005232167705637456,1738.75,0.0,1.0,moderate,inconsistent,False,low_leverage
0xb1231a4a2dd02f2276fa3c5e2a2f3436e6bfed23,2025-02-27,0.0,Extreme Fear,10.0,0.0,1508.357,10,0.0,0.0008940465360031393,15083.57,0.0,1.0,moderate,inconsistent,False,low_leverage
0xb1231a4a2dd02f2276fa3c5e2a2f3436e6bfed23,2025-03-04,0.0,Extreme Fear,15.0,0.0,1769.9948051948052,77,0.0,8.374516863291419,136289.6,0.0,1.0,moderate,inconsistent,False,low_leverage
0xb1231a4a2dd02f2276fa3c5e2a2f3436e6bfed23,2025-03-05,4647.056049,Extreme Fear,20.0,0.6404494382022472,2021.519213483146,89,0.5614035087719298,7.595896833578825,179915.21,52.214112910112355,1.0,moderate,inconsistent,True,low_leverage
0xb1231a4a2dd02f2276fa3c5e2a2f3436e6bfed23,2025-03-06,698.036952,Fear,25.0,0.4393939393939394,1905.741818181818,66,1.2758620689655173,25.92358419932878,125778.95999999999,10.576317454545455,1.0,moderate,inconsistent,True,medium_leverage
0xb1231a4a2dd02f2276fa3c5e2a2f3436e6bfed23,2025-03-07,0.0,Fear,34.0,0.0,2891.8463265306123,49,0.0,0.3591498585103295,141700.47,0.0,0.8367346938775511,moderate,inconsistent,False,low_leverage
0xb1231a4a2dd02f2276fa3c5e2a2f3436e6bfed23,2025-03-08,2923.553302,Fear,28.0,0.8478260869565217,1772.4605797101449,138,0.1794871794871795,3.463159707885054,244599.56,21.18516885507246,1.0,moderate,inconsistent,True,low_leverage
0xb1231a4a2dd02f2276fa3c5e2a2f3436e6bfed23,2025-03-09,2752.480766,Fear,27.0,0.30405405405405406,1777.5894594594595,296,2.2888888888888888,53.60654727501053,526166.48,9.298921506756757,0.5945945945945946,moderate,inconsistent,True,medium_leverage
0xb1231a4a2dd02f2276fa3c5e2a2f3436e6bfed23,2025-03-10,0.0,Extreme Fear,20.0,0.0,2392.7903278688523,61,0.0,0.1049408688636867,145960.21,0.0,0.9836065573770492,moderate,inconsistent,False,low_leverage
0xb1231a4a2dd02f2276fa3c5e2a2f3436e6bfed23,2025-03-11,2349.7162,Extreme Fear,24.0,0.47619047619047616,1993.2828205128203,273,0.05,0.31257523175693674,544166.21,8.607019047619048,0.9523809523809523,moderate,inconsistent,True,low_leverage
0xb1231a4a2dd02f2276fa3c5e2a2f3436e6bfed23,2025-03-12,1215.156099,Fear,34.0,0.10179640718562874,1351.2349101796408,334,8.823529411764707,29.984443772721075,451312.46,3.6381919131736526,0.2754491017964072,moderate,inconsistent,True,medium_leverage
0xb1231a4a2dd02f2276fa3c5e2a2f3436e6bfed23,2025-03-13,0.0,Neutral,45.0,0.0,1190.9719047619049,42,0.0,0.04175569615045699,50020.82,0.0,1.0,moderate,inconsistent,False,low_leverage
0xb1231a4a2dd02f2276fa3c5e2a2f3436e6bfed23,2025-03-14,22911.093812,Fear,27.0,1.0,1309.496439628483,323,0.0,0.27187981606880113,422967.35,70.93217898452012,1.0,moderate,inconsistent,True,low_leverage
0xb1231a4a2dd02f2276fa3c5e2a2f3436e6bfed23,2025-03-17,646.346496,Fear,32.0,0.26548672566371684,718.1312389380531,113,2.7666666666666666,18.651569020681347,81148.83,5.719880495575222,1.0,moderate,inconsistent,True,medium_leverage
0xb1231a4a2dd02f2276fa3c5e2a2f3436e6bfed23,2025-03-20,824.5402799999999,Neutral,49.0,0.3333333333333333,1638.5426666666667,30,0.5,9.14468336565061,49156.28,27.484675999999997,1.0,moderate,inconsistent,True,low_leverage
0xb1231a4a2dd02f2276fa3c5e2a2f3436e6bfed23,2025-03-24,0.0,Neutral,45.0,0.0,1314.4001754385965,57,0.0,10.678893939184803,74920.81,0.0,1.0,moderate,inconsistent,False,low_leverage
0xb1231a4a2dd02f2276fa3c5e2a2f3436e6bfed23,2025-03-26,2597.947325,Neutral,47.0,1.0,1903.2236842105262,38,0.0,1.6074738878678907,72322.5,68.36703486842106,1.0,moderate,inconsistent,True,low_leverage
0xb1231a4a2dd02f2276fa3c5e2a2f3436e6bfed23,2025-04-03,0.0,Fear,25.0,0.0,5555.549999999999,9,0.0,998.3675699946621,49999.95,0.0,0.0,moderate,inconsistent,False,high_leverage
0xb1231a4a2dd02f2276fa3c5e2a2f3436e6bfed23,2025-04-04,2242.086667,Fear,28.0,0.6565656565656566,1138.8816161616162,99,0.5230769230769231,3.581992127823387,112749.28,22.64734007070707,1.0,moderate,inconsistent,True,low_leverage
0xb1231a4a2dd02f2276fa3c5e2a2f3436e6bfed23,2025-04-07,3601.4274,Extreme Fear,23.0,0.475,1713.7372500000001,80,1.105263157894737,48.44643699519799,137098.98,45.0178425,1.0,moderate,inconsistent,True,medium_leverage
0xb1231a4a2dd02f2276fa3c5e2a2f3436e6bfed23,2025-04-11,0.0,Fear,25.0,0.0,1665.941,20,0.0,83.04172391317267,33318.82,0.0,1.0,moderate,inconsistent,False,medium_leverage
0xb1231a4a2dd02f2276fa3c5e2a2f3436e6bfed23,2025-04-12,0.0,Fear,43.0,0.0,3918.2294117647057,17,0.0,1.0789148363951884,66609.9,0.0,1.0,moderate,inconsistent,False,low_leverage
0xb1231a4a2dd02f2276fa3c5e2a2f3436e6bfed23,2025-04-13,0.0,Neutral,45.0,0.0,1111.095,30,0.0,0.15779794846951575,33332.85,0.0,0.0,moderate,inconsistent,False,low_leverage
0xb1231a4a2dd02f2276fa3c5e2a2f3436e6bfed23,2025-04-15,0.0,Fear,38.0,0.0,1466.164,50,0.0,0.1429753845782764,73308.2,0.0,1.0,moderate,inconsistent,False,low_leverage
0xb1231a4a2dd02f2276fa3c5e2a2f3436e6bfed23,2025-04-17,0.0,Fear,30.0,0.0,1174.1429523809522,105,0.0,0.07212895456139183,123285.01,0.0,1.0,moderate,inconsistent,False,low_leverage
0xb1231a4a2dd02f2276fa3c5e2a2f3436e6bfed23,2025-04-18,0.0,Fear,33.0,0.0,1165.7812,50,0.0,0.053027054235268406,58289.06,0.0,1.0,moderate,inconsistent,False,low_leverage
0xb1231a4a2dd02f2276fa3c5e2a2f3436e6bfed23,2025-04-19,0.0,Fear,32.0,0.0,1444.9214285714284,98,0.0,0.052635045259072706,141602.3,0.0,0.9897959183673469,moderate,inconsistent,False,low_leverage
0xb1231a4a2dd02f2276fa3c5e2a2f3436e6bfed23,2025-04-20,0.0,Fear,37.0,0.0,1140.8187671232877,73,0.0,0.03343210244373234,83279.77,0.0,1.0,moderate,inconsistent,False,low_leverage
0xb1231a4a2dd02f2276fa3c5e2a2f3436e6bfed23,2025-04-22,0.0,Neutral,47.0,0.0,1461.1758904109588,73,0.0,0.03723494666634143,106665.84,0.0,0.8904109589041096,moderate,inconsistent,False,low_leverage
0xb1231a4a2dd02f2276fa3c5e2a2f3436e6bfed23,2025-04-23,0.0,Greed,72.0,0.0,9722.050000000001,6,0.0,0.22474979255428917,58332.3,0.0,0.8333333333333334,moderate,inconsistent,False,low_leverage
0xb1231a4a2dd02f2276fa3c5e2a2f3436e6bfed23,2025-05-01,102460.17164,Neutral,53.0,0.7808219178082192,3462.1106849315065,73,3.5625,8.665428120548855,252734.08,1403.563995068493,0.7808219178082192,moderate,inconsistent,True,low_leverage
0xb899e522b5715391ae1d4f137653e7906c5e2115,2025-02-28,-72.202951,Extreme Fear,16.0,0.0,735.4342857142857,7,0.4,168.19140274893076,5148.04,-10.314707285714286,1.0,frequent,moderate,False,medium_leverage
0xb899e522b5715391ae1d4f137653e7906c5e2115,2025-03-02,34795.678173,Fear,26.0,0.4838709677419355,24787.07348387097,155,1.0666666666666667,419.9000680336047,3841996.39,224.48824627741936,0.6838709677419355,frequent,moderate,True,medium_leverage
0xb899e522b5715391ae1d4f137653e7906c5e2115,2025-03-03,535.4072209999999,Fear,33.0,0.45161290322580644,16874.44419354839,31,1.2142857142857142,317.46306142750524,523107.77,17.27120067741935,0.9354838709677419,frequent,moderate,True,medium_leverage
0xb899e522b5715391ae1d4f137653e7906c5e2115,2025-03-04,4578.655427,Extreme Fear,15.0,0.5080645161290323,17691.147903225807,124,0.6986301369863014,144.96724638361152,2193702.34,36.92464054032258,1.0,frequent,moderate,True,medium_leverage
0xb899e522b5715391ae1d4f137653e7906c5e2115,2025-03-05,2036.224492,Extreme Fear,20.0,0.38,17587.334199999998,100,1.631578947368421,38.573753461981255,1758733.42,20.362244920000002,1.0,frequent,moderate,True,medium_leverage
0xb899e522b5715391ae1d4f137653e7906c5e2115,2025-03-06,5348.989502,Fear,25.0,0.608,13031.173493333332,375,0.7123287671232876,102.56911517808896,4886690.06,14.263972005333335,0.496,frequent,moderate,True,medium_leverage
0xb899e522b5715391ae1d4f137653e7906c5e2115,2025-03-07,5348.62711,Fear,34.0,0.4597875569044006,19006.84864946889,659,0.8254847645429363,1032.7348414585304,12525513.26,8.116277860394538,0.8179059180576631,frequent,moderate,True,high_leverage
0xb899e522b5715391ae1d4f137653e7906c5e2115,2025-03-09,10760.578324,Fear,27.0,0.6095238095238096,13882.096698412699,630,1.5099601593625498,171.67598831406383,8745720.92,17.080283053968255,0.753968253968254,frequent,moderate,True,medium_leverage
0xb899e522b5715391ae1d4f137653e7906c5e2115,2025-03-10,9163.142483,Extreme Fear,20.0,0.33519553072625696,21399.0256424581,358,1.9833333333333334,141.15254035106034,7660851.18,25.59537006424581,0.9972067039106145,frequent,moderate,True,medium_leverage
0xb899e522b5715391ae1d4f137653e7906c5e2115,2025-03-11,-57956.282957999996,Extreme Fear,24.0,0.19098712446351931,15135.68212446352,466,0.5533333333333333,59.5568683803994,7053227.87,-124.36970591845493,0.7381974248927039,frequent,moderate,False,medium_leverage
0xb899e522b5715391ae1d4f137653e7906c5e2115,2025-03-12,4544.583988,Fear,34.0,0.5816733067729084,28258.839880478085,251,1.3904761904761904,2566.563933728486,7092968.81,18.105912302788845,1.0,frequent,moderate,True,high_leverage
0xb899e522b5715391ae1d4f137653e7906c5e2115,2025-03-13,3896.9493979999997,Neutral,45.0,0.5609756097560976,27309.887804878046,41,1.2777777777777777,8516.764491117752,1119705.4,95.04754629268292,1.0,frequent,moderate,True,high_leverage
0xb899e522b5715391ae1d4f137653e7906c5e2115,2025-03-14,1188.74187,Fear,27.0,0.5609756097560976,40522.281463414634,82,1.2777777777777777,6065.686863711049,3322827.08,14.496852073170732,1.0,frequent,moderate,True,high_leverage
0xb899e522b5715391ae1d4f137653e7906c5e2115,2025-03-15,594.5722,Neutral,46.0,0.5692307692307692,29067.860615384616,65,1.3214285714285714,9630.615432351184,1889410.94,9.147264615384614,1.0,frequent,moderate,True,high_leverage
0xb899e522b5715391ae1d4f137653e7906c5e2115,2025-03-16,-16453.702941,Fear,30.0,0.21138211382113822,37204.39219512195,246,0.696551724137931,7550.897206655225,9152280.48,-66.88497130487805,1.0,frequent,moderate,False,high_leverage
0xb899e522b5715391ae1d4f137653e7906c5e2115,2025-03-17,812.52566,Fear,32.0,0.7254901960784313,31991.233333333337,51,2.642857142857143,9975.36111858642,1631552.9000000001,15.93187568627451,1.0,frequent,moderate,True,high_leverage
0xb899e522b5715391ae1d4f137653e7906c5e2115,2025-03-18,1157.213435,Fear,34.0,0.34375,49549.2075,32,0.5238095238095238,12192.673888410985,1585574.64,36.16291984375,1.0,frequent,moderate,True,high_leverage
0xb899e522b5715391ae1d4f137653e7906c5e2115,2025-03-20,38.9845,Neutral,49.0,0.5,2217.9049999999997,2,1.0,1099.2085869910252,4435.8099999999995,19.49225,1.0,frequent,moderate,True,high_leverage
0xb899e522b5715391ae1d4f137653e7906c5e2115,2025-03-21,829.63013,Fear,31.0,0.5,55552.7575,28,1.0,13486.309287126636,1555477.21,29.6296475,1.0,frequent,moderate,True,high_leverage
0xb899e522b5715391ae1d4f137653e7906c5e2115,2025-03-23,907.21938,Fear,30.0,0.3,81858.2115,20,0.42857142857142855,20311.57848988749,1637164.23,45.360969,1.0,frequent,moderate,True,high_leverage
0xb899e522b5715391ae1d4f137653e7906c5e2115,2025-03-25,-836.051084,Neutral,46.0,0.23157894736842105,35299.146315789476,95,0.9791666666666666,8759.46625507609,3353418.9,-8.800537726315788,1.0,frequent,moderate,False,high_leverage
0xb899e522b5715391ae1d4f137653e7906c5e2115,2025-03-26,-774.039828,Neutral,47.0,0.0,10956.067912087912,91,0.5964912280701754,226.7522568965709,997002.1799999999,-8.505932175824176,1.0,frequent,moderate,False,medium_leverage
0xb899e522b5715391ae1d4f137653e7906c5e2115,2025-03-30,685.277142,Fear,32.0,0.5,27852.182083333333,48,1.0,7934.954429203553,1336904.74,14.276607125,1.0,frequent,moderate,True,high_leverage
0xb899e522b5715391ae1d4f137653e7906c5e2115,2025-04-03,361.071464,Fear,25.0,0.2916666666666667,28371.712916666667,24,1.0,10276.145616068092,680921.11,15.044644333333332,1.0,frequent,moderate,True,high_leverage
0xb899e522b5715391ae1d4f137653e7906c5e2115,2025-04-04,0.0,Fear,28.0,0.0,16948.606666666667,6,0.0,13659.754142598174,101691.64,0.0,1.0,frequent,moderate,False,high_leverage
0xb899e522b5715391ae1d4f137653e7906c5e2115,2025-04-05,611.49348,Fear,30.0,1.0,20460.626,5,0.0,11462.079633610094,102303.13,122.29869599999999,1.0,frequent,moderate,True,high_leverage
0xb899e522b5715391ae1d4f137653e7906c5e2115,2025-04-06,254.093244,Fear,34.0,0.68,19103.7724,25,0.47058823529411764,1663.1171685368247,477594.31,10.16372976,1.0,frequent,moderate,True,high_leverage
0xb899e522b5715391ae1d4f137653e7906c5e2115,2025-04-07,1291.1500099999998,Extreme Fear,23.0,0.26548672566371684,23639.45185840708,113,1.7560975609756098,8489.394478587968,2671258.06,11.42610628318584,1.0,frequent,moderate,True,high_leverage
0xb899e522b5715391ae1d4f137653e7906c5e2115,2025-04-08,936.6942779999999,Extreme Fear,24.0,0.4117647058823529,27027.108770053474,187,0.47244094488188976,9062.245210518251,5054069.34,5.009060310160428,1.0,frequent,moderate,True,high_leverage
0xb899e522b5715391ae1d4f137653e7906c5e2115,2025-04-09,6800.812401,Extreme Fear,18.0,0.509009009009009,27989.12873873874,222,0.9646017699115044,7797.499665335099,6213586.58,30.634290094594594,1.0,frequent,moderate,True,high_leverage
0xb899e522b5715391ae1d4f137653e7906c5e2115,2025-04-10,-117.61638999999997,Fear,39.0,0.5517241379310345,27220.127586206894,116,0.7575757575757576,8203.076580290306,3157534.8,-1.0139343965517238,0.9913793103448276,frequent,moderate,False,high_leverage
0xb899e522b5715391ae1d4f137653e7906c5e2115,2025-04-11,-482.407981,Fear,25.0,0.3828125,40357.236015625,128,0.8823529411764706,10266.855087854385,5165726.21,-3.7688123515625,1.0,frequent,moderate,False,high_leverage
0xb899e522b5715391ae1d4f137653e7906c5e2115,2025-04-12,50.56792,Fear,43.0,0.5714285714285714,23303.475714285716,7,1.3333333333333333,15922.227802800599,163124.33000000002,7.223988571428571,1.0,frequent,moderate,True,high_leverage
0xb899e522b5715391ae1d4f137653e7906c5e2115,2025-04-13,1097.533742,Neutral,45.0,0.15,10551.1865,20,0.17647058823529413,4835.935594561792,211023.73,54.876687100000005,1.0,frequent,moderate,True,high_leverage
0xb899e522b5715391ae1d4f137653e7906c5e2115,2025-04-15,554.38798,Fear,38.0,0.7142857142857143,35885.474642857145,28,0.4,12797.629950270988,1004793.29,19.799570714285714,1.0,frequent,moderate,True,high_leverage
0xbaaaf6571ab7d571043ff1e313a9609a10637864,2024-12-28,-0.06076,Greed,72.0,0.0,86.5075,4,1.0,53.569312137742926,346.03,-0.01519,1.0,frequent,inconsistent,False,medium_leverage
0xbaaaf6571ab7d571043ff1e313a9609a10637864,2025-02-19,31.42038,Fear,44.0,0.01652892561983471,4940.588512396694,121,59.5,72.24446734939359,597811.21,0.2596725619834711,0.01652892561983471,frequent,inconsistent,True,medium_leverage
0xbaaaf6571ab7d571043ff1e313a9609a10637864,2025-02-20,35262.804627,Neutral,49.0,1.0,3421.6945405405404,185,0.0,0.6202077672218302,633013.49,190.60975474054052,1.0,frequent,inconsistent,True,low_leverage
0xbaaaf6571ab7d571043ff1e313a9609a10637864,2025-02-24,22037.667762,Neutral,49.0,0.446730345334313,1645.9218834190547,4083,1.238486842105263,5.183288817041821,6720299.05,5.397420465833946,0.08302718589272594,frequent,inconsistent,True,low_leverage
0xbaaaf6571ab7d571043ff1e313a9609a10637864,2025-02-25,5672.328492,Fear,25.0,0.16859052247873632,3167.5804404617256,3292,4.3354943273906,0.017699042729489908,10427674.81,1.7230645479951396,0.20716889428918592,frequent,inconsistent,True,low_leverage
0xbaaaf6571ab7d571043ff1e313a9609a10637864,2025-02-26,23589.520054,Extreme Fear,21.0,1.0,7136.707680851064,470,0.0,0.11510307147662968,3354252.61,50.1904682,0.15531914893617021,frequent,inconsistent,True,low_leverage
0xbaaaf6571ab7d571043ff1e313a9609a10637864,2025-03-04,0.0,Extreme Fear,15.0,0.0,6625.281438721137,563,0.0,2.078709953555354,3730033.45,0.0,0.3037300177619893,frequent,inconsistent,False,low_leverage
0xbaaaf6571ab7d571043ff1e313a9609a10637864,2025-03-05,229058.684298,Extreme Fear,20.0,0.91353001017294,4677.476866734486,983,0.09465478841870824,0.5387969246111743,4597959.76,233.02002471820958,0.8942014242115972,frequent,inconsistent,True,low_leverage
0xbaaaf6571ab7d571043ff1e313a9609a10637864,2025-03-06,0.0,Fear,25.0,0.0,9899.837042253523,71,0.0,441.5961154930438,702888.43,0.0,0.0,frequent,inconsistent,False,high_leverage
0xbaaaf6571ab7d571043ff1e313a9609a10637864,2025-03-07,87405.926823,Fear,34.0,0.6803377563329313,4768.31558504222,829,0.4698581560283688,0.1548496894040775,3952933.62,105.43537614354645,0.6200241254523522,frequent,inconsistent,True,low_leverage
0xbaaaf6571ab7d571043ff1e313a9609a10637864,2025-03-09,10.184488,Fear,27.0,0.1702127659574468,1697.1225531914893,47,4.875,23.13191077492197,79764.76,0.2166912340425532,0.5957446808510638,frequent,inconsistent,True,medium_leverage
0xbaaaf6571ab7d571043ff1e313a9609a10637864,2025-03-10,5832.316116,Extreme Fear,20.0,0.3118440779610195,5033.190044977511,667,2.206730769230769,131.52178982657043,3357137.76,8.74410212293853,0.18590704647676162,frequent,inconsistent,True,medium_leverage
0xbaaaf6571ab7d571043ff1e313a9609a10637864,2025-03-11,1058.58,Extreme Fear,24.0,0.04663840096910963,2186.8561296184134,1651,20.441558441558442,0.3463037418320586,3610499.47,0.6411750454270139,0.07026044821320412,frequent,inconsistent,True,low_leverage
0xbaaaf6571ab7d571043ff1e313a9609a10637864,2025-03-12,289639.089112,Fear,34.0,0.6526557126480703,3118.5291555215895,2617,0.5322014051522248,0.48308970132434387,8161190.8,110.67599889644632,0.5334352311807413,frequent,inconsistent,True,low_leverage
0xbaaaf6571ab7d571043ff1e313a9609a10637864,2025-03-13,66.447417,Neutral,45.0,1.0,22791.99,1,0.0,0.12498233592812175,22791.99,66.447417,0.0,frequent,inconsistent,True,low_leverage
0xbaaaf6571ab7d571043ff1e313a9609a10637864,2025-03-14,16591.266757,Fear,27.0,0.8892900120336944,2140.244061371841,1662,0.12449255751014884,0.06077877712442481,3557085.63,9.982711646811072,0.011432009626955475,frequent,inconsistent,True,low_leverage
0xbaaaf6571ab7d571043ff1e313a9609a10637864,2025-03-27,18422.612928,Fear,40.0,0.19727891156462585,5352.478163265307,147,4.068965517241379,1.5035663611729009,786814.29,125.32389746938775,0.7006802721088435,frequent,inconsistent,True,low_leverage
0xbaaaf6571ab7d571043ff1e313a9609a10637864,2025-03-28,0.0,Fear,44.0,0.0,1783.29622754491,167,0.0,0.3597553967272698,297810.47,0.0,0.9820359281437125,frequent,inconsistent,False,low_leverage
0xbaaaf6571ab7d571043ff1e313a9609a10637864,2025-03-29,720.749699,Fear,26.0,0.41,2584.3467833333334,600,1.4390243902439024,0.045453337930321906,1550608.07,1.2012494983333333,0.325,frequent,inconsistent,True,low_leverage
0xbaaaf6571ab7d571043ff1e313a9609a10637864,2025-03-30,0.0,Fear,32.0,0.0,3000.0830508474573,354,0.0,0.022337814408597292,1062029.4,0.0,0.53954802259887,frequent,inconsistent,False,low_leverage
0xbaaaf6571ab7d571043ff1e313a9609a10637864,2025-03-31,0.0,Fear,34.0,0.0,8569.022424242425,33,0.0,0.04381742686050448,282777.74,0.0,0.0,frequent,inconsistent,False,low_leverage
0xbaaaf6571ab7d571043ff1e313a9609a10637864,2025-04-02,188114.980392,Fear,44.0,1.0,3804.6953432032305,743,0.0,0.09974967937971016,2826888.64,253.18301533243607,0.9165545087483177,frequent,inconsistent,True,low_leverage
0xbaaaf6571ab7d571043ff1e313a9609a10637864,2025-04-03,3869.208803,Fear,25.0,0.5080042689434365,4677.174855923159,937,0.8815261044176707,201.31113762360667,4382512.84,4.129358381003201,0.5464247598719317,frequent,inconsistent,True,medium_leverage
0xbaaaf6571ab7d571043ff1e313a9609a10637864,2025-04-04,9367.872074,Fear,28.0,0.6792452830188679,2198.7353773584905,318,0.45871559633027525,1.4539629249145736,699197.85,29.45871721383648,0.610062893081761,frequent,inconsistent,True,low_leverage
0xbaaaf6571ab7d571043ff1e313a9609a10637864,2025-04-06,1026.735896,Fear,34.0,0.34468937875751504,2739.437655310621,499,1.9011627906976745,3.8218454563189,1366979.39,2.0575869659318635,0.593186372745491,frequent,inconsistent,True,low_leverage
0xbaaaf6571ab7d571043ff1e313a9609a10637864,2025-04-07,2378.877324,Extreme Fear,23.0,0.3219178082191781,8733.045479452056,146,2.106382978723404,1.0023677359983643,1275024.6400000001,16.293680301369864,0.3219178082191781,frequent,inconsistent,True,low_leverage
0xbaaaf6571ab7d571043ff1e313a9609a10637864,2025-04-30,4.733218,Greed,56.0,1.0,10.14,1,0.0,5.8612716763005785,10.14,4.733218,1.0,frequent,inconsistent,True,low_leverage
0xbaaaf6571ab7d571043ff1e313a9609a10637864,2025-05-01,1.86032,Neutral,53.0,1.0,3.9,1,0.0,3.25,3.9,1.86032,1.0,frequent,inconsistent,True,low_leverage
0xbd5fead7180a9c139fa51a103cb6a2ce86ddb5c3,2024-12-10,0.0,Extreme Greed,78.0,0.0,2798.660769230769,52,0.0,44.53932543246506,145530.36,0.0,0.19230769230769232,infrequent,inconsistent,False,medium_leverage
0xbd5fead7180a9c139fa51a103cb6a2ce86ddb5c3,2024-12-11,0.0,Greed,74.0,0.0,637.4164705882353,17,0.0,0.004156552220632372,10836.08,0.0,0.058823529411764705,infrequent,inconsistent,False,low_leverage
0xbd5fead7180a9c139fa51a103cb6a2ce86ddb5c3,2024-12-12,0.0,Extreme Greed,83.0,0.0,5158.5,1,0.0,0.03224042349735314,5158.5,0.0,0.0,infrequent,inconsistent,False,low_leverage
0xbd5fead7180a9c139fa51a103cb6a2ce86ddb5c3,2024-12-15,0.0,Extreme Greed,80.0,0.0,1122.5670689655171,58,0.0,0.005895357435931014,65108.89,0.0,0.017241379310344827,infrequent,inconsistent,False,low_leverage
0xbd5fead7180a9c139fa51a103cb6a2ce86ddb5c3,2024-12-16,0.0,Extreme Greed,83.0,0.0,663.0799999999999,4,0.0,0.0029825272541549436,2652.3199999999997,0.0,0.0,infrequent,inconsistent,False,low_leverage
0xbd5fead7180a9c139fa51a103cb6a2ce86ddb5c3,2024-12-17,0.0,Extreme Greed,87.0,0.0,1744.65,2,0.0,0.00776195977279584,3489.3,0.0,0.0,infrequent,inconsistent,False,low_leverage
0xbd5fead7180a9c139fa51a103cb6a2ce86ddb5c3,2024-12-18,0.0,Extreme Greed,81.0,0.0,2207.8585714285714,14,0.0,0.009321058560791287,30910.02,0.0,0.0,infrequent,inconsistent,False,low_leverage
0xbd5fead7180a9c139fa51a103cb6a2ce86ddb5c3,2024-12-19,-128.0,Extreme Greed,75.0,0.0,6080.864864864865,37,0.27586206896551724,4154.724662073357,224992.0,-3.4594594594594597,0.0,infrequent,inconsistent,False,high_leverage
0xbd5fead7180a9c139fa51a103cb6a2ce86ddb5c3,2024-12-20,11799.68,Greed,74.0,0.6212121212121212,2843.038636363636,66,1.64,0.016203438158466088,187640.55,178.7830303030303,0.13636363636363635,infrequent,inconsistent,True,low_leverage
0xbd5fead7180a9c139fa51a103cb6a2ce86ddb5c3,2024-12-23,0.0,Greed,70.0,0.0,3216.5875,16,0.0,0.01903101514625945,51465.4,0.0,0.25,infrequent,inconsistent,False,low_leverage
0xbd5fead7180a9c139fa51a103cb6a2ce86ddb5c3,2024-12-24,0.0,Greed,73.0,0.0,1070.0,10,0.0,0.005323441089973126,10700.0,0.0,0.0,infrequent,inconsistent,False,low_leverage
0xbd5fead7180a9c139fa51a103cb6a2ce86ddb5c3,2024-12-29,0.0,Greed,73.0,0.0,2453.2941025641026,39,0.0,0.009782859429289028,95678.47,0.0,0.9487179487179487,infrequent,inconsistent,False,low_leverage
0xbd5fead7180a9c139fa51a103cb6a2ce86ddb5c3,2025-01-03,0.0,Greed,74.0,0.0,1834.7278688524589,61,0.0,0.0052464454201079196,111918.4,0.0,0.0,infrequent,inconsistent,False,low_leverage
0xbd5fead7180a9c139fa51a103cb6a2ce86ddb5c3,2025-01-08,1023.27508,Greed,70.0,0.9545454545454546,1200.6454545454546,22,21.0,0.0030107466069933643,26414.2,46.51250363636364,0.13636363636363635,infrequent,inconsistent,True,low_leverage
0xbd5fead7180a9c139fa51a103cb6a2ce86ddb5c3,2025-01-14,0.0,Greed,63.0,0.0,1589.0237499999998,8,0.0,0.004030959564797131,12712.189999999999,0.0,1.0,infrequent,inconsistent,False,low_leverage
0xbd5fead7180a9c139fa51a103cb6a2ce86ddb5c3,2025-01-15,0.0,Greed,70.0,0.0,1128.8333333333333,3,0.0,0.002791893585319092,3386.5,0.0,0.3333333333333333,infrequent,inconsistent,False,low_leverage
0xbd5fead7180a9c139fa51a103cb6a2ce86ddb5c3,2025-01-16,0.0,Extreme Greed,75.0,0.0,910.4933333333333,3,0.0,0.002231621418780257,2731.48,0.0,0.6666666666666666,infrequent,inconsistent,False,low_leverage
0xbd5fead7180a9c139fa51a103cb6a2ce86ddb5c3,2025-01-17,0.0,Extreme Greed,75.0,0.0,1519.4399999999998,3,0.0,0.0036919953310884223,4558.32,0.0,1.0,infrequent,inconsistent,False,low_leverage
0xbd5fead7180a9c139fa51a103cb6a2ce86ddb5c3,2025-01-18,-10750.654828,Extreme Greed,77.0,0.0,7729.219166666667,12,1.4,938.8656238790901,92750.63,-895.8879023333334,0.5833333333333334,infrequent,inconsistent,False,high_leverage
0xbd5fead7180a9c139fa51a103cb6a2ce86ddb5c3,2025-01-19,-7963.5855,Extreme Greed,77.0,0.0,2508.4396666666667,30,0.6666666666666666,214.20854772744042,75253.19,-265.45285,0.4666666666666667,infrequent,inconsistent,False,medium_leverage
0xbd5fead7180a9c139fa51a103cb6a2ce86ddb5c3,2025-01-20,24895.400898,Extreme Greed,76.0,0.7878787878787878,4336.907878787879,33,3.7142857142857144,0.012421862381963463,143117.96,754.4060878181818,0.7878787878787878,infrequent,inconsistent,True,low_leverage
0xbd5fead7180a9c139fa51a103cb6a2ce86ddb5c3,2025-01-27,20428.824,Greed,71.0,1.0,2342.7495652173916,23,0.0,0.007337285914878102,53883.240000000005,888.2097391304349,0.0,infrequent,inconsistent,True,low_leverage
0xbd5fead7180a9c139fa51a103cb6a2ce86ddb5c3,2025-01-31,0.0,Extreme Greed,76.0,0.0,1589.025081967213,61,0.0,0.004775310345939659,96930.53,0.0,0.0,infrequent,inconsistent,False,low_leverage
0xbd5fead7180a9c139fa51a103cb6a2ce86ddb5c3,2025-02-03,160022.95082600001,Fear,44.0,1.0,3243.988695652174,69,0.0,0.03026757623460955,223835.22,2319.173200376812,0.3188405797101449,infrequent,inconsistent,True,low_leverage
0xbd5fead7180a9c139fa51a103cb6a2ce86ddb5c3,2025-02-04,0.0,Greed,72.0,0.0,3777.777777777778,18,0.0,0.01633533039621874,68000.0,0.0,0.0,infrequent,inconsistent,False,low_leverage
0xbd5fead7180a9c139fa51a103cb6a2ce86ddb5c3,2025-02-06,-24500.0,Neutral,49.0,0.0,18423.076923076922,13,12.0,4721.101493604419,239500.0,-1884.6153846153845,0.15384615384615385,infrequent,inconsistent,False,high_leverage
0xbd5fead7180a9c139fa51a103cb6a2ce86ddb5c3,2025-02-09,0.0,Neutral,46.0,0.0,625.8133333333334,3,0.0,0.0020819848942823893,1877.44,0.0,0.0,infrequent,inconsistent,False,low_leverage
0xbd5fead7180a9c139fa51a103cb6a2ce86ddb5c3,2025-02-10,0.0,Fear,43.0,0.0,591.3531818181818,22,0.0,0.0018735377537596428,13009.77,0.0,0.3181818181818182,infrequent,inconsistent,False,low_leverage
0xbd5fead7180a9c139fa51a103cb6a2ce86ddb5c3,2025-02-15,0.0,Neutral,50.0,0.0,805.4399999999999,4,0.0,0.002420862901777761,3221.7599999999998,0.0,0.0,infrequent,inconsistent,False,low_leverage
0xbd5fead7180a9c139fa51a103cb6a2ce86ddb5c3,2025-02-21,0.0,Greed,55.0,0.0,4675.215454545454,33,0.2222222222222222,2039.692034988628,154282.11,0.0,0.18181818181818182,infrequent,inconsistent,False,high_leverage
0xbd5fead7180a9c139fa51a103cb6a2ce86ddb5c3,2025-02-22,15074.26913,Neutral,49.0,0.2608695652173913,7487.178405797102,138,1.6538461538461537,1236.0478014693083,1033230.62,109.23383427536233,0.36231884057971014,infrequent,inconsistent,True,high_leverage
0xbd5fead7180a9c139fa51a103cb6a2ce86ddb5c3,2025-02-23,0.0,Neutral,50.0,0.0,2502.296301369863,73,0.0,315.6416338200363,182667.63,0.0,0.0,infrequent,inconsistent,False,medium_leverage
0xbd5fead7180a9c139fa51a103cb6a2ce86ddb5c3,2025-02-24,0.0,Neutral,49.0,0.0,1796.1407142857145,28,0.037037037037037035,0.026480216649670076,50291.94,0.0,0.8214285714285714,infrequent,inconsistent,False,low_leverage
0xbd5fead7180a9c139fa51a103cb6a2ce86ddb5c3,2025-02-25,3859.44,Fear,25.0,0.6071428571428571,2181.2564285714284,28,1.5454545454545454,0.15541825806177215,61075.18,137.83714285714285,0.17857142857142858,infrequent,inconsistent,True,low_leverage
0xbd5fead7180a9c139fa51a103cb6a2ce86ddb5c3,2025-02-26,-871.1949999999999,Extreme Fear,21.0,0.023809523809523808,3619.3485714285716,42,0.16666666666666666,330.1005516549548,152012.64,-20.742738095238092,0.5,infrequent,inconsistent,False,medium_leverage
0xbd5fead7180a9c139fa51a103cb6a2ce86ddb5c3,2025-02-27,-48309.11776,Extreme Fear,10.0,0.011111111111111112,8859.279777777778,90,0.058823529411764705,2393.833077676916,797335.18,-536.7679751111111,0.18888888888888888,infrequent,inconsistent,False,high_leverage
0xbd5fead7180a9c139fa51a103cb6a2ce86ddb5c3,2025-02-28,67673.757678,Extreme Fear,16.0,0.9661016949152542,8249.914915254238,59,0.0,1252.9616074359765,486744.98,1147.0128419999999,0.23728813559322035,infrequent,inconsistent,True,high_leverage
0xbd5fead7180a9c139fa51a103cb6a2ce86ddb5c3,2025-03-02,-2632.65866,Fear,26.0,0.0,12216.244880952381,84,0.0,843.4858793150372,1026164.57,-31.341174523809524,1.0,infrequent,inconsistent,False,high_leverage
0xbd5fead7180a9c139fa51a103cb6a2ce86ddb5c3,2025-03-03,57561.35367,Fear,33.0,0.8235294117647058,8611.731764705883,136,1.2295081967213115,337.42577512404256,1171195.52,423.2452475735294,0.5588235294117647,infrequent,inconsistent,True,medium_leverage
0xbd5fead7180a9c139fa51a103cb6a2ce86ddb5c3,2025-03-04,0.0,Extreme Fear,15.0,0.0,86000.0,2,0.0,8286.126400955933,172000.0,0.0,0.0,infrequent,inconsistent,False,high_leverage
0xbd5fead7180a9c139fa51a103cb6a2ce86ddb5c3,2025-03-05,3677.4,Extreme Fear,20.0,1.0,22375.0,8,0.0,1959.7073926024082,179000.0,459.675,0.0,infrequent,inconsistent,True,high_leverage
0xbd5fead7180a9c139fa51a103cb6a2ce86ddb5c3,2025-03-06,0.0,Fear,25.0,0.0,2433.409375,16,0.23076923076923078,82.05034636244933,38934.55,0.0,0.1875,infrequent,inconsistent,False,medium_leverage
0xbd5fead7180a9c139fa51a103cb6a2ce86ddb5c3,2025-03-07,43861.966536,Fear,34.0,0.6598639455782312,9958.719795918369,147,3.7419354838709675,2331.9319835879514,1463931.81,298.3807247346939,0.5918367346938775,infrequent,inconsistent,True,high_leverage
0xbd5fead7180a9c139fa51a103cb6a2ce86ddb5c3,2025-03-08,5836.8743,Fear,28.0,1.0,1318.431388888889,36,0.0,7.133135707184146,47463.53,162.13539722222222,0.19444444444444445,infrequent,inconsistent,True,low_leverage
0xbd5fead7180a9c139fa51a103cb6a2ce86ddb5c3,2025-03-11,0.0,Extreme Fear,24.0,0.0,4591.028571428572,7,0.0,0.42557500224351497,32137.2,0.0,0.0,infrequent,inconsistent,False,low_leverage
0xbd5fead7180a9c139fa51a103cb6a2ce86ddb5c3,2025-03-12,-15387.62119,Fear,34.0,0.0,24693.342631578947,57,4.7,3350.0446204784016,1407520.53,-269.9582664912281,0.17543859649122806,infrequent,inconsistent,False,high_leverage
0xbd5fead7180a9c139fa51a103cb6a2ce86ddb5c3,2025-03-18,-120.432,Fear,34.0,0.0,17589.48851851852,27,1.7,6292.292233026755,474916.19,-4.460444444444445,0.37037037037037035,infrequent,inconsistent,False,high_leverage
0xbd5fead7180a9c139fa51a103cb6a2ce86ddb5c3,2025-03-19,0.0,Fear,32.0,0.0,4414.302692307692,26,2.25,832.8714135666165,114771.87,0.0,0.15384615384615385,infrequent,inconsistent,False,high_leverage
0xbd5fead7180a9c139fa51a103cb6a2ce86ddb5c3,2025-03-26,0.0,Neutral,47.0,0.0,32793.78333333333,3,2.0,10977.511311104989,98381.35,0.0,0.3333333333333333,infrequent,inconsistent,False,high_leverage
0xbd5fead7180a9c139fa51a103cb6a2ce86ddb5c3,2025-03-27,0.0,Fear,40.0,0.0,24814.283809523808,21,0.0,3593.6199470356287,521099.95999999996,0.0,0.0,infrequent,inconsistent,False,high_leverage
0xbd5fead7180a9c139fa51a103cb6a2ce86ddb5c3,2025-03-31,-8320.5,Fear,34.0,0.0,138666.66666666666,3,0.0,14113.353098375226,416000.0,-2773.5,0.0,infrequent,inconsistent,False,high_leverage
0xbd5fead7180a9c139fa51a103cb6a2ce86ddb5c3,2025-04-01,-9311.892185,Fear,34.0,0.0,5608.603928571429,28,2.5,3.399028454269518,157040.91,-332.5675780357143,0.7142857142857143,infrequent,inconsistent,False,low_leverage
0xbd5fead7180a9c139fa51a103cb6a2ce86ddb5c3,2025-04-02,2676.6850000000004,Fear,44.0,0.9393939393939394,2821.9739393939394,66,0.0,530.9694760647751,186250.28,40.55583333333334,0.0,infrequent,inconsistent,True,high_leverage
0xbd5fead7180a9c139fa51a103cb6a2ce86ddb5c3,2025-04-03,-5862.0887760000005,Fear,25.0,0.0,7051.005833333334,12,0.0,0.14945487103229718,84612.07,-488.507398,1.0,infrequent,inconsistent,False,low_leverage
0xbd5fead7180a9c139fa51a103cb6a2ce86ddb5c3,2025-04-04,-43753.361578,Fear,28.0,0.18181818181818182,5448.201969696969,132,0.2222222222222222,982.4128946909038,719162.6599999999,-331.46486043939393,0.2727272727272727,infrequent,inconsistent,False,high_leverage
0xbd5fead7180a9c139fa51a103cb6a2ce86ddb5c3,2025-04-07,51942.142881,Extreme Fear,23.0,0.2777777777777778,15608.295185185187,108,1.1176470588235294,2934.8487519291675,1685695.8800000001,480.9457674166667,0.48148148148148145,infrequent,inconsistent,True,high_leverage
0xbd5fead7180a9c139fa51a103cb6a2ce86ddb5c3,2025-04-09,-36400.46439,Extreme Fear,18.0,0.0,5228.704647887324,71,0.0,116.6808890072677,371238.03,-512.6825970422535,1.0,infrequent,inconsistent,False,medium_leverage
0xbd5fead7180a9c139fa51a103cb6a2ce86ddb5c3,2025-04-10,19858.73334,Fear,39.0,1.0,2053.538692307692,130,0.27450980392156865,50.41193919257401,266960.02999999997,152.75948723076922,0.0,infrequent,inconsistent,True,medium_leverage
0xbd5fead7180a9c139fa51a103cb6a2ce86ddb5c3,2025-04-12,0.0,Fear,43.0,0.0,53073.62666666667,24,0.0,2525.8486677300507,1273767.04,0.0,1.0,infrequent,inconsistent,False,high_leverage
0xbd5fead7180a9c139fa51a103cb6a2ce86ddb5c3,2025-04-13,32724.19729,Neutral,45.0,0.8857142857142857,24908.65857142857,35,0.0,932.3063793077475,871803.0499999999,934.9770654285714,0.34285714285714286,infrequent,inconsistent,True,high_leverage
0xbd5fead7180a9c139fa51a103cb6a2ce86ddb5c3,2025-04-14,0.0,Fear,31.0,0.0,985.0413725490196,51,11.75,27.50021065111172,50237.11,0.0,0.0,infrequent,inconsistent,False,medium_leverage
0xbd5fead7180a9c139fa51a103cb6a2ce86ddb5c3,2025-04-15,18951.678454,Fear,38.0,1.0,23060.654814814818,27,0.0,1174.7934156530393,622637.68,701.9140168148149,0.4444444444444444,infrequent,inconsistent,True,high_leverage
0xbd5fead7180a9c139fa51a103cb6a2ce86ddb5c3,2025-04-16,9556.6,Fear,29.0,1.0,17059.466,15,0.0,1295.5833133501508,255891.99,637.1066666666667,0.0,infrequent,inconsistent,True,high_leverage
0xbd5fead7180a9c139fa51a103cb6a2ce86ddb5c3,2025-04-17,0.0,Fear,30.0,0.0,1086.4290909090907,11,0.0,0.005797598035585488,11950.72,0.0,0.0,infrequent,inconsistent,False,low_leverage
0xbd5fead7180a9c139fa51a103cb6a2ce86ddb5c3,2025-04-19,0.0,Fear,32.0,0.0,8027.694615384616,13,0.0,30.717801629286267,104360.03,0.0,0.0,infrequent,inconsistent,False,medium_leverage
0xbd5fead7180a9c139fa51a103cb6a2ce86ddb5c3,2025-04-23,-2993.575225,Greed,72.0,0.0,1538.6438235294117,34,0.7,2.8059989109878436,52313.89,-88.04633014705882,0.4411764705882353,infrequent,inconsistent,False,low_leverage
0xbd5fead7180a9c139fa51a103cb6a2ce86ddb5c3,2025-05-01,-113601.02013799999,Neutral,53.0,0.008620689655172414,16681.46775862069,116,1.9,293.5127164089877,1935050.26,-979.3191391206896,1.0,infrequent,inconsistent,False,medium_leverage
0xbee1707d6b44d4d52bfe19e41f8a828645437aab,2024-12-08,15206.395076,Extreme Greed,79.0,0.9130434782608695,3401.4840217391306,92,0.19480519480519481,80.58235435144408,312936.53,165.286903,0.13043478260869565,frequent,inconsistent,True,medium_leverage
0xbee1707d6b44d4d52bfe19e41f8a828645437aab,2024-12-09,2397.068675,Extreme Greed,78.0,0.06293706293706294,3120.5087412587413,143,14.88888888888889,90.0492433823602,446232.75,16.76271800699301,0.34265734265734266,frequent,inconsistent,True,medium_leverage
0xbee1707d6b44d4d52bfe19e41f8a828645437aab,2024-12-10,26600.990442,Extreme Greed,78.0,0.5765086206896551,1859.9979202586208,928,0.3107344632768362,0.047488052518507136,1726078.07,28.664860390086204,0.30064655172413796,frequent,inconsistent,True,low_leverage
0xbee1707d6b44d4d52bfe19e41f8a828645437aab,2024-12-11,24663.690943,Greed,74.0,0.9792452830188679,1207.490075471698,530,0.02119460500963391,0.025825272782998766,639969.74,46.53526593018868,0.1830188679245283,frequent,inconsistent,True,low_leverage
0xbee1707d6b44d4d52bfe19e41f8a828645437aab,2024-12-12,130826.491662,Extreme Greed,83.0,0.8146013448607109,2596.416272814601,1041,0.19107551487414187,175.0163955380952,2702869.34,125.67386326801153,0.17387127761767532,frequent,inconsistent,True,medium_leverage
0xbee1707d6b44d4d52bfe19e41f8a828645437aab,2024-12-13,9405.233313,Extreme Greed,76.0,0.2527075812274368,2702.6475451263536,277,3.0144927536231885,12.841421162962272,748633.37,33.95391087725632,0.20938628158844766,frequent,inconsistent,True,low_leverage
0xbee1707d6b44d4d52bfe19e41f8a828645437aab,2024-12-14,1294.450646,Extreme Greed,83.0,0.05714285714285714,6203.194285714286,70,16.5,0.22023704924081888,434223.6,18.492152085714284,0.8142857142857143,frequent,inconsistent,True,low_leverage
0xbee1707d6b44d4d52bfe19e41f8a828645437aab,2024-12-15,1703.2571850000002,Extreme Greed,80.0,0.2222222222222222,2227.3388888888894,9,3.5,0.055141516133006406,20046.050000000003,189.25079833333336,0.7777777777777778,frequent,inconsistent,True,low_leverage
0xbee1707d6b44d4d52bfe19e41f8a828645437aab,2024-12-16,126852.290809,Extreme Greed,83.0,0.47346938775510206,4090.4684897959187,245,1.1120689655172413,0.10971504901750506,1002164.78,517.7644522816327,0.19591836734693877,frequent,inconsistent,True,low_leverage
0xbee1707d6b44d4d52bfe19e41f8a828645437aab,2024-12-17,128648.384642,Extreme Greed,87.0,0.5651260504201681,3056.9325000000003,476,0.7695167286245354,0.0920627757958353,1455099.87,270.2697156344538,0.6680672268907563,frequent,inconsistent,True,low_leverage
0xbee1707d6b44d4d52bfe19e41f8a828645437aab,2024-12-18,2139.192941,Extreme Greed,81.0,0.26900584795321636,2279.296023391813,342,0.4553191489361702,0.05541346904497121,779519.24,6.25495011988304,0.30994152046783624,frequent,inconsistent,True,low_leverage
0xbee1707d6b44d4d52bfe19e41f8a828645437aab,2024-12-19,27888.195088,Extreme Greed,75.0,0.708092485549133,2272.286083815029,2076,0.31642358909321494,0.5874974590188657,4717265.91,13.433619984585741,0.325626204238921,frequent,inconsistent,True,low_leverage
0xbee1707d6b44d4d52bfe19e41f8a828645437aab,2024-12-20,139628.47633,Greed,74.0,0.5337569499602859,2917.238474980143,1259,0.7013513513513514,0.09557289530129714,3672803.24,110.90427031771247,0.3836378077839555,frequent,inconsistent,True,low_leverage
0xbee1707d6b44d4d52bfe19e41f8a828645437aab,2024-12-21,103460.844587,Greed,73.0,0.6931677018633541,3172.574695652174,805,0.45569620253164556,40.345681190619295,2553922.63,128.5227883068323,0.32298136645962733,frequent,inconsistent,True,medium_leverage
0xbee1707d6b44d4d52bfe19e41f8a828645437aab,2024-12-22,19694.301887,Greed,73.0,0.75,5072.932685185185,108,0.3333333333333333,0.27915721838884083,547876.73,182.35464710185187,0.0,frequent,inconsistent,True,low_leverage
0xbee1707d6b44d4d52bfe19e41f8a828645437aab,2024-12-23,-76194.26162399999,Greed,70.0,0.20040485829959515,3278.057968960864,1482,0.5469728601252609,25.9667418134989,4858081.91,-51.413132,0.7206477732793523,frequent,inconsistent,False,medium_leverage
0xbee1707d6b44d4d52bfe19e41f8a828645437aab,2024-12-24,-5527.285214,Greed,73.0,0.04938271604938271,3502.3662962962962,81,1.025,281.3172159396941,283691.67,-68.2380890617284,0.8395061728395061,frequent,inconsistent,False,medium_leverage
0xbee1707d6b44d4d52bfe19e41f8a828645437aab,2024-12-25,-1059.724367,Greed,73.0,0.0,5163.3108571428575,35,10.666666666666666,229.08257233515465,180715.88,-30.27783905714286,0.8,frequent,inconsistent,False,medium_leverage
0xbee1707d6b44d4d52bfe19e41f8a828645437aab,2024-12-26,3103.720794,Extreme Greed,79.0,0.5786350148367952,4189.758931750742,337,0.8021390374331551,305.13273490679444,1411948.76,9.209853988130563,0.6083086053412463,frequent,inconsistent,True,medium_leverage
0xbee1707d6b44d4d52bfe19e41f8a828645437aab,2024-12-27,0.0,Greed,74.0,0.0,0.06,1,0.0,0.05987282054950157,0.06,0.0,1.0,frequent,inconsistent,False,low_leverage
0xbee1707d6b44d4d52bfe19e41f8a828645437aab,2025-01-10,0.0,Neutral,50.0,0.0,2999.81,2,0.0,1509.8891002252628,5999.62,0.0,0.0,frequent,inconsistent,False,high_leverage
0xbee1707d6b44d4d52bfe19e41f8a828645437aab,2025-01-11,65.42769200000001,Greed,69.0,0.2222222222222222,1165.4522222222222,9,3.5,2.7018597900996206,10489.07,7.269743555555556,0.0,frequent,inconsistent,True,low_leverage
0xbee1707d6b44d4d52bfe19e41f8a828645437aab,2025-01-13,0.0,Greed,61.0,0.0,1488.3963636363637,11,0.0,1.705502721524239,16372.36,0.0,0.0,frequent,inconsistent,False,low_leverage
0xbee1707d6b44d4d52bfe19e41f8a828645437aab,2025-01-14,5103.198502,Greed,63.0,0.6268656716417911,1344.250895522388,67,0.5952380952380952,2.3041268137355404,90064.81,76.16714182089552,0.6716417910447762,frequent,inconsistent,True,low_leverage
0xbee1707d6b44d4d52bfe19e41f8a828645437aab,2025-01-15,66.63180299999999,Greed,70.0,0.375,908.50375,8,1.6666666666666667,9.424840765153968,7268.03,8.328975374999999,0.375,frequent,inconsistent,True,low_leverage
0xbee1707d6b44d4d52bfe19e41f8a828645437aab,2025-01-16,0.0,Extreme Greed,75.0,0.0,1587.855,2,0.0,36.394365348966275,3175.71,0.0,0.0,frequent,inconsistent,False,medium_leverage
0xbee1707d6b44d4d52bfe19e41f8a828645437aab,2025-01-17,77.26888,Extreme Greed,75.0,0.42857142857142855,1463.1599999999999,7,1.3333333333333333,22.99317195867194,10242.119999999999,11.038411428571427,0.42857142857142855,frequent,inconsistent,True,medium_leverage
0xbee1707d6b44d4d52bfe19e41f8a828645437aab,2025-01-18,0.0,Extreme Greed,77.0,0.0,2035.5961538461538,13,0.0,2.975384362366906,26462.75,0.0,0.0,frequent,inconsistent,False,low_leverage
0xbee1707d6b44d4d52bfe19e41f8a828645437aab,2025-01-19,512.9694489999999,Extreme Greed,77.0,0.8275862068965517,983.9131034482758,29,0.11538461538461539,1.072529355784061,28533.48,17.68860168965517,0.5172413793103449,frequent,inconsistent,True,low_leverage
0xbee1707d6b44d4d52bfe19e41f8a828645437aab,2025-01-20,-4968.452873,Extreme Greed,76.0,0.17277486910994763,791.7238219895288,191,1.2470588235294118,21.708564166603633,151219.25,-26.012842267015706,0.6230366492146597,frequent,inconsistent,False,medium_leverage
0xbee1707d6b44d4d52bfe19e41f8a828645437aab,2025-01-21,1343.189535,Extreme Greed,76.0,0.84,721.1088000000001,50,0.19047619047619047,49.91282514699164,36055.44,26.8637907,0.78,frequent,inconsistent,True,medium_leverage
0xbee1707d6b44d4d52bfe19e41f8a828645437aab,2025-01-22,554.298224,Extreme Greed,84.0,0.6923076923076923,767.0084615384616,13,0.4444444444444444,131.21699131797487,9971.11,42.63832492307692,0.6923076923076923,frequent,inconsistent,True,medium_leverage
0xbee1707d6b44d4d52bfe19e41f8a828645437aab,2025-01-23,-133.631755,Extreme Greed,75.0,0.0625,989.034375,16,0.45454545454545453,5.529687893366585,15824.55,-8.3519846875,0.1875,frequent,inconsistent,False,low_leverage
0xbee1707d6b44d4d52bfe19e41f8a828645437aab,2025-01-24,2109.118305,Extreme Greed,75.0,0.5476190476190477,921.5711904761904,84,0.8260869565217391,1.1801284027302423,77411.98,25.108551249999998,0.6904761904761905,frequent,inconsistent,True,low_leverage
0xbee1707d6b44d4d52bfe19e41f8a828645437aab,2025-01-25,107.54725099999999,Extreme Greed,75.0,0.09090909090909091,742.9863636363636,33,10.0,0.7582901349313516,24518.55,3.2590076060606057,0.7878787878787878,frequent,inconsistent,True,low_leverage
0xbee1707d6b44d4d52bfe19e41f8a828645437aab,2025-01-26,1012.208613,Greed,73.0,0.48148148148148145,1029.6403703703704,27,1.0769230769230769,0.7461891473599217,27800.29,37.48920788888889,0.3333333333333333,frequent,inconsistent,True,low_leverage
0xbee1707d6b44d4d52bfe19e41f8a828645437aab,2025-01-27,-220.548198,Greed,71.0,0.017857142857142856,1004.7960714285715,56,2.111111111111111,0.44310741573697143,56268.58,-3.9383606785714287,0.8571428571428571,frequent,inconsistent,False,low_leverage
0xbee1707d6b44d4d52bfe19e41f8a828645437aab,2025-01-28,6959.984986,Greed,72.0,0.6859504132231405,1173.1775206611571,121,0.4578313253012048,10.06322348012662,141954.48,57.520537074380165,0.768595041322314,frequent,inconsistent,True,low_leverage
0xbee1707d6b44d4d52bfe19e41f8a828645437aab,2025-01-29,1193.2639530000001,Greed,72.0,0.7236842105263158,967.4096052631579,76,0.38181818181818183,1.1703959059300717,73523.13,15.700841486842107,0.7763157894736842,frequent,inconsistent,True,low_leverage
0xbee1707d6b44d4d52bfe19e41f8a828645437aab,2025-01-30,1072.220367,Greed,70.0,0.2947761194029851,1278.6088059701492,268,0.9142857142857143,33.292572936748854,342667.16,4.000822264925373,0.9253731343283582,frequent,inconsistent,True,medium_leverage
0xbee1707d6b44d4d52bfe19e41f8a828645437aab,2025-01-31,3143.489896,Extreme Greed,76.0,0.6184738955823293,1556.0202409638553,249,1.3271028037383177,92.29395849789499,387449.04,12.62445741365462,0.8634538152610441,frequent,inconsistent,True,medium_leverage
0xbee1707d6b44d4d52bfe19e41f8a828645437aab,2025-02-01,2954.521713,Greed,68.0,0.7112299465240641,1204.9785026737968,187,0.6403508771929824,35.614159926101046,225330.98,15.799581352941177,0.7754010695187166,frequent,inconsistent,True,medium_leverage
0xbee1707d6b44d4d52bfe19e41f8a828645437aab,2025-02-02,-329.680689,Greed,60.0,0.2900763358778626,1839.5793129770993,131,1.2586206896551724,4.255663029298984,240984.89,-2.5166464809160303,0.8396946564885496,frequent,inconsistent,False,low_leverage
0xbee1707d6b44d4d52bfe19e41f8a828645437aab,2025-02-03,5803.573999,Fear,44.0,0.4246153846153846,1758.0771384615382,325,0.6331658291457286,77.04969307636517,571375.07,17.857150766153847,0.916923076923077,frequent,inconsistent,True,medium_leverage
0xbee1707d6b44d4d52bfe19e41f8a828645437aab,2025-02-04,806.765131,Greed,72.0,0.2862903225806452,1351.8856048387097,248,0.6644295302013423,7.753679670885556,335267.63,3.2530852056451613,0.9354838709677419,frequent,inconsistent,True,low_leverage
0xbee1707d6b44d4d52bfe19e41f8a828645437aab,2025-02-05,713.82809,Neutral,54.0,0.7857142857142857,3668.815,14,3.6666666666666665,575.1214050194122,51363.41,50.987720714285715,0.7857142857142857,frequent,inconsistent,True,high_leverage
0xbee1707d6b44d4d52bfe19e41f8a828645437aab,2025-02-06,1212.452697,Neutral,49.0,0.896551724137931,1363.3675862068965,29,3.142857142857143,252.75590637600084,39537.659999999996,41.80871368965517,0.896551724137931,frequent,inconsistent,True,medium_leverage
0xbee1707d6b44d4d52bfe19e41f8a828645437aab,2025-02-07,2631.225181,Fear,44.0,0.4,2059.84464,125,1.5,0.9827788807373777,257480.58,21.049801447999997,0.752,frequent,inconsistent,True,low_leverage
0xbee1707d6b44d4d52bfe19e41f8a828645437aab,2025-02-08,-189.463436,Fear,44.0,0.07692307692307693,2671.7584615384617,13,0.0,0.8375864794310064,34732.86,-14.574110461538462,0.8461538461538461,frequent,inconsistent,False,low_leverage
0xbee1707d6b44d4d52bfe19e41f8a828645437aab,2025-02-09,204.72190899999998,Neutral,46.0,0.375,1334.912142857143,56,1.6666666666666667,0.6984805805973047,74755.08,3.6557483749999995,0.9821428571428571,frequent,inconsistent,True,low_leverage
0xbee1707d6b44d4d52bfe19e41f8a828645437aab,2025-02-10,3796.008199,Fear,43.0,0.65,1484.4517857142857,140,0.5384615384615384,0.5338308104589888,207823.25,27.114344278571426,0.7928571428571428,frequent,inconsistent,True,low_leverage
0xbee1707d6b44d4d52bfe19e41f8a828645437aab,2025-02-11,1901.6318190000002,Neutral,47.0,0.34615384615384615,1947.8190384615384,52,1.8888888888888888,1.4230947620861807,101286.59,36.56984267307693,0.8076923076923077,frequent,inconsistent,True,low_leverage
0xbee1707d6b44d4d52bfe19e41f8a828645437aab,2025-02-12,1747.1899090000002,Neutral,46.0,0.6338028169014085,1623.5340845070423,71,0.5777777777777777,0.9594720360350093,115270.92,24.60830857746479,0.7746478873239436,frequent,inconsistent,True,low_leverage
0xbee1707d6b44d4d52bfe19e41f8a828645437aab,2025-02-13,5096.967096,Neutral,50.0,0.5064102564102564,1561.7910256410255,156,0.7528089887640449,143.3268798955137,243639.4,32.672866,0.8910256410256411,frequent,inconsistent,True,medium_leverage
0xbee1707d6b44d4d52bfe19e41f8a828645437aab,2025-02-14,-1818.156466,Neutral,48.0,0.006024096385542169,1363.292951807229,166,0.6116504854368932,12.390716729846963,226306.63,-10.952749795180722,0.8734939759036144,frequent,inconsistent,False,low_leverage
0xbee1707d6b44d4d52bfe19e41f8a828645437aab,2025-02-15,3822.79759,Neutral,50.0,0.4153846153846154,1798.402076923077,130,2.3333333333333335,18.948694444695885,233792.27,29.40613530769231,0.8769230769230769,frequent,inconsistent,True,medium_leverage
0xbee1707d6b44d4d52bfe19e41f8a828645437aab,2025-02-16,321.733978,Neutral,54.0,0.7037037037037037,1193.8803703703704,54,0.2558139534883721,9.650992969440235,64469.54,5.958036629629629,0.9814814814814815,frequent,inconsistent,True,low_leverage
0xbee1707d6b44d4d52bfe19e41f8a828645437aab,2025-02-17,111.69658399999999,Neutral,51.0,0.31788079470198677,1591.1465562913907,151,0.9868421052631579,102.15525952331551,240263.13,0.739712476821192,0.8145695364238411,frequent,inconsistent,True,medium_leverage
0xbee1707d6b44d4d52bfe19e41f8a828645437aab,2025-02-18,3935.153067,Neutral,47.0,0.48828125,1823.6225390625,512,0.7902097902097902,77.99296976107809,933694.74,7.685845833984375,0.822265625,frequent,inconsistent,True,medium_leverage
0xbee1707d6b44d4d52bfe19e41f8a828645437aab,2025-02-19,5930.986467,Fear,44.0,0.5665024630541872,1708.6227586206896,406,0.7276595744680852,8.515771093619438,693700.84,14.608341051724137,0.8620689655172413,frequent,inconsistent,True,low_leverage
0xbee1707d6b44d4d52bfe19e41f8a828645437aab,2025-02-20,819.221222,Neutral,49.0,0.38271604938271603,1142.087962962963,162,0.7802197802197802,51.81983488027672,185018.25,5.056921123456791,0.9320987654320988,frequent,inconsistent,True,medium_leverage
0xbee1707d6b44d4d52bfe19e41f8a828645437aab,2025-02-21,4483.141317,Greed,55.0,0.4549019607843137,1669.3589019607844,255,0.7832167832167832,96.28689652748116,425686.52,17.580946341176467,0.6313725490196078,frequent,inconsistent,True,medium_leverage
0xbee1707d6b44d4d52bfe19e41f8a828645437aab,2025-02-22,1391.928432,Neutral,49.0,0.6833333333333333,1097.3101666666666,60,0.7647058823529411,38.31502059558099,65838.61,23.198807199999997,0.95,frequent,inconsistent,True,medium_leverage
0xbee1707d6b44d4d52bfe19e41f8a828645437aab,2025-02-23,383.135241,Neutral,50.0,0.5555555555555556,2283.7915555555555,45,2.4615384615384617,361.2974057990543,102770.62,8.514116466666668,0.8444444444444444,frequent,inconsistent,True,medium_leverage
0xbee1707d6b44d4d52bfe19e41f8a828645437aab,2025-02-24,-10373.274402000001,Neutral,49.0,0.1478494623655914,1398.9927284946236,744,0.837037037037037,2.145014869383376,1040850.59,-13.942573120967744,0.6303763440860215,frequent,inconsistent,False,low_leverage
0xbee1707d6b44d4d52bfe19e41f8a828645437aab,2025-02-25,-23384.358492,Fear,25.0,0.27161997563946405,1441.9933982947625,1642,0.7320675105485233,30.003086871055995,2367753.16,-14.241387632155908,0.9056029232643118,frequent,inconsistent,False,medium_leverage
0xbee1707d6b44d4d52bfe19e41f8a828645437aab,2025-02-26,2617.069579,Extreme Fear,21.0,0.40609137055837563,1509.370609137056,394,1.2906976744186047,91.04693400269483,594692.02,6.642308576142132,0.9441624365482234,frequent,inconsistent,True,medium_leverage
0xbee1707d6b44d4d52bfe19e41f8a828645437aab,2025-02-27,2886.786952,Extreme Fear,10.0,0.3058321479374111,1449.1966998577525,703,0.8897849462365591,10.712005250662093,1018785.28,4.106382577524893,0.7795163584637269,frequent,inconsistent,True,low_leverage
0xbee1707d6b44d4d52bfe19e41f8a828645437aab,2025-02-28,2642.770468,Extreme Fear,16.0,0.44370860927152317,1355.6750662251654,302,0.6236559139784946,78.4665308655023,409413.87,8.750895589403974,0.9470198675496688,frequent,inconsistent,True,medium_leverage
0xbee1707d6b44d4d52bfe19e41f8a828645437aab,2025-03-01,446.358633,Extreme Fear,20.0,0.3137254901960784,1384.9447058823528,51,2.4,46.771996634820105,70632.18,8.75213005882353,1.0,frequent,inconsistent,True,medium_leverage
0xbee1707d6b44d4d52bfe19e41f8a828645437aab,2025-03-02,2576.6453030000002,Fear,26.0,0.5392156862745098,1921.2604901960785,102,0.45714285714285713,94.81155755648189,195968.57,25.261228460784316,0.6764705882352942,frequent,inconsistent,True,medium_leverage
0xbee1707d6b44d4d52bfe19e41f8a828645437aab,2025-03-03,2448.046511,Fear,33.0,0.6575342465753424,1970.5965753424655,73,3.2941176470588234,206.98656131771997,143853.55,33.534883712328764,0.7808219178082192,frequent,inconsistent,True,medium_leverage
0xbee1707d6b44d4d52bfe19e41f8a828645437aab,2025-03-04,-4934.6700519999995,Extreme Fear,15.0,0.38508682328907046,1496.3304392236976,979,0.9619238476953907,10.883762876643285,1464907.5,-5.040520992849847,0.9029622063329928,frequent,inconsistent,False,low_leverage
0xbee1707d6b44d4d52bfe19e41f8a828645437aab,2025-03-05,12814.770318,Extreme Fear,20.0,0.6237623762376238,1811.146831683168,202,0.8198198198198198,97.28333854499118,365851.66,63.439457019801985,0.9257425742574258,frequent,inconsistent,True,medium_leverage
0xbee1707d6b44d4d52bfe19e41f8a828645437aab,2025-03-06,601.486585,Fear,25.0,0.42045454545454547,1406.2047727272727,88,1.5142857142857142,99.53452586716358,123746.02,6.835074829545454,0.8522727272727273,frequent,inconsistent,True,medium_leverage
0xbee1707d6b44d4d52bfe19e41f8a828645437aab,2025-03-07,9142.064849,Fear,34.0,0.5104333868378812,1885.9940930979135,623,0.9529780564263323,43.576154842294095,1174974.32,14.674261394863564,0.9390048154093098,frequent,inconsistent,True,medium_leverage
0xbee1707d6b44d4d52bfe19e41f8a828645437aab,2025-03-08,2219.262399,Fear,28.0,0.3880597014925373,1190.7070895522388,134,1.5769230769230769,54.29152533889386,159554.75,16.561659694029853,0.6194029850746269,frequent,inconsistent,True,medium_leverage
0xbee1707d6b44d4d52bfe19e41f8a828645437aab,2025-03-09,805.6551000000001,Fear,27.0,0.24719101123595505,1607.242191011236,178,3.0454545454545454,6.759626712842384,286089.11,4.526152247191011,0.797752808988764,frequent,inconsistent,True,low_leverage
0xbee1707d6b44d4d52bfe19e41f8a828645437aab,2025-03-10,9791.668235,Extreme Fear,20.0,0.5091036414565826,1381.5543347338937,1428,0.6899408284023668,29.387509909275632,1972859.59,6.856910528711484,0.9250700280112045,frequent,inconsistent,True,medium_leverage
0xbee1707d6b44d4d52bfe19e41f8a828645437aab,2025-03-11,-136.41741799999994,Extreme Fear,24.0,0.34534534534534533,1225.6175075075075,333,0.624390243902439,34.93854785003352,408130.63,-0.4096619159159157,0.8378378378378378,frequent,inconsistent,False,medium_leverage
0xbee1707d6b44d4d52bfe19e41f8a828645437aab,2025-03-12,8096.937709,Fear,34.0,0.4918625678119349,1791.739095840868,553,0.6757575757575758,101.46206918201148,990831.72,14.641840341772152,0.8842676311030742,frequent,inconsistent,True,medium_leverage
0xbee1707d6b44d4d52bfe19e41f8a828645437aab,2025-03-13,5090.880874,Neutral,45.0,0.5681159420289855,1461.4744347826086,690,0.7079207920792079,107.91818769074555,1008417.36,7.378088223188406,0.8884057971014493,frequent,inconsistent,True,medium_leverage
0xbee1707d6b44d4d52bfe19e41f8a828645437aab,2025-03-14,-49.67229100000003,Fear,27.0,0.17391304347826086,1729.6968478260867,92,1.0909090909090908,259.35222237662066,159132.11,-0.5399162065217394,0.9565217391304348,frequent,inconsistent,False,medium_leverage
0xbee1707d6b44d4d52bfe19e41f8a828645437aab,2025-03-15,1764.258791,Neutral,46.0,0.6133333333333333,1705.1933333333334,75,2.125,184.27505526379417,127889.5,23.523450546666666,0.68,frequent,inconsistent,True,medium_leverage
0xbee1707d6b44d4d52bfe19e41f8a828645437aab,2025-03-16,5.068941999999993,Fear,30.0,0.1134020618556701,1426.0048453608247,97,47.5,124.97356644365146,138322.47,0.05225713402061848,0.865979381443299,frequent,inconsistent,True,medium_leverage
0xbee1707d6b44d4d52bfe19e41f8a828645437aab,2025-03-17,390.08642000000003,Fear,32.0,0.36929460580912865,1349.2339834024897,241,0.9917355371900827,3.808231179803308,325165.39,1.6186158506224069,0.9294605809128631,frequent,inconsistent,True,low_leverage
0xbee1707d6b44d4d52bfe19e41f8a828645437aab,2025-03-18,1930.871511,Fear,34.0,0.31954887218045114,1325.5640225563911,266,0.8732394366197183,63.8919687749955,352600.03,7.258915454887219,0.8646616541353384,frequent,inconsistent,True,medium_leverage
0xbee1707d6b44d4d52bfe19e41f8a828645437aab,2025-03-19,5253.432742,Fear,32.0,0.4880546075085324,1873.024300341297,879,0.8236514522821576,12.689392343509537,1646388.36,5.976601526734926,0.7281001137656428,frequent,inconsistent,True,low_leverage
0xbee1707d6b44d4d52bfe19e41f8a828645437aab,2025-03-20,-682.2653320000001,Neutral,49.0,0.045936395759717315,1533.3633215547704,283,1.0808823529411764,83.08891554219753,433941.82,-2.410831561837456,0.9575971731448764,frequent,inconsistent,False,medium_leverage
0xbee1707d6b44d4d52bfe19e41f8a828645437aab,2025-03-21,4866.15672,Fear,31.0,0.5072727272727273,1152.8391272727274,550,0.9855595667870036,13.262875159549084,634061.52,8.847557672727273,0.8109090909090909,frequent,inconsistent,True,low_leverage
0xbee1707d6b44d4d52bfe19e41f8a828645437aab,2025-03-22,1637.832293,Fear,32.0,0.2558139534883721,1502.8190988372094,344,0.6699029126213593,20.687754126394704,516969.77,4.761140386627907,0.9709302325581395,frequent,inconsistent,True,medium_leverage
0xbee1707d6b44d4d52bfe19e41f8a828645437aab,2025-03-23,882.848973,Fear,30.0,0.10112359550561797,972.4924719101124,178,9.470588235294118,43.8492728155369,173103.66,4.959825691011236,0.9662921348314607,frequent,inconsistent,True,medium_leverage
0xbee1707d6b44d4d52bfe19e41f8a828645437aab,2025-03-24,7122.965048,Neutral,45.0,0.604,1389.18776,500,0.4367816091954023,67.86533731946767,694593.88,14.245930096,0.912,frequent,inconsistent,True,medium_leverage
0xbee1707d6b44d4d52bfe19e41f8a828645437aab,2025-03-25,1256.867824,Neutral,46.0,0.4411764705882353,1210.40545751634,306,1.1549295774647887,12.136154197437575,370384.07,4.107411189542484,0.869281045751634,frequent,inconsistent,True,low_leverage
0xbee1707d6b44d4d52bfe19e41f8a828645437aab,2025-03-26,-6062.660109,Neutral,47.0,0.2297138377107017,1854.422602900823,2551,1.045709703287891,56.83220854618109,4730632.06,-2.376581775382203,0.9404155233241865,frequent,inconsistent,False,medium_leverage
0xbee1707d6b44d4d52bfe19e41f8a828645437aab,2025-03-27,1743.483217,Fear,40.0,0.6176470588235294,1246.1119852941176,136,1.2666666666666666,51.91879193535774,169471.23,12.819729536764706,0.8897058823529411,frequent,inconsistent,True,medium_leverage
0xbee1707d6b44d4d52bfe19e41f8a828645437aab,2025-03-28,1841.802102,Fear,44.0,0.3333333333333333,1143.3873983739836,246,1.8941176470588235,100.47321394939038,281273.3,7.487000414634147,0.8821138211382114,frequent,inconsistent,True,medium_leverage
0xbee1707d6b44d4d52bfe19e41f8a828645437aab,2025-03-29,-3661.1103980000003,Fear,26.0,0.31917098445595854,1381.2940414507773,965,1.0887445887445888,0.3774814956072333,1332948.75,-3.7938967854922283,0.9544041450777202,frequent,inconsistent,False,low_leverage
0xbee1707d6b44d4d52bfe19e41f8a828645437aab,2025-03-30,536.150767,Fear,32.0,0.49056603773584906,1635.4145283018868,53,1.0384615384615385,7.7557025312806696,86676.97,10.116052207547169,0.8301886792452831,frequent,inconsistent,True,low_leverage
0xbee1707d6b44d4d52bfe19e41f8a828645437aab,2025-03-31,41.27745400000002,Fear,34.0,0.691358024691358,809.165061728395,81,0.02531645569620253,0.9676544955812207,65542.37,0.5095981975308644,0.9753086419753086,frequent,inconsistent,True,low_leverage
0xbee1707d6b44d4d52bfe19e41f8a828645437aab,2025-04-01,147.445788,Fear,34.0,0.7714285714285715,1226.783142857143,35,1.0588235294117647,458.0377109371693,42937.41,4.2127368,0.8857142857142857,frequent,inconsistent,True,high_leverage
0xbee1707d6b44d4d52bfe19e41f8a828645437aab,2025-04-02,1842.839943,Fear,44.0,0.6440677966101694,991.0424576271186,118,0.8153846153846154,12.0142491926387,116943.01,15.617287652542373,0.9491525423728814,frequent,inconsistent,True,low_leverage
0xbee1707d6b44d4d52bfe19e41f8a828645437aab,2025-04-03,-3368.876326,Fear,25.0,0.0,1706.5415708812259,261,2.782608695652174,33.52497290563746,445407.35,-12.9075721302682,0.8160919540229885,frequent,inconsistent,False,medium_leverage
0xbee1707d6b44d4d52bfe19e41f8a828645437aab,2025-04-04,-4513.160132,Fear,28.0,0.15950920245398773,1419.9448159509202,326,0.5980392156862745,0.12086071050748336,462902.01,-13.844049484662577,0.9233128834355828,frequent,inconsistent,False,low_leverage
0xbee1707d6b44d4d52bfe19e41f8a828645437aab,2025-04-05,1113.761229,Fear,30.0,0.3,1116.7745555555557,90,2.3333333333333335,0.1091946456136897,100509.71,12.375124766666666,0.9888888888888889,frequent,inconsistent,True,low_leverage
0xbee1707d6b44d4d52bfe19e41f8a828645437aab,2025-04-06,1828.77716,Fear,34.0,0.2894736842105263,2081.839298245614,114,2.4545454545454546,0.15035605949429598,237329.68,16.041904912280703,0.7719298245614035,frequent,inconsistent,True,low_leverage
0xbee1707d6b44d4d52bfe19e41f8a828645437aab,2025-04-07,-9593.258137,Extreme Fear,23.0,0.05181347150259067,1632.7632383419689,386,0.6495726495726496,0.11623546443456542,630246.61,-24.853000354922283,0.8860103626943006,frequent,inconsistent,False,low_leverage
0xbee1707d6b44d4d52bfe19e41f8a828645437aab,2025-04-08,11735.32104,Extreme Fear,24.0,0.7485029940119761,1521.912754491018,167,0.336,55.7597608114809,254159.43,70.2713834730539,0.8682634730538922,frequent,inconsistent,True,medium_leverage
0xbee1707d6b44d4d52bfe19e41f8a828645437aab,2025-04-09,2503.69251,Extreme Fear,18.0,0.6268656716417911,1143.0998507462687,134,0.2523364485981308,28.107675181687757,153175.38,18.684272462686565,0.9776119402985075,frequent,inconsistent,True,medium_leverage
0xbee1707d6b44d4d52bfe19e41f8a828645437aab,2025-04-10,35.58096,Fear,39.0,0.5384615384615384,962.6380769230769,52,1.3636363636363635,35.146269927452394,50057.18,0.6842492307692307,0.9615384615384616,frequent,inconsistent,True,medium_leverage
0xbee1707d6b44d4d52bfe19e41f8a828645437aab,2025-04-11,857.60294,Fear,25.0,0.23577235772357724,1340.7579674796746,123,1.7333333333333334,149.703792782893,164913.22999999998,6.97238162601626,0.959349593495935,frequent,inconsistent,True,medium_leverage
0xbee1707d6b44d4d52bfe19e41f8a828645437aab,2025-04-12,4358.599132,Fear,43.0,0.3745928338762215,1530.1273615635178,307,0.5505050505050505,7.567287871225928,469749.1,14.197391309446255,0.8306188925081434,frequent,inconsistent,True,low_leverage
0xbee1707d6b44d4d52bfe19e41f8a828645437aab,2025-04-13,2319.824156,Neutral,45.0,0.315028901734104,1441.715028901734,346,0.7927461139896373,29.775251861910185,498833.4,6.70469409248555,0.7658959537572254,frequent,inconsistent,True,medium_leverage
0xbee1707d6b44d4d52bfe19e41f8a828645437aab,2025-04-14,6100.692122,Fear,31.0,0.5026315789473684,1437.8765263157893,380,0.9191919191919192,3.976302492587771,546393.08,16.05445295263158,0.9184210526315789,frequent,inconsistent,True,low_leverage
0xbee1707d6b44d4d52bfe19e41f8a828645437aab,2025-04-15,920.056063,Fear,38.0,0.625,2489.536,40,0.6,262.97498322595095,99581.44,23.001401575,0.6,frequent,inconsistent,True,medium_leverage
0xbee1707d6b44d4d52bfe19e41f8a828645437aab,2025-04-16,1958.056487,Fear,29.0,0.2762237762237762,1250.2118181818182,286,0.7875,36.788446968236215,357560.58,6.846351353146853,0.8531468531468531,frequent,inconsistent,True,medium_leverage
0xbee1707d6b44d4d52bfe19e41f8a828645437aab,2025-04-17,3359.966896,Fear,30.0,0.4200680272108844,1417.4413265306123,588,0.6563380281690141,42.81062992100442,833455.5,5.7142294149659865,0.95578231292517,frequent,inconsistent,True,medium_leverage
0xbee1707d6b44d4d52bfe19e41f8a828645437aab,2025-04-18,2945.701617,Fear,33.0,0.5587188612099644,1507.8099822064057,562,1.361344537815126,9.900740047793002,847389.21,5.241461951957295,0.9412811387900356,frequent,inconsistent,True,low_leverage
0xbee1707d6b44d4d52bfe19e41f8a828645437aab,2025-04-19,976.5105639999999,Fear,32.0,0.19773429454170957,1419.0301441812564,971,0.682842287694974,6.523570544872634,1377878.27,1.0056751431513902,0.96086508753862,frequent,inconsistent,True,low_leverage
0xbee1707d6b44d4d52bfe19e41f8a828645437aab,2025-04-20,807.262731,Fear,37.0,0.6507936507936508,1074.8039682539682,63,1.8636363636363635,0.9172628988472794,67712.65,12.813694142857143,0.6825396825396826,frequent,inconsistent,True,low_leverage
0xbee1707d6b44d4d52bfe19e41f8a828645437aab,2025-04-21,711.68096,Fear,39.0,0.5272727272727272,1553.0632727272728,55,1.1153846153846154,7.0763302870778615,85418.48,12.939653818181819,0.9636363636363636,frequent,inconsistent,True,low_leverage
0xbee1707d6b44d4d52bfe19e41f8a828645437aab,2025-04-22,1463.173211,Neutral,47.0,0.48711943793911006,1607.504824355972,427,1.16751269035533,82.04174557676708,686404.56,3.426635154566745,0.8548009367681498,frequent,inconsistent,True,medium_leverage
0xbee1707d6b44d4d52bfe19e41f8a828645437aab,2025-04-23,1700.638677,Greed,72.0,0.3252279635258359,1806.9595136778116,329,1.2380952380952381,12.338685570727307,594489.68,5.169114519756839,0.9088145896656535,frequent,inconsistent,True,low_leverage
0xbee1707d6b44d4d52bfe19e41f8a828645437aab,2025-04-24,-45.94597,Greed,63.0,0.0,3645.04,2,0.0,9.801102484027076,7290.08,-22.972985,1.0,frequent,inconsistent,False,low_leverage
0xbee1707d6b44d4d52bfe19e41f8a828645437aab,2025-04-25,1101.511718,Greed,60.0,0.42207792207792205,1040.8414935064934,154,0.7303370786516854,40.220372266288955,160289.59,7.1526734935064935,0.8766233766233766,frequent,inconsistent,True,medium_leverage
0xbee1707d6b44d4d52bfe19e41f8a828645437aab,2025-04-26,18.390524,Greed,65.0,0.06896551724137931,1771.744827586207,29,0.0,86.08424253147808,51380.600000000006,0.6341559999999999,0.3448275862068966,frequent,inconsistent,True,medium_leverage
0xbee1707d6b44d4d52bfe19e41f8a828645437aab,2025-04-27,1709.194807,Greed,61.0,0.3902439024390244,2153.8593902439025,82,1.5625,0.929631374371507,176616.47,20.8438391097561,0.8292682926829268,frequent,inconsistent,True,low_leverage
0xbee1707d6b44d4d52bfe19e41f8a828645437aab,2025-04-28,4008.588908,Neutral,54.0,0.3930232558139535,1495.5384186046513,430,0.6165413533834586,10.215704374236434,643081.52,9.322299786046512,0.9441860465116279,frequent,inconsistent,True,low_leverage
0xbee1707d6b44d4d52bfe19e41f8a828645437aab,2025-04-29,8561.771838,Greed,60.0,0.44124168514412415,1939.7399889135254,902,0.9191489361702128,27.39892733035071,1749645.47,9.491986516629712,0.8592017738359202,frequent,inconsistent,True,medium_leverage
0xbee1707d6b44d4d52bfe19e41f8a828645437aab,2025-04-30,2520.773814,Greed,56.0,0.52,1748.8053333333332,75,2.0,178.58577977643557,131160.4,33.61031752,0.7066666666666667,frequent,inconsistent,True,medium_leverage
0xbee1707d6b44d4d52bfe19e41f8a828645437aab,2025-05-01,1364.022527,Neutral,53.0,0.3282442748091603,2448.466488549618,131,1.9772727272727273,86.44528067246787,320749.11,10.412385702290077,0.916030534351145,frequent,inconsistent,True,medium_leverage
